Date,Open,High,Low,Close,Volume,split_ratio,dividend,Adj Close
2016-03-01,35.180999755859375,35.94049835205078,34.98849868774414,35.94049835205078,43028000,0.0,0.0,35.94049835205078
2016-03-02,35.95000076293945,36.0,35.599998474121094,35.942501068115234,32580000,0.0,0.0,35.942501068115234
2016-03-03,35.933998107910156,35.97249984741211,35.30099868774414,35.62099838256836,39160000,0.0,0.0,35.62099838256836
2016-03-04,35.7495002746582,35.824501037597656,35.30099868774414,35.544498443603516,39442000,0.0,0.0,35.544498443603516
2016-03-07,35.345001220703125,35.40454864501953,34.345001220703125,34.757999420166016,59702000,0.0,0.0,34.757999420166016
2016-03-08,34.429500579833984,35.18949890136719,34.266998291015625,34.69850158691406,41526000,0.0,0.0,34.69850158691406
2016-03-09,34.923500061035156,35.284000396728516,34.70000076293945,35.262001037597656,28430000,0.0,0.0,35.262001037597656
2016-03-10,35.40599822998047,35.821998596191406,35.167999267578125,35.64099884033203,56670000,0.0,0.0,35.64099884033203
2016-03-11,36.0,36.34600067138672,35.85625076293945,36.340999603271484,39416000,0.0,0.0,36.340999603271484
2016-03-14,36.34049987792969,36.775001525878906,36.25749969482422,36.52450180053711,34366000,0.0,0.0,36.52450180053711
2016-03-15,36.34600067138672,36.614498138427734,36.23849868774414,36.416500091552734,34420000,0.0,0.0,36.416500091552734
2016-03-16,36.31850051879883,36.87350082397461,36.22549819946289,36.804500579833984,32488000,0.0,0.0,36.804500579833984
2016-03-17,36.8224983215332,37.153499603271484,36.79999923706055,36.888999938964844,37216000,0.0,0.0,36.888999938964844
2016-03-18,37.09299850463867,37.099998474121094,36.59149932861328,36.880001068115234,59614000,0.0,0.0,36.880001068115234
2016-03-21,36.82500076293945,37.125,36.67580032348633,37.10449981689453,36730000,0.0,0.0,37.10449981689453
2016-03-22,36.87300109863281,37.25,36.87300109863281,37.037498474121094,25394000,0.0,0.0,37.037498474121094
2016-03-23,37.11800003051758,37.2859992980957,36.807498931884766,36.90299987792969,28642000,0.0,0.0,36.90299987792969
2016-03-24,36.60049819946289,36.88734817504883,36.54999923706055,36.76499938964844,31898000,0.0,0.0,36.76499938964844
2016-03-28,36.839500427246094,36.949501037597656,36.625,36.67649841308594,26026000,0.0,0.0,36.67649841308594
2016-03-29,36.72949981689453,37.36249923706055,36.4379997253418,37.23849868774414,38076000,0.0,0.0,37.23849868774414
2016-03-30,37.505001068115234,37.89400100708008,37.4370002746582,37.5265007019043,35648000,0.0,0.0,37.5265007019043
2016-03-31,37.462501525878906,37.54249954223633,37.047000885009766,37.247501373291016,34376000,0.0,0.0,37.247501373291016
2016-04-01,36.93000030517578,37.516998291015625,36.849998474121094,37.49549865722656,31534000,0.0,0.0,37.49549865722656
2016-04-04,37.50299835205078,37.63999938964844,37.121498107910156,37.26449966430664,22684000,0.0,0.0,37.26449966430664
2016-04-05,36.900001525878906,37.13999938964844,36.76850128173828,36.88999938964844,22646000,0.0,0.0,36.88999938964844
2016-04-06,36.78850173950195,37.3120002746582,36.77799987792969,37.28450012207031,21074000,0.0,0.0,37.28450012207031
2016-04-07,37.26850128173828,37.349998474121094,36.81399917602539,37.013999938964844,29064000,0.0,0.0,37.013999938964844
2016-04-08,37.19850158691406,37.272499084472656,36.77750015258789,36.95750045776367,25816000,0.0,0.0,36.95750045776367
2016-04-11,37.1510009765625,37.25,36.8025016784668,36.80500030517578,24402000,0.0,0.0,36.80500030517578
2016-04-12,36.900001525878906,37.19150161743164,36.550498962402344,37.15449905395508,27060000,0.0,0.0,37.15449905395508
2016-04-13,37.45800018310547,37.71900177001953,37.213050842285156,37.58599853515625,34142000,0.0,0.0,37.58599853515625
2016-04-14,37.70050048828125,37.865501403808594,37.635250091552734,37.65999984741211,22706000,0.0,0.0,37.65999984741211
2016-04-15,37.69900131225586,38.04999923706055,37.634700775146484,37.95000076293945,36186000,0.0,0.0,37.95000076293945
2016-04-18,38.02299880981445,38.40250015258789,37.8650016784668,38.330501556396484,31176000,0.0,0.0,38.330501556396484
2016-04-19,38.47549819946289,38.494998931884766,37.46649932861328,37.69649887084961,40610000,0.0,0.0,37.69649887084961
2016-04-20,37.900001525878906,37.90660095214844,37.5004997253418,37.63349914550781,30584000,0.0,0.0,37.63349914550781
2016-04-21,37.76900100708008,38.022499084472656,37.477500915527344,37.957000732421875,61210000,0.0,0.0,37.957000732421875
2016-04-22,36.314998626708984,36.805999755859375,35.68050003051758,35.938499450683594,119038000,0.0,0.0,35.938499450683594
2016-04-25,35.80500030517578,36.19649887084961,35.77949905395508,36.157501220703125,39184000,0.0,0.0,36.157501220703125
2016-04-26,36.270999908447266,36.288299560546875,35.15129852294922,35.40700149536133,54892000,0.0,0.0,35.40700149536133
2016-04-27,35.364498138427734,35.44900131225586,34.61825180053711,35.29199981689453,61972000,0.0,0.0,35.29199981689453
2016-04-28,35.41299819946289,35.708499908447266,34.477500915527344,34.55099868774414,57346000,0.0,0.0,34.55099868774414
2016-04-29,34.53499984741211,34.88100051879883,34.45000076293945,34.6505012512207,49754000,0.0,0.0,34.6505012512207
2016-05-02,34.881500244140625,35.03200149536133,34.54999923706055,34.910499572753906,32906000,0.0,0.0,34.910499572753906
2016-05-03,34.84349822998047,34.891998291015625,34.599998474121094,34.61800003051758,30876000,0.0,0.0,34.61800003051758
2016-05-04,34.52450180053711,34.98749923706055,34.45050048828125,34.78499984741211,33870000,0.0,0.0,34.78499984741211
2016-05-05,34.8849983215332,35.11600112915039,34.7859992980957,35.07149887084961,33670000,0.0,0.0,35.07149887084961
2016-05-06,34.91899871826172,35.59299850463867,34.90534973144531,35.555999755859375,36586000,0.0,0.0,35.555999755859375
2016-05-09,35.599998474121094,35.93550109863281,35.5,35.64500045776367,30206000,0.0,0.0,35.64500045776367
2016-05-10,35.837501525878906,36.17499923706055,35.7859992980957,36.159000396728516,31392000,0.0,0.0,36.159000396728516
2016-05-11,36.170501708984375,36.2239990234375,35.63999938964844,35.76449966430664,33842000,0.0,0.0,35.76449966430664
2016-05-12,35.85300064086914,35.962501525878906,35.45000076293945,35.66550064086914,27214000,0.0,0.0,35.66550064086914
2016-05-13,35.596500396728516,35.833099365234375,35.4630012512207,35.541500091552734,26290000,0.0,0.0,35.541500091552734
2016-05-16,35.45650100708008,35.92399978637695,35.282501220703125,35.824501037597656,26342000,0.0,0.0,35.824501037597656
2016-05-17,35.79949951171875,36.07600021362305,35.205501556396484,35.311500549316406,40024000,0.0,0.0,35.311500549316406
2016-05-18,35.18349838256836,35.58000183105469,35.03150177001953,35.33150100708008,35336000,0.0,0.0,35.33150100708008
2016-05-19,35.11800003051758,35.29999923706055,34.84000015258789,35.01599884033203,33404000,0.0,0.0,35.01599884033203
2016-05-20,35.08100128173828,35.729000091552734,35.0260009765625,35.48699951171875,36568000,0.0,0.0,35.48699951171875
2016-05-23,35.326499938964844,35.57389831542969,35.20899963378906,35.21200180053711,26614000,0.0,0.0,35.21200180053711
2016-05-24,35.34299850463867,36.048500061035156,35.34299850463867,36.00450134277344,38590000,0.0,0.0,36.00450134277344
2016-05-25,36.03799819946289,36.3754997253418,35.98524856567383,36.26350021362305,32584000,0.0,0.0,36.26350021362305
2016-05-26,36.14350128173828,36.416500091552734,36.013999938964844,36.20600128173828,31526000,0.0,0.0,36.20600128173828
2016-05-27,36.20050048828125,36.696800231933594,36.20000076293945,36.632999420166016,39500000,0.0,0.0,36.632999420166016
2016-05-31,36.58700180053711,36.98649978637695,36.5629997253418,36.7859992980957,42590000,0.0,0.0,36.7859992980957
2016-06-01,36.72650146484375,36.86050033569336,36.53300094604492,36.70750045776367,25072000,0.0,0.0,36.70750045776367
2016-06-02,36.625,36.6510009765625,36.208499908447266,36.52000045776367,26836000,0.0,0.0,36.52000045776367
2016-06-03,36.4635009765625,36.4744987487793,36.02799987792969,36.117000579833984,24526000,0.0,0.0,36.117000579833984
2016-06-06,36.24549865722656,36.24549865722656,35.730499267578125,35.82749938964844,31306000,0.0,0.0,35.82749938964844
2016-06-07,35.992000579833984,36.0989990234375,35.82749938964844,35.83250045776367,26724000,0.0,0.0,35.83250045776367
2016-06-08,36.198001861572266,36.42850112915039,36.02899932861328,36.41400146484375,31674000,0.0,0.0,36.41400146484375
2016-06-09,36.14350128173828,36.47700119018555,36.116798400878906,36.42900085449219,19778000,0.0,0.0,36.42900085449219
2016-06-10,35.9734992980957,36.294498443603516,35.82149887084961,35.97050094604492,24328000,0.0,0.0,35.97050094604492
2016-06-13,35.82550048828125,36.27199935913086,35.82550048828125,35.917999267578125,25178000,0.0,0.0,35.917999267578125
2016-06-14,35.82400131225586,36.12350082397461,35.65599822998047,35.91350173950195,26122000,0.0,0.0,35.91350173950195
2016-06-15,35.95000076293945,36.14899826049805,35.865501403808594,35.94599914550781,24290000,0.0,0.0,35.94599914550781
2016-06-16,35.74549865722656,35.83250045776367,35.16299819946289,35.518001556396484,39650000,0.0,0.0,35.518001556396484
2016-06-17,35.432498931884766,35.441001892089844,34.42259979248047,34.58599853515625,68048000,0.0,0.0,34.58599853515625
2016-06-20,34.938499450683594,35.124000549316406,34.670501708984375,34.68550109863281,41650000,0.0,0.0,34.68550109863281
2016-06-21,34.91999816894531,35.13850021362305,34.60049819946289,34.797000885009766,29312000,0.0,0.0,34.797000885009766
2016-06-22,34.952999114990234,35.042999267578125,34.65409851074219,34.87300109863281,23686000,0.0,0.0,34.87300109863281
2016-06-23,34.872501373291016,35.09749984741211,34.349998474121094,35.09349822998047,43428000,0.0,0.0,35.09349822998047
2016-06-24,33.75849914550781,34.470001220703125,33.67250061035156,33.76100158691406,88980000,0.0,0.0,33.76100158691406
2016-06-27,33.54999923706055,33.6150016784668,33.16419982910156,33.41299819946289,52580000,0.0,0.0,33.41299819946289
2016-06-28,33.94850158691406,34.01649856567383,33.650001525878906,34.00199890136719,43476000,0.0,0.0,34.00199890136719
2016-06-29,34.150001525878906,34.3714485168457,34.070499420166016,34.205501556396484,38652000,0.0,0.0,34.205501556396484
2016-06-30,34.27349853515625,34.61600112915039,34.182498931884766,34.60499954223633,31954000,0.0,0.0,34.60499954223633
2016-07-01,34.61000061035156,35.032501220703125,34.60649871826172,34.96049880981445,26894000,0.0,0.0,34.96049880981445
2016-07-05,34.803001403808594,34.84700012207031,34.444000244140625,34.747501373291016,29252000,0.0,0.0,34.747501373291016
2016-07-06,34.499000549316406,35.08399963378906,34.454498291015625,34.88850021362305,28238000,0.0,0.0,34.88850021362305
2016-07-07,34.90399932861328,34.90999984741211,34.41075134277344,34.768001556396484,26084000,0.0,0.0,34.768001556396484
2016-07-08,34.974998474121094,35.285499572753906,34.82175064086914,35.28150177001953,31504000,0.0,0.0,35.28150177001953
2016-07-11,35.40250015258789,35.82550048828125,35.36199951171875,35.75450134277344,22236000,0.0,0.0,35.75450134277344
2016-07-12,35.95600128173828,36.14699935913086,35.795501708984375,36.03200149536133,26738000,0.0,0.0,36.03200149536133
2016-07-13,36.180999755859375,36.20000076293945,35.842498779296875,35.8489990234375,18718000,0.0,0.0,35.8489990234375
2016-07-14,36.07899856567383,36.11050033569336,35.9015007019043,36.04750061035156,19004000,0.0,0.0,36.04750061035156
2016-07-15,36.2864990234375,36.2869987487793,35.95275115966797,35.99250030517578,25586000,0.0,0.0,35.99250030517578
2016-07-18,36.135501861572266,36.80649948120117,36.05950164794922,36.68899917602539,25910000,0.0,0.0,36.68899917602539
2016-07-19,36.49449920654297,36.8494987487793,36.45000076293945,36.847999572753906,24550000,0.0,0.0,36.847999572753906
2016-07-20,36.86650085449219,37.10649871826172,36.85499954223633,37.05950164794922,25794000,0.0,0.0,37.05950164794922
2016-07-21,37.018001556396484,37.08449935913086,36.79154968261719,36.93149948120117,20526000,0.0,0.0,36.93149948120117
2016-07-22,37.09299850463867,37.1619987487793,36.827999114990234,37.137001037597656,25196000,0.0,0.0,37.137001037597656
2016-07-25,37.03350067138672,37.13050079345703,36.875,36.98849868774414,20648000,0.0,0.0,36.98849868774414
2016-07-26,36.95199966430664,37.08449935913086,36.7135009765625,36.92100143432617,23734000,0.0,0.0,36.92100143432617
2016-07-27,36.91400146484375,37.222999572753906,36.849998474121094,37.0885009765625,30250000,0.0,0.0,37.0885009765625
2016-07-28,37.35200119018555,37.432498931884766,36.96500015258789,37.295501708984375,70604000,0.0,0.0,37.295501708984375
2016-07-29,38.635501861572266,38.9275016784668,38.3385009765625,38.43949890136719,76830000,0.0,0.0,38.43949890136719
2016-08-01,38.054500579833984,39.02149963378906,38.054500579833984,38.64400100708008,54010000,0.0,0.0,38.64400100708008
2016-08-02,38.43450164794922,38.79199981689453,38.39250183105469,38.55350112915039,35690000,0.0,0.0,38.55350112915039
2016-08-03,38.35900115966797,38.660499572753906,38.340999603271484,38.659000396728516,25748000,0.0,0.0,38.659000396728516
2016-08-04,38.611000061035156,38.70349884033203,38.43975067138672,38.580501556396484,22806000,0.0,0.0,38.580501556396484
2016-08-05,38.68899917602539,39.152000427246094,38.617000579833984,39.111000061035156,36024000,0.0,0.0,39.111000061035156
2016-08-08,39.099998474121094,39.131500244140625,38.90454864501953,39.0880012512207,22158000,0.0,0.0,39.0880012512207
2016-08-09,39.05500030517578,39.446998596191406,39.028499603271484,39.2130012512207,26378000,0.0,0.0,39.2130012512207
2016-08-10,39.1875,39.340599060058594,39.13890075683594,39.23400115966797,15728000,0.0,0.0,39.23400115966797
2016-08-11,39.25,39.48749923706055,39.14849853515625,39.24250030517578,19502000,0.0,0.0,39.24250030517578
2016-08-12,39.07500076293945,39.16975021362305,39.02000045776367,39.1609992980957,14810000,0.0,0.0,39.1609992980957
2016-08-15,39.1875,39.3745002746582,39.00550079345703,39.12200164794922,18764000,0.0,0.0,39.12200164794922
2016-08-16,39.01499938964844,39.04899978637695,38.67219924926758,38.856998443603516,20560000,0.0,0.0,38.856998443603516
2016-08-17,38.86600112915039,39.04050064086914,38.67649841308594,38.99549865722656,18484000,0.0,0.0,38.99549865722656
2016-08-18,39.0004997253418,39.143001556396484,38.849998474121094,38.875,14388000,0.0,0.0,38.875
2016-08-19,38.75,38.85499954223633,38.65650177001953,38.770999908447266,17230000,0.0,0.0,38.770999908447266
2016-08-22,38.66350173950195,38.72700119018555,38.502498626708984,38.60749816894531,19028000,0.0,0.0,38.60749816894531
2016-08-23,38.77399826049805,38.821998596191406,38.58924865722656,38.604000091552734,18564000,0.0,0.0,38.604000091552734
2016-08-24,38.52899932861328,38.724998474121094,38.35350036621094,38.481998443603516,21440000,0.0,0.0,38.481998443603516
2016-08-25,38.349998474121094,38.59450149536133,38.15924835205078,38.47050094604492,18538000,0.0,0.0,38.47050094604492
2016-08-26,38.45000076293945,38.80400085449219,38.29249954223633,38.47700119018555,23334000,0.0,0.0,38.47700119018555
2016-08-29,38.4370002746582,38.7495002746582,38.33074951171875,38.60749816894531,16952000,0.0,0.0,38.60749816894531
2016-08-30,38.46649932861328,38.72330093383789,38.34199905395508,38.454498291015625,22600000,0.0,0.0,38.454498291015625
2016-08-31,38.35049819946289,38.454498291015625,38.26900100708008,38.352500915527344,24972000,0.0,0.0,38.352500915527344
2016-09-01,38.462501525878906,38.55099868774414,38.21500015258789,38.43899917602539,18502000,0.0,0.0,38.43899917602539
2016-09-02,38.6505012512207,38.69599914550781,38.420501708984375,38.573001861572266,21454000,0.0,0.0,38.573001861572266
2016-09-06,38.67250061035156,39.099998474121094,38.54999923706055,39.00400161743164,28856000,0.0,0.0,39.00400161743164
2016-09-07,39.0,39.13650131225586,38.810001373291016,39.01750183105469,17874000,0.0,0.0,39.01750183105469
2016-09-08,38.929500579833984,39.01750183105469,38.67900085449219,38.76599884033203,25406000,0.0,0.0,38.76599884033203
2016-09-09,38.505001068115234,38.66225051879883,37.983001708984375,37.983001708984375,37710000,0.0,0.0,37.983001708984375
2016-09-12,37.756500244140625,38.51449966430664,37.70000076293945,38.45100021362305,26220000,0.0,0.0,38.45100021362305
2016-09-13,38.2239990234375,38.31100082397461,37.790000915527344,37.984500885009766,27900000,0.0,0.0,37.984500885009766
2016-09-14,37.980499267578125,38.38399887084961,37.955501556396484,38.1245002746582,21748000,0.0,0.0,38.1245002746582
2016-09-15,38.144500732421875,38.689998626708984,37.99800109863281,38.5880012512207,26102000,0.0,0.0,38.5880012512207
2016-09-16,38.48749923706055,38.48749923706055,38.233001708984375,38.444000244140625,40986000,0.0,0.0,38.444000244140625
2016-09-19,38.62099838256836,38.70000076293945,38.222049713134766,38.28499984741211,23456000,0.0,0.0,38.28499984741211
2016-09-20,38.45000076293945,38.666500091552734,38.42649841308594,38.570499420166016,19572000,0.0,0.0,38.570499420166016
2016-09-21,38.632999420166016,38.858001708984375,38.4150505065918,38.81100082397461,23356000,0.0,0.0,38.81100082397461
2016-09-22,39.0,39.49250030517578,38.922000885009766,39.36050033569336,29724000,0.0,0.0,39.36050033569336
2016-09-23,39.329498291015625,39.44649887084961,39.20750045776367,39.345001220703125,28238000,0.0,0.0,39.345001220703125
2016-09-26,39.137001037597656,39.137001037597656,38.653499603271484,38.71049880981445,30664000,0.0,0.0,38.71049880981445
2016-09-27,38.775001525878906,39.29949951171875,38.71540069580078,39.1505012512207,23064000,0.0,0.0,39.1505012512207
2016-09-28,38.89250183105469,39.09049987792969,38.74850082397461,39.077999114990234,22196000,0.0,0.0,39.077999114990234
2016-09-29,39.071998596191406,39.290000915527344,38.71160125732422,38.7504997253418,26294000,0.0,0.0,38.7504997253418
2016-09-30,38.81650161743164,39.047000885009766,38.704498291015625,38.864498138427734,31706000,0.0,0.0,38.864498138427734
2016-10-03,38.712501525878906,38.80324935913086,38.474998474121094,38.62799835205078,25576000,0.0,0.0,38.62799835205078
2016-10-04,38.80149841308594,38.93550109863281,38.644500732421875,38.82149887084961,24028000,0.0,0.0,38.82149887084961
2016-10-05,38.96549987792969,39.10350036621094,38.782501220703125,38.82350158691406,29224000,0.0,0.0,38.82350158691406
2016-10-06,38.95000076293945,39.02399826049805,38.777000427246094,38.84299850463867,21414000,0.0,0.0,38.84299850463867
2016-10-07,38.983001708984375,38.983001708984375,38.537498474121094,38.75400161743164,18664000,0.0,0.0,38.75400161743164
2016-10-10,38.885501861572266,39.46900177001953,38.79349899291992,39.297000885009766,23498000,0.0,0.0,39.297000885009766
2016-10-11,39.33300018310547,39.61399841308594,39.02899932861328,39.153499603271484,27450000,0.0,0.0,39.153499603271484
2016-10-12,39.1879997253418,39.40650177001953,39.10300064086914,39.30699920654297,18748000,0.0,0.0,39.30699920654297
2016-10-13,39.06100082397461,39.06100082397461,38.650001525878906,38.90950012207031,27306000,0.0,0.0,38.90950012207031
2016-10-14,39.08250045776367,39.1974983215332,38.79999923706055,38.92649841308594,17050000,0.0,0.0,38.92649841308594
2016-10-17,38.9900016784668,39.29249954223633,38.875,38.99800109863281,21860000,0.0,0.0,38.99800109863281
2016-10-18,39.39250183105469,40.080501556396484,39.27825164794922,39.76300048828125,41138000,0.0,0.0,39.76300048828125
2016-10-19,39.9119987487793,40.22999954223633,39.9015007019043,40.07500076293945,35336000,0.0,0.0,40.07500076293945
2016-10-20,40.165000915527344,40.19850158691406,39.80149841308594,39.8484992980957,35150000,0.0,0.0,39.8484992980957
2016-10-21,39.75,39.974998474121094,39.70000076293945,39.96849822998047,25324000,0.0,0.0,39.96849822998047
2016-10-24,40.244998931884766,40.75899887084961,40.24100112915039,40.65549850463867,33950000,0.0,0.0,40.65549850463867
2016-10-25,40.83399963378906,40.83399963378906,40.25699996948242,40.38349914550781,31528000,0.0,0.0,40.38349914550781
2016-10-26,40.31700134277344,40.3489990234375,39.816001892089844,39.95349884033203,32954000,0.0,0.0,39.95349884033203
2016-10-27,40.04999923706055,40.17449951171875,39.57500076293945,39.76750183105469,54984000,0.0,0.0,39.76750183105469
2016-10-28,40.41749954223633,40.77450180053711,39.679500579833984,39.76850128173828,85398000,0.0,0.0,39.76850128173828
2016-10-31,39.77349853515625,39.84299850463867,39.20000076293945,39.22700119018555,48546000,0.0,0.0,39.22700119018555
2016-11-01,39.144500732421875,39.4744987487793,38.777000427246094,39.18050003051758,48128000,0.0,0.0,39.18050003051758
2016-11-02,38.90999984741211,39.08250045776367,38.17250061035156,38.435001373291016,37448000,0.0,0.0,38.435001373291016
2016-11-03,38.36249923706055,38.497501373291016,37.951499938964844,38.10649871826172,38864000,0.0,0.0,38.10649871826172
2016-11-04,37.53300094604492,38.518001556396484,37.52804946899414,38.10100173950195,42696000,0.0,0.0,38.10100173950195
2016-11-07,38.724998474121094,39.259498596191406,38.627498626708984,39.125999450683594,31702000,0.0,0.0,39.125999450683594
2016-11-08,39.16999816894531,39.78165054321289,39.009498596191406,39.5255012512207,27338000,0.0,0.0,39.5255012512207
2016-11-09,38.99700164794922,39.56135177612305,38.583499908447266,39.265499114990234,52142000,0.0,0.0,39.265499114990234
2016-11-10,39.55849838256836,39.55849838256836,37.60900115966797,38.12799835205078,94904000,0.0,0.0,38.12799835205078
2016-11-11,37.82699966430664,38.03900146484375,37.51900100708008,37.70100021362305,48636000,0.0,0.0,37.70100021362305
2016-11-14,37.779998779296875,37.89250183105469,36.37699890136719,36.80400085449219,73088000,0.0,0.0,36.80400085449219
2016-11-15,37.3484992980957,38.22079849243164,37.3484992980957,37.92449951171875,47680000,0.0,0.0,37.92449951171875
2016-11-16,37.7599983215332,38.31800079345703,37.5255012512207,38.2239990234375,29452000,0.0,0.0,38.2239990234375
2016-11-17,38.34600067138672,38.6349983215332,38.21149826049805,38.561500549316406,26080000,0.0,0.0,38.561500549316406
2016-11-18,38.56850051879883,38.75,38.0,38.027000427246094,30942000,0.0,0.0,38.027000427246094
2016-11-21,38.13050079345703,38.48500061035156,38.029998779296875,38.459999084472656,26612000,0.0,0.0,38.459999084472656
2016-11-22,38.631500244140625,38.847999572753906,38.349998474121094,38.41350173950195,31862000,0.0,0.0,38.41350173950195
2016-11-23,38.38650131225586,38.41415023803711,37.76250076293945,38.04949951171875,29568000,0.0,0.0,38.04949951171875
2016-11-25,38.2130012512207,38.25,38.0260009765625,38.08399963378906,11748000,0.0,0.0,38.08399963378906
2016-11-28,38.0,38.97650146484375,37.9900016784668,38.4119987487793,43764000,0.0,0.0,38.4119987487793
2016-11-29,38.576499938964844,38.92499923706055,38.4119987487793,38.54199981689453,32332000,0.0,0.0,38.54199981689453
2016-11-30,38.503501892089844,38.64950180053711,37.74150085449219,37.902000427246094,47858000,0.0,0.0,37.902000427246094
2016-12-01,37.87200164794922,37.99250030517578,36.85124969482422,37.395999908447266,60358000,0.0,0.0,37.395999908447266
2016-12-02,37.22949981689453,37.70000076293945,37.154998779296875,37.525001525878906,29050000,0.0,0.0,37.525001525878906
2016-12-05,37.885501861572266,38.19499969482422,37.64500045776367,38.125999450683594,27884000,0.0,0.0,38.125999450683594
2016-12-06,38.23649978637695,38.44150161743164,37.867000579833984,37.955501556396484,33814000,0.0,0.0,37.955501556396484
2016-12-07,38.04999923706055,38.56800079345703,37.790000915527344,38.55950164794922,35220000,0.0,0.0,38.55950164794922
2016-12-08,38.624000549316406,38.909000396728516,38.36149978637695,38.82099914550781,29762000,0.0,0.0,38.82099914550781
2016-12-09,39.0,39.471500396728516,38.9510498046875,39.464500427246094,36438000,0.0,0.0,39.464500427246094
2016-12-12,39.25199890136719,39.5625,39.217750549316406,39.4635009765625,42082000,0.0,0.0,39.4635009765625
2016-12-13,39.69499969482422,40.21900177001953,39.66699981689453,39.80500030517578,42904000,0.0,0.0,39.80500030517578
2016-12-14,39.869998931884766,40.20000076293945,39.70050048828125,39.85350036621094,34084000,0.0,0.0,39.85350036621094
2016-12-15,39.867000579833984,40.150001525878906,39.645999908447266,39.89250183105469,32530000,0.0,0.0,39.89250183105469
2016-12-16,40.02000045776367,40.04280090332031,39.51449966430664,39.540000915527344,48876000,0.0,0.0,39.540000915527344
2016-12-19,39.51100158691406,39.882999420166016,39.313499450683594,39.709999084472656,24642000,0.0,0.0,39.709999084472656
2016-12-20,39.8380012512207,39.932498931884766,39.66350173950195,39.82099914550781,19020000,0.0,0.0,39.82099914550781
2016-12-21,39.79199981689453,39.83380126953125,39.35499954223633,39.72800064086914,24226000,0.0,0.0,39.72800064086914
2016-12-22,39.61800003051758,39.66600036621094,39.42900085449219,39.5629997253418,19444000,0.0,0.0,39.5629997253418
2016-12-23,39.54499816894531,39.637001037597656,39.36399841308594,39.49549865722656,12468000,0.0,0.0,39.49549865722656
2016-12-27,39.534000396728516,39.893001556396484,39.382850646972656,39.57749938964844,15782000,0.0,0.0,39.57749938964844
2016-12-28,39.685001373291016,39.71149826049805,39.15999984741211,39.252498626708984,23076000,0.0,0.0,39.252498626708984
2016-12-29,39.166500091552734,39.29650115966797,38.94599914550781,39.13949966430664,14886000,0.0,0.0,39.13949966430664
2016-12-30,39.13750076293945,39.138999938964844,38.52050018310547,38.590999603271484,35400000,0.0,0.0,38.590999603271484
2017-01-03,38.94049835205078,39.48149871826172,38.790000915527344,39.30699920654297,33146000,0.0,0.0,39.30699920654297
2017-01-04,39.417999267578125,39.56700134277344,39.15800094604492,39.345001220703125,21460000,0.0,0.0,39.345001220703125
2017-01-05,39.30400085449219,39.7239990234375,39.250999450683594,39.70100021362305,26704000,0.0,0.0,39.70100021362305
2017-01-06,39.76300048828125,40.39500045776367,39.610198974609375,40.307498931884766,32804000,0.0,0.0,40.307498931884766
2017-01-09,40.31999969482422,40.49829864501953,40.14149856567383,40.33250045776367,25492000,0.0,0.0,40.33250045776367
2017-01-10,40.393001556396484,40.45650100708008,40.175498962402344,40.239498138427734,23536000,0.0,0.0,40.239498138427734
2017-01-11,40.25,40.407501220703125,40.06850051879883,40.39550018310547,21318000,0.0,0.0,40.39550018310547
2017-01-12,40.356998443603516,40.36949920654297,39.958499908447266,40.31800079345703,27062000,0.0,0.0,40.31800079345703
2017-01-13,40.374000549316406,40.56119918823242,40.33449935913086,40.39400100708008,21984000,0.0,0.0,40.39400100708008
2017-01-17,40.354000091552734,40.356998443603516,40.01850128173828,40.230499267578125,27242000,0.0,0.0,40.230499267578125
2017-01-18,40.29050064086914,40.31024932861328,40.04949951171875,40.30350112915039,25888000,0.0,0.0,40.30350112915039
2017-01-19,40.25600051879883,40.4739990234375,40.09000015258789,40.10874938964844,18386000,0.0,0.0,40.10874938964844
2017-01-20,40.34550094604492,40.34550094604492,40.08449935913086,40.250999450683594,33400000,0.0,0.0,40.250999450683594
2017-01-23,40.36249923706055,41.04349899291992,40.1870002746582,40.96549987792969,39272000,0.0,0.0,40.96549987792969
2017-01-24,41.1150016784668,41.29499816894531,40.891048431396484,41.19350051879883,29480000,0.0,0.0,41.19350051879883
2017-01-25,41.48099899291992,41.78850173950195,41.25299835205078,41.78350067138672,29890000,0.0,0.0,41.78350067138672
2017-01-26,41.890499114990234,41.900001525878906,41.35049819946289,41.60749816894531,59478000,0.0,0.0,41.60749816894531
2017-01-27,41.73550033569336,42.09749984741211,41.02199935913086,41.16550064086914,59316000,0.0,0.0,41.16550064086914
2017-01-30,40.733001708984375,40.79199981689453,39.9900016784668,40.11600112915039,64932000,0.0,0.0,40.11600112915039
2017-01-31,39.84299850463867,40.0625,39.5260009765625,39.839500427246094,43212000,0.0,0.0,39.839500427246094
2017-02-01,39.98400115966797,40.05950164794922,39.55950164794922,39.784751892089844,40594000,0.0,0.0,39.784751892089844
2017-02-02,39.689998626708984,40.1349983215332,39.599998474121094,39.92649841308594,30642000,0.0,0.0,39.92649841308594
2017-02-03,40.14950180053711,40.29999923706055,40.01850128173828,40.074501037597656,29268000,0.0,0.0,40.074501037597656
2017-02-06,39.98500061035156,40.083499908447266,39.76250076293945,40.06700134277344,23690000,0.0,0.0,40.06700134277344
2017-02-07,40.199501037597656,40.525001525878906,40.0890007019043,40.3484992980957,24824000,0.0,0.0,40.3484992980957
2017-02-08,40.349998474121094,40.59199905395508,40.15950012207031,40.41899871826172,23106000,0.0,0.0,40.41899871826172
2017-02-09,40.47549819946289,40.53300094604492,40.22700119018555,40.47800064086914,19794000,0.0,0.0,40.47800064086914
2017-02-10,40.584999084472656,40.76250076293945,40.48899841308594,40.68349838256836,22700000,0.0,0.0,40.68349838256836
2017-02-13,40.79999923706055,41.047950744628906,40.77450180053711,40.96200180053711,24266000,0.0,0.0,40.96200180053711
2017-02-14,40.95000076293945,41.150001525878906,40.79999923706055,41.022499084472656,21094000,0.0,0.0,41.022499084472656
2017-02-15,40.96799850463867,41.150001525878906,40.923500061035156,40.94900131225586,26272000,0.0,0.0,40.94900131225586
2017-02-16,40.996498107910156,41.220001220703125,40.94900131225586,41.20800018310547,25752000,0.0,0.0,41.20800018310547
2017-02-17,41.1510009765625,41.403499603271484,41.08274841308594,41.403499603271484,32220000,0.0,0.0,41.403499603271484
2017-02-21,41.43299865722656,41.67250061035156,41.41749954223633,41.58300018310547,25246000,0.0,0.0,41.58300018310547
2017-02-22,41.43299865722656,41.662498474121094,41.43199920654297,41.53799819946289,19658000,0.0,0.0,41.53799819946289
2017-02-23,41.50600051879883,41.62300109863281,41.14400100708008,41.56650161743164,29456000,0.0,0.0,41.56650161743164
2017-02-24,41.38650131225586,41.45000076293945,41.209999084472656,41.43199920654297,27844000,0.0,0.0,41.43199920654297
2017-02-27,41.227500915527344,41.525001525878906,41.20000076293945,41.4640007019043,22030000,0.0,0.0,41.4640007019043
2017-02-28,41.28049850463867,41.426998138427734,41.0099983215332,41.160499572753906,45216000,0.0,0.0,41.160499572753906
2017-03-01,41.442501068115234,41.81275177001953,41.362998962402344,41.762001037597656,29930000,0.0,0.0,41.762001037597656
2017-03-02,41.692501068115234,41.72549819946289,41.481998443603516,41.53150177001953,18850000,0.0,0.0,41.53150177001953
2017-03-03,41.52799987792969,41.56800079345703,41.28755187988281,41.45399856567383,17928000,0.0,0.0,41.45399856567383
2017-03-06,41.34749984741211,41.444000244140625,41.119998931884766,41.388999938964844,22180000,0.0,0.0,41.388999938964844
2017-03-07,41.369998931884766,41.670501708984375,41.32600021362305,41.59550094604492,20752000,0.0,0.0,41.59550094604492
2017-03-08,41.675498962402344,41.907501220703125,41.589500427246094,41.76850128173828,19796000,0.0,0.0,41.76850128173828
2017-03-09,41.79999923706055,42.099998474121094,41.71049880981445,41.933998107910156,25230000,0.0,0.0,41.933998107910156
2017-03-10,42.16400146484375,42.24549865722656,41.974998474121094,42.162498474121094,34080000,0.0,0.0,42.162498474121094
2017-03-13,42.20000076293945,42.43424987792969,42.162498474121094,42.277000427246094,24472000,0.0,0.0,42.277000427246094
2017-03-14,42.18199920654297,42.36199951171875,42.040000915527344,42.28099822998047,15598000,0.0,0.0,42.28099822998047
2017-03-15,42.37950134277344,42.43149948120117,42.03850173950195,42.36000061035156,27630000,0.0,0.0,42.36000061035156
2017-03-16,42.451499938964844,42.54249954223633,42.30649948120117,42.43899917602539,19552000,0.0,0.0,42.43899917602539
2017-03-17,42.580501556396484,42.66999816894531,42.355499267578125,42.60599899291992,34246000,0.0,0.0,42.60599899291992
2017-03-20,42.5004997253418,42.51100158691406,42.25749969482422,42.41999816894531,24630000,0.0,0.0,42.41999816894531
2017-03-21,42.56999969482422,42.67499923706055,41.45100021362305,41.52299880981445,49270000,0.0,0.0,41.52299880981445
2017-03-22,41.59550094604492,41.77750015258789,41.35900115966797,41.47949981689453,28030000,0.0,0.0,41.47949981689453
2017-03-23,41.04999923706055,41.128501892089844,40.612850189208984,40.87900161743164,69742000,0.0,0.0,40.87900161743164
2017-03-24,41.00400161743164,41.096500396728516,40.44449996948242,40.721500396728516,39620000,0.0,0.0,40.721500396728516
2017-03-27,40.34749984741211,41.08150100708008,40.16849899291992,40.97549819946289,37886000,0.0,0.0,40.97549819946289
2017-03-28,41.02050018310547,41.29949951171875,40.701351165771484,41.04600143432617,32410000,0.0,0.0,41.04600143432617
2017-03-29,41.25,41.638248443603516,41.11899948120117,41.570499420166016,35726000,0.0,0.0,41.570499420166016
2017-03-30,41.67499923706055,41.683998107910156,41.45000076293945,41.57500076293945,21106000,0.0,0.0,41.57500076293945
2017-03-31,41.44850158691406,41.582000732421875,41.36949920654297,41.47800064086914,28038000,0.0,0.0,41.47800064086914
2017-04-03,41.46099853515625,42.04249954223633,41.46099853515625,41.9275016784668,33430000,0.0,0.0,41.9275016784668
2017-04-04,41.56800079345703,41.75899887084961,41.45180130004883,41.72850036621094,20908000,0.0,0.0,41.72850036621094
2017-04-05,41.7755012512207,42.122501373291016,41.5359992980957,41.570499420166016,31106000,0.0,0.0,41.570499420166016
2017-04-06,41.619998931884766,41.81949996948242,41.323001861572266,41.39400100708008,25088000,0.0,0.0,41.39400100708008
2017-04-07,41.39799880981445,41.424251556396484,41.02565002441406,41.23350143432617,21146000,0.0,0.0,41.23350143432617
2017-04-10,41.269500732421875,41.467498779296875,41.188499450683594,41.23649978637695,19578000,0.0,0.0,41.23649978637695
2017-04-11,41.23550033569336,41.3713493347168,40.85100173950195,41.16749954223633,21594000,0.0,0.0,41.16749954223633
2017-04-12,41.096500396728516,41.33300018310547,41.05099868774414,41.215999603271484,18010000,0.0,0.0,41.215999603271484
2017-04-13,41.106998443603516,41.319000244140625,41.071998596191406,41.178001403808594,22448000,0.0,0.0,41.178001403808594
2017-04-17,41.2504997253418,41.88750076293945,41.2234992980957,41.85850143432617,17900000,0.0,0.0,41.85850143432617
2017-04-18,41.71099853515625,41.94649887084961,41.635501861572266,41.840999603271484,16734000,0.0,0.0,41.840999603271484
2017-04-19,41.989498138427734,42.111000061035156,41.81449890136719,41.910499572753906,19084000,0.0,0.0,41.910499572753906
2017-04-20,42.071998596191406,42.2599983215332,41.965999603271484,42.08250045776367,19180000,0.0,0.0,42.08250045776367
2017-04-21,42.14400100708008,42.194000244140625,42.029998779296875,42.15950012207031,26472000,0.0,0.0,42.15950012207031
2017-04-24,42.560001373291016,43.17250061035156,42.49300003051758,43.13800048828125,27450000,0.0,0.0,43.13800048828125
2017-04-25,43.25,43.75,43.140499114990234,43.6150016784668,33440000,0.0,0.0,43.6150016784668
2017-04-26,43.71149826049805,43.8025016784668,43.38740158081055,43.58649826049805,24744000,0.0,0.0,43.58649826049805
2017-04-27,43.68000030517578,43.77000045776367,43.51900100708008,43.712501525878906,40536000,0.0,0.0,43.712501525878906
2017-04-28,45.53300094604492,45.842498779296875,45.28850173950195,45.29800033569336,65526000,0.0,0.0,45.29800033569336
2017-05-01,45.09700012207031,45.784000396728516,45.0724983215332,45.628501892089844,42320000,0.0,0.0,45.628501892089844
2017-05-02,45.48099899291992,46.03850173950195,45.47264862060547,45.821998596191406,31744000,0.0,0.0,45.821998596191406
2017-05-03,45.74300003051758,46.404998779296875,45.62715148925781,46.35200119018555,29990000,0.0,0.0,46.35200119018555
2017-05-04,46.30350112915039,46.79650115966797,46.22949981689453,46.58300018310547,28442000,0.0,0.0,46.58300018310547
2017-05-05,46.676998138427734,46.744998931884766,46.2599983215332,46.35649871826172,38226000,0.0,0.0,46.35649871826172
2017-05-08,46.305999755859375,46.846248626708984,46.26300048828125,46.71500015258789,26596000,0.0,0.0,46.71500015258789
2017-05-09,46.84749984741211,46.875,46.47650146484375,46.60850143432617,31636000,0.0,0.0,46.60850143432617
2017-05-10,46.5989990234375,46.599998474121094,46.257999420166016,46.43899917602539,23478000,0.0,0.0,46.43899917602539
2017-05-11,46.26599884033203,46.62649917602539,46.1515007019043,46.529998779296875,16700000,0.0,0.0,46.529998779296875
2017-05-12,46.576499938964844,46.672000885009766,46.39250183105469,46.611000061035156,21012000,0.0,0.0,46.611000061035156
2017-05-15,46.647499084472656,46.912498474121094,46.46699905395508,46.854000091552734,22162000,0.0,0.0,46.854000091552734
2017-05-16,47.0,47.15549850463867,46.87900161743164,47.150001525878906,19390000,0.0,0.0,47.150001525878906
2017-05-17,46.78350067138672,46.96664810180664,45.90700149536133,45.98099899291992,47242000,0.0,0.0,45.98099899291992
2017-05-18,46.04999923706055,46.65850067138672,45.9375,46.512001037597656,31938000,0.0,0.0,46.512001037597656
2017-05-19,46.57350158691406,46.88774871826172,46.54999923706055,46.70050048828125,27860000,0.0,0.0,46.70050048828125
2017-05-22,46.75,47.09415054321289,46.75,47.09299850463867,22408000,0.0,0.0,47.09299850463867
2017-05-23,47.395999908447266,47.57334899902344,47.12874984741211,47.441001892089844,25416000,0.0,0.0,47.441001892089844
2017-05-24,47.64899826049805,47.75450134277344,47.474998474121094,47.74800109863281,20496000,0.0,0.0,47.74800109863281
2017-05-25,47.86650085449219,48.63145065307617,47.77349853515625,48.47700119018555,33210000,0.0,0.0,48.47700119018555
2017-05-26,48.48500061035156,48.749000549316406,48.25149917602539,48.57350158691406,25040000,0.0,0.0,48.57350158691406
2017-05-30,48.515499114990234,48.810001373291016,48.4744987487793,48.79399871826172,29334000,0.0,0.0,48.79399871826172
2017-05-31,48.750999450683594,48.9635009765625,48.00899887084961,48.24300003051758,48962000,0.0,0.0,48.24300003051758
2017-06-01,48.4474983215332,48.57500076293945,48.0004997253418,48.34749984741211,28210000,0.0,0.0,48.34749984741211
2017-06-02,48.472999572753906,48.79399871826172,48.29999923706055,48.779998779296875,35020000,0.0,0.0,48.779998779296875
2017-06-05,48.82749938964844,49.34550094604492,48.755001068115234,49.183998107910156,25042000,0.0,0.0,49.183998107910156
2017-06-06,49.15800094604492,49.412498474121094,48.75699996948242,48.82849884033203,36292000,0.0,0.0,48.82849884033203
2017-06-07,49.0,49.19900131225586,48.797000885009766,49.047000885009766,29078000,0.0,0.0,49.047000885009766
2017-06-08,49.11750030517578,49.22850036621094,48.86000061035156,49.170501708984375,29638000,0.0,0.0,49.170501708984375
2017-06-09,49.224998474121094,49.224998474121094,46.78150177001953,47.49150085449219,66188000,0.0,0.0,47.49150085449219
2017-06-12,46.97800064086914,47.467750549316406,45.76165008544922,47.14500045776367,75270000,0.0,0.0,47.14500045776367
2017-06-13,47.59550094604492,47.999000549316406,47.204498291015625,47.66999816894531,40266000,0.0,0.0,47.66999816894531
2017-06-14,47.99599838256836,48.057498931884766,47.11249923706055,47.53799819946289,29794000,0.0,0.0,47.53799819946289
2017-06-15,46.69850158691406,47.16695022583008,46.22200012207031,47.115501403808594,42662000,0.0,0.0,47.115501403808594
2017-06-16,47.0,47.10200119018555,46.579750061035156,46.98899841308594,61894000,0.0,0.0,46.98899841308594
2017-06-19,47.49800109863281,47.9995002746582,47.45249938964844,47.868499755859375,30666000,0.0,0.0,47.868499755859375
2017-06-20,47.875999450683594,48.08100128173828,47.5004997253418,47.53150177001953,22520000,0.0,0.0,47.53150177001953
2017-06-21,47.68199920654297,48.005001068115234,47.53799819946289,47.97249984741211,24044000,0.0,0.0,47.97249984741211
2017-06-22,47.935001373291016,48.0359992980957,47.727500915527344,47.85449981689453,18828000,0.0,0.0,47.85449981689453
2017-06-23,47.84149932861328,48.29999923706055,47.709999084472656,48.27949905395508,30558000,0.0,0.0,48.27949905395508
2017-06-26,48.494998931884766,48.66550064086914,47.53950119018555,47.61349868774414,31968000,0.0,0.0,47.61349868774414
2017-06-27,47.12300109863281,47.41450119018555,46.342498779296875,46.36650085449219,51598000,0.0,0.0,46.36650085449219
2017-06-28,46.45000076293945,47.13750076293945,45.79999923706055,47.02450180053711,54428000,0.0,0.0,47.02450180053711
2017-06-29,46.49599838256836,46.5629997253418,45.53099822998047,45.88949966430664,65984000,0.0,0.0,45.88949966430664
2017-06-30,46.3025016784668,46.3025016784668,45.41550064086914,45.436500549316406,41804000,0.0,0.0,45.436500549316406
2017-07-03,45.60900115966797,45.696998596191406,44.739498138427734,44.935001373291016,34196000,0.0,0.0,44.935001373291016
2017-07-05,45.0880012512207,45.72549819946289,44.92499923706055,45.58549880981445,36278000,0.0,0.0,45.58549880981445
2017-07-06,45.20600128173828,45.74720001220703,44.98500061035156,45.33449935913086,28490000,0.0,0.0,45.33449935913086
2017-07-07,45.442501068115234,46.07699966430664,45.442501068115234,45.929500579833984,32756000,0.0,0.0,45.929500579833984
2017-07-10,46.0885009765625,46.51900100708008,45.97949981689453,46.439998626708984,23856000,0.0,0.0,46.439998626708984
2017-07-11,46.47700119018555,46.57149887084961,46.099998474121094,46.50450134277344,22264000,0.0,0.0,46.50450134277344
2017-07-12,46.933998107910156,47.314998626708984,46.7234992980957,47.19150161743164,30642000,0.0,0.0,47.19150161743164
2017-07-13,47.31449890136719,47.72249984741211,47.1505012512207,47.358001708984375,25894000,0.0,0.0,47.358001708984375
2017-07-14,47.599998474121094,47.84550094604492,47.40024948120117,47.79949951171875,21076000,0.0,0.0,47.79949951171875
2017-07-17,47.849998474121094,48.0369987487793,47.46205139160156,47.67100143432617,23310000,0.0,0.0,47.67100143432617
2017-07-18,47.650001525878906,48.402000427246094,47.529998779296875,48.27000045776367,23080000,0.0,0.0,48.27000045776367
2017-07-19,48.391998291015625,48.652000427246094,48.201499938964844,48.544498443603516,24490000,0.0,0.0,48.544498443603516
2017-07-20,48.75,48.79499816894531,48.07550048828125,48.407501220703125,32490000,0.0,0.0,48.407501220703125
2017-07-21,48.11249923706055,48.6614990234375,48.00749969482422,48.645999908447266,34220000,0.0,0.0,48.645999908447266
2017-07-24,48.611000061035156,49.310001373291016,48.53850173950195,49.016998291015625,64966000,0.0,0.0,49.016998291015625
2017-07-25,47.69049835205078,47.98500061035156,47.27000045776367,47.53499984741211,93220000,0.0,0.0,47.53499984741211
2017-07-26,47.73400115966797,47.75,47.113948822021484,47.38999938964844,41766000,0.0,0.0,47.38999938964844
2017-07-27,47.5890007019043,47.5890007019043,46.0,46.704498291015625,64260000,0.0,0.0,46.704498291015625
2017-07-28,46.470001220703125,47.19150161743164,46.375,47.076499938964844,36928000,0.0,0.0,47.076499938964844
2017-07-31,47.09450149536133,47.179500579833984,46.301998138427734,46.525001525878906,39402000,0.0,0.0,46.525001525878906
2017-08-01,46.61899948120117,46.87234878540039,46.4630012512207,46.541500091552734,25554000,0.0,0.0,46.541500091552734
2017-08-02,46.43050003051758,46.630001068115234,45.83399963378906,46.519500732421875,36488000,0.0,0.0,46.519500732421875
2017-08-03,46.516998291015625,46.61199951171875,46.11199951171875,46.182498931884766,24050000,0.0,0.0,46.182498931884766
2017-08-04,46.337501525878906,46.515350341796875,46.1515007019043,46.39799880981445,21646000,0.0,0.0,46.39799880981445
2017-08-07,46.452999114990234,46.584999084472656,46.32500076293945,46.46799850463867,20644000,0.0,0.0,46.46799850463867
2017-08-08,46.35449981689453,46.79069900512695,46.28049850463867,46.339500427246094,21232000,0.0,0.0,46.339500427246094
2017-08-09,46.03049850463867,46.29899978637695,45.86249923706055,46.14500045776367,23842000,0.0,0.0,46.14500045776367
2017-08-10,45.877498626708984,45.9630012512207,45.30649948120117,45.36199951171875,36480000,0.0,0.0,45.36199951171875
2017-08-11,45.39849853515625,45.888999938964844,45.27899932861328,45.71950149536133,24136000,0.0,0.0,45.71950149536133
2017-08-14,46.12649917602539,46.2333984375,45.90950012207031,46.13349914550781,21290000,0.0,0.0,46.13349914550781
2017-08-15,46.21149826049805,46.32749938964844,45.99100112915039,46.111000061035156,17668000,0.0,0.0,46.111000061035156
2017-08-16,46.26449966430664,46.6349983215332,46.17224884033203,46.347999572753906,20134000,0.0,0.0,46.347999572753906
2017-08-17,46.28900146484375,46.34299850463867,45.54899978637695,45.54899978637695,25544000,0.0,0.0,45.54899978637695
2017-08-18,45.515499114990234,45.76374816894531,45.35770034790039,45.53350067138672,26854000,0.0,0.0,45.53350067138672
2017-08-21,45.5,45.650001525878906,45.16999816894531,45.33300018310547,18868000,0.0,0.0,45.33300018310547
2017-08-22,45.63600158691406,46.292999267578125,45.57374954223633,46.234500885009766,23334000,0.0,0.0,46.234500885009766
2017-08-23,46.096500396728516,46.496498107910156,45.96799850463867,46.349998474121094,21804000,0.0,0.0,46.349998474121094
2017-08-24,46.43299865722656,46.54199981689453,45.775001525878906,46.06399917602539,25406000,0.0,0.0,46.06399917602539
2017-08-25,46.17449951171875,46.277748107910156,45.775001525878906,45.794498443603516,21068000,0.0,0.0,45.794498443603516
2017-08-28,45.79999923706055,45.962249755859375,45.59349822998047,45.69049835205078,21730000,0.0,0.0,45.69049835205078
2017-08-29,45.255001068115234,46.166500091552734,45.25,46.06449890136719,23712000,0.0,0.0,46.06449890136719
2017-08-30,46.002498626708984,46.540950775146484,45.98249816894531,46.47850036621094,26024000,0.0,0.0,46.47850036621094
2017-08-31,46.5880012512207,47.0989990234375,46.5880012512207,46.96649932861328,31652000,0.0,0.0,46.96649932861328
2017-09-01,47.05649948120117,47.124000549316406,46.75749969482422,46.867000579833984,18948000,0.0,0.0,46.867000579833984
2017-09-05,46.65399932861328,46.849998474121094,46.097999572753906,46.42250061035156,26528000,0.0,0.0,46.42250061035156
2017-09-06,46.50749969482422,46.54574966430664,45.9635009765625,46.390499114990234,30554000,0.0,0.0,46.390499114990234
2017-09-07,46.58649826049805,46.820499420166016,46.180999755859375,46.79750061035156,24254000,0.0,0.0,46.79750061035156
2017-09-08,46.824501037597656,46.8494987487793,46.24399948120117,46.32500076293945,20230000,0.0,0.0,46.32500076293945
2017-09-11,46.712501525878906,46.91899871826172,46.34600067138672,46.45399856567383,25340000,0.0,0.0,46.45399856567383
2017-09-12,46.62950134277344,46.67399978637695,46.193050384521484,46.60350036621094,22688000,0.0,0.0,46.60350036621094
2017-09-13,46.53300094604492,46.86249923706055,46.49300003051758,46.75450134277344,22052000,0.0,0.0,46.75450134277344
2017-09-14,46.5625,46.63850021362305,46.20000076293945,46.25550079345703,27952000,0.0,0.0,46.25550079345703
2017-09-15,46.233001708984375,46.324501037597656,45.81800079345703,46.01449966430664,50108000,0.0,0.0,46.01449966430664
2017-09-18,46.0004997253418,46.104000091552734,45.529998779296875,45.75,26138000,0.0,0.0,45.75
2017-09-19,45.87099838256836,46.12099838256836,45.627498626708984,46.09049987792969,18734000,0.0,0.0,46.09049987792969
2017-09-20,46.14899826049805,46.694000244140625,46.099998474121094,46.57899856567383,33396000,0.0,0.0,46.57899856567383
2017-09-21,46.650001525878906,46.826499938964844,46.19150161743164,46.622501373291016,25812000,0.0,0.0,46.622501373291016
2017-09-22,46.38750076293945,46.73649978637695,46.32400131225586,46.42649841308594,21054000,0.0,0.0,46.42649841308594
2017-09-25,46.272499084472656,46.31999969482422,45.48500061035156,46.048500061035156,37136000,0.0,0.0,46.048500061035156
2017-09-26,46.18600082397461,46.54100036621094,46.05699920654297,46.24300003051758,33338000,0.0,0.0,46.24300003051758
2017-09-27,46.387001037597656,47.494998931884766,46.387001037597656,47.2244987487793,44788000,0.0,0.0,47.2244987487793
2017-09-28,47.06800079345703,47.53450012207031,47.02750015258789,47.474998474121094,20406000,0.0,0.0,47.474998474121094
2017-09-29,47.599998474121094,47.98929977416992,47.57550048828125,47.955501556396484,31620000,0.0,0.0,47.955501556396484
2017-10-02,47.999000549316406,48.12699890136719,47.391998291015625,47.66350173950195,25668000,0.0,0.0,47.66350173950195
2017-10-03,47.70000076293945,47.900001525878906,47.457000732421875,47.88949966430664,17766000,0.0,0.0,47.88949966430664
2017-10-04,47.849998474121094,48.019500732421875,47.53450012207031,47.58399963378906,19048000,0.0,0.0,47.58399963378906
2017-10-05,47.77450180053711,48.545501708984375,47.75899887084961,48.49800109863281,24276000,0.0,0.0,48.49800109863281
2017-10-06,48.334999084472656,48.972999572753906,48.167999267578125,48.94449996948242,23478000,0.0,0.0,48.94449996948242
2017-10-09,49.0,49.2712516784668,48.80550003051758,48.849998474121094,17828000,0.0,0.0,48.849998474121094
2017-10-10,49.0,49.07849884033203,48.30400085449219,48.630001068115234,19368000,0.0,0.0,48.630001068115234
2017-10-11,48.68600082397461,49.535499572753906,48.61249923706055,49.462501525878906,33866000,0.0,0.0,49.462501525878906
2017-10-12,49.372501373291016,49.70600128173828,49.25,49.39149856567383,25248000,0.0,0.0,49.39149856567383
2017-10-13,49.599998474121094,49.86050033569336,49.45000076293945,49.48400115966797,23396000,0.0,0.0,49.48400115966797
2017-10-16,49.60499954223633,49.695350646972656,49.20000076293945,49.599998474121094,18210000,0.0,0.0,49.599998474121094
2017-10-17,49.51449966430664,49.821998596191406,49.429500579833984,49.60900115966797,25804000,0.0,0.0,49.60900115966797
2017-10-18,49.5885009765625,49.83599853515625,49.348751068115234,49.640499114990234,21152000,0.0,0.0,49.640499114990234
2017-10-19,49.29999923706055,49.444000244140625,48.919498443603516,49.22249984741211,26272000,0.0,0.0,49.22249984741211
2017-10-20,49.47200012207031,49.54999923706055,49.229000091552734,49.40999984741211,23664000,0.0,0.0,49.40999984741211
2017-10-23,49.47600173950195,49.47600173950195,48.305999755859375,48.42250061035156,29568000,0.0,0.0,48.42250061035156
2017-10-24,48.5,48.61149978637695,48.04999923706055,48.527000427246094,24244000,0.0,0.0,48.527000427246094
2017-10-25,48.41849899291992,48.804500579833984,48.0260009765625,48.666500091552734,24226000,0.0,0.0,48.666500091552734
2017-10-26,49.0,49.380001068115234,48.61000061035156,48.62799835205078,40842000,0.0,0.0,48.62799835205078
2017-10-27,50.45949935913086,52.419498443603516,50.40999984741211,50.9635009765625,103354000,0.0,0.0,50.9635009765625
2017-10-30,50.70000076293945,51.24850082397461,50.375,50.855499267578125,41702000,0.0,0.0,50.855499267578125
2017-10-31,50.76100158691406,51.20000076293945,50.520999908447266,50.832000732421875,26614000,0.0,0.0,50.832000732421875
2017-11-01,50.86050033569336,51.48350143432617,50.84749984741211,51.275001525878906,27468000,0.0,0.0,51.275001525878906
2017-11-02,51.0880012512207,51.40449905395508,50.6505012512207,51.27899932861328,20980000,0.0,0.0,51.27899932861328
2017-11-03,51.105499267578125,51.63249969482422,51.015499114990234,51.624000549316406,21528000,0.0,0.0,51.624000549316406
2017-11-06,51.449501037597656,51.743499755859375,51.25,51.29499816894531,22504000,0.0,0.0,51.29499816894531
2017-11-07,51.36349868774414,51.69850158691406,51.256500244140625,51.666500091552734,22246000,0.0,0.0,51.666500091552734
2017-11-08,51.5260009765625,52.17610168457031,51.42250061035156,51.99250030517578,21774000,0.0,0.0,51.99250030517578
2017-11-09,51.699501037597656,51.699501037597656,50.983299255371094,51.5629997253418,24904000,0.0,0.0,51.5629997253418
2017-11-10,51.323001861572266,51.53799819946289,51.263999938964844,51.403499603271484,14400000,0.0,0.0,51.403499603271484
2017-11-13,51.17100143432617,51.57899856567383,51.128501892089844,51.287498474121094,17716000,0.0,0.0,51.287498474121094
2017-11-14,51.12950134277344,51.34049987792969,50.70750045776367,51.29999923706055,19184000,0.0,0.0,51.29999923706055
2017-11-15,50.96049880981445,51.204498291015625,50.770999908447266,51.045501708984375,17080000,0.0,0.0,51.045501708984375
2017-11-16,51.125999450683594,51.79600143432617,51.125999450683594,51.625,22594000,0.0,0.0,51.625
2017-11-17,51.70050048828125,51.72100067138672,50.88750076293945,50.954498291015625,27942000,0.0,0.0,50.954498291015625
2017-11-20,51.01300048828125,51.13050079345703,50.875,50.91899871826172,19070000,0.0,0.0,50.91899871826172
2017-11-21,51.16550064086914,51.75550079345703,51.13275146484375,51.7244987487793,21940000,0.0,0.0,51.7244987487793
2017-11-22,51.75,51.98529815673828,51.57149887084961,51.79800033569336,14926000,0.0,0.0,51.79800033569336
2017-11-24,51.79349899291992,52.15890121459961,51.75,52.03049850463867,10740000,0.0,0.0,52.03049850463867
2017-11-27,52.0,52.77299880981445,51.922000885009766,52.71049880981445,26158000,0.0,0.0,52.71049880981445
2017-11-28,52.75450134277344,53.118751525878906,52.0,52.37049865722656,28488000,0.0,0.0,52.37049865722656
2017-11-29,52.13399887084961,52.20399856567383,50.782501220703125,51.08300018310547,49188000,0.0,0.0,51.08300018310547
2017-11-30,51.118499755859375,51.42449951171875,50.75,51.070499420166016,34480000,0.0,0.0,51.070499420166016
2017-12-01,50.790000915527344,51.1245002746582,50.10100173950195,50.50849914550781,38192000,0.0,0.0,50.50849914550781
2017-12-04,50.632999420166016,50.80500030517578,49.778499603271484,49.933998107910156,38128000,0.0,0.0,49.933998107910156
2017-12-05,49.797000885009766,51.03049850463867,49.41400146484375,50.25749969482422,41346000,0.0,0.0,50.25749969482422
2017-12-06,50.07500076293945,51.24850082397461,50.05699920654297,50.91899871826172,25440000,0.0,0.0,50.91899871826172
2017-12-07,51.02149963378906,51.71200180053711,50.90354919433594,51.54650115966797,29164000,0.0,0.0,51.54650115966797
2017-12-08,51.8745002746582,52.102500915527344,51.6260986328125,51.852500915527344,25816000,0.0,0.0,51.852500915527344
2017-12-11,51.775001525878906,52.189998626708984,51.602500915527344,52.05500030517578,23856000,0.0,0.0,52.05500030517578
2017-12-12,51.98149871826172,52.515499114990234,51.68450164794922,52.02399826049805,25590000,0.0,0.0,52.02399826049805
2017-12-13,52.305999755859375,52.333248138427734,51.91899871826172,52.03049850463867,25654000,0.0,0.0,52.03049850463867
2017-12-14,52.25,52.92499923706055,52.15549850463867,52.45750045776367,31174000,0.0,0.0,52.45750045776367
2017-12-15,52.730499267578125,53.38100051879883,52.474998474121094,53.20949935913086,65518000,0.0,0.0,53.20949935913086
2017-12-18,53.30400085449219,53.92449951171875,53.099998474121094,53.856998443603516,31092000,0.0,0.0,53.856998443603516
2017-12-19,53.7599983215332,53.84199905395508,53.1775016784668,53.534000396728516,26774000,0.0,0.0,53.534000396728516
2017-12-20,53.5890007019043,53.66899871826172,53.07600021362305,53.247501373291016,25372000,0.0,0.0,53.247501373291016
2017-12-21,53.247501373291016,53.46649932861328,53.089698791503906,53.18149948120117,19914000,0.0,0.0,53.18149948120117
2017-12-22,53.05550003051758,53.209999084472656,52.97200012207031,53.00600051879883,15102000,0.0,0.0,53.00600051879883
2017-12-26,52.903499603271484,53.00600051879883,52.5099983215332,52.83700180053711,15212000,0.0,0.0,52.83700180053711
2017-12-27,52.86949920654297,52.91849899291992,52.40250015258789,52.46849822998047,25438000,0.0,0.0,52.46849822998047
2017-12-28,52.58000183105469,52.73749923706055,52.23849868774414,52.40700149536133,16742000,0.0,0.0,52.40700149536133
2017-12-29,52.33599853515625,52.48500061035156,52.244998931884766,52.31999969482422,17750000,0.0,0.0,52.31999969482422
2018-01-02,52.41699981689453,53.34700012207031,52.26150131225586,53.25,24752000,0.0,0.0,53.25
2018-01-03,53.21549987792969,54.31449890136719,53.160499572753906,54.124000549316406,28604000,0.0,0.0,54.124000549316406
2018-01-04,54.400001525878906,54.67850112915039,54.20009994506836,54.31999969482422,20092000,0.0,0.0,54.31999969482422
2018-01-05,54.70000076293945,55.212501525878906,54.599998474121094,55.11149978637695,25582000,0.0,0.0,55.11149978637695
2018-01-08,55.11149978637695,55.563499450683594,55.08100128173828,55.34700012207031,20952000,0.0,0.0,55.34700012207031
2018-01-09,55.470001220703125,55.528499603271484,55.06155014038086,55.3129997253418,18050000,0.0,0.0,55.3129997253418
2018-01-10,54.85499954223633,55.22999954223633,54.80550003051758,55.13050079345703,20856000,0.0,0.0,55.13050079345703
2018-01-11,55.314998626708984,55.32624816894531,54.97949981689453,55.2760009765625,19566000,0.0,0.0,55.2760009765625
2018-01-12,55.12049865722656,56.214500427246094,55.057498931884766,56.112998962402344,34410000,0.0,0.0,56.112998962402344
2018-01-16,56.6254997253418,56.99549865722656,55.8916015625,56.0880012512207,31506000,0.0,0.0,56.0880012512207
2018-01-17,56.31100082397461,56.630001068115234,55.85049819946289,56.5989990234375,24052000,0.0,0.0,56.5989990234375
2018-01-18,56.570499420166016,56.6254997253418,55.875,56.489498138427734,23964000,0.0,0.0,56.489498138427734
2018-01-19,56.59149932861328,56.893001556396484,56.415000915527344,56.8754997253418,35564000,0.0,0.0,56.8754997253418
2018-01-22,56.8745002746582,57.99399948120117,56.75550079345703,57.79050064086914,32360000,0.0,0.0,57.79050064086914
2018-01-23,57.99250030517578,58.58134841918945,57.9375,58.49850082397461,26662000,0.0,0.0,58.49850082397461
2018-01-24,58.86650085449219,58.99300003051758,58.0525016784668,58.21200180053711,28332000,0.0,0.0,58.21200180053711
2018-01-25,58.62649917602539,58.797000885009766,58.13800048828125,58.51850128173828,29610000,0.0,0.0,58.51850128173828
2018-01-26,58.75400161743164,58.79199981689453,57.90549850463867,58.79199981689453,40376000,0.0,0.0,58.79199981689453
2018-01-29,58.82400131225586,59.34450149536133,58.5989990234375,58.77899932861328,27578000,0.0,0.0,58.77899932861328
2018-01-30,58.39149856567383,58.82600021362305,58.17599868774414,58.18450164794922,31126000,0.0,0.0,58.18450164794922
2018-01-31,58.528499603271484,58.650001525878906,57.95650100708008,58.49700164794922,30774000,0.0,0.0,58.49700164794922
2018-02-01,58.13050079345703,58.70000076293945,57.875999450683594,58.3849983215332,48242000,0.0,0.0,58.3849983215332
2018-02-02,56.099998474121094,56.153499603271484,55.36389923095703,55.595001220703125,97158000,0.0,0.0,55.595001220703125
2018-02-05,54.529998779296875,55.5,52.60150146484375,52.790000915527344,75966000,0.0,0.0,52.790000915527344
2018-02-06,51.35900115966797,54.08549880981445,51.1568489074707,54.029998779296875,68960000,0.0,0.0,54.029998779296875
2018-02-07,54.07699966430664,54.0890007019043,52.41299819946289,52.42900085449219,47384000,0.0,0.0,52.42900085449219
2018-02-08,52.77050018310547,52.930999755859375,50.03300094604492,50.07600021362305,57182000,0.0,0.0,50.07600021362305
2018-02-09,50.86249923706055,52.19850158691406,49.62799835205078,51.888999938964844,70118000,0.0,0.0,51.888999938964844
2018-02-12,52.400001525878906,53.07500076293945,52.0463981628418,52.59700012207031,41154000,0.0,0.0,52.59700012207031
2018-02-13,52.25,52.91849899291992,52.204349517822266,52.60499954223633,25302000,0.0,0.0,52.60499954223633
2018-02-14,52.4474983215332,53.58599853515625,52.337501525878906,53.48500061035156,31116000,0.0,0.0,53.48500061035156
2018-02-15,53.95349884033203,54.573951721191406,53.21699905395508,54.47600173950195,36868000,0.0,0.0,54.47600173950195
2018-02-16,54.420501708984375,55.23350143432617,54.4156494140625,54.7400016784668,33590000,0.0,0.0,54.7400016784668
2018-02-20,54.528499603271484,55.6974983215332,54.42599868774414,55.12300109863281,28462000,0.0,0.0,55.12300109863281
2018-02-21,55.32350158691406,56.69850158691406,55.31650161743164,55.56700134277344,30258000,0.0,0.0,55.56700134277344
2018-02-22,55.80950164794922,56.14099884033203,55.12950134277344,55.33150100708008,26344000,0.0,0.0,55.33150100708008
2018-02-23,55.63199996948242,56.36399841308594,55.23569869995117,56.339500427246094,25220000,0.0,0.0,56.339500427246094
2018-02-26,56.38999938964844,57.198001861572266,56.33475112915039,57.1875,31182000,0.0,0.0,57.1875
2018-02-27,57.0620002746582,57.20199966430664,55.900001525878906,55.91450119018555,35482000,0.0,0.0,55.91450119018555
2018-02-28,56.1515007019043,56.37649917602539,55.1619987487793,55.23649978637695,37652000,0.0,0.0,55.23649978637695
2018-03-01,55.39350128173828,55.50600051879883,53.35005187988281,53.47600173950195,50318000,0.0,0.0,53.47600173950195
2018-03-02,52.65399932861328,54.09994888305664,52.4057502746582,53.94599914550781,45432000,0.0,0.0,53.94599914550781
2018-03-05,53.75699996948242,54.85499954223633,53.45000076293945,54.54650115966797,24044000,0.0,0.0,54.54650115966797
2018-03-06,54.96099853515625,55.092498779296875,54.48875045776367,54.75299835205078,30656000,0.0,0.0,54.75299835205078
2018-03-07,54.45949935913086,55.611000061035156,54.27410125732422,55.481998443603516,25850000,0.0,0.0,55.481998443603516
2018-03-08,55.76599884033203,56.380001068115234,55.63999938964844,56.29999923706055,27102000,0.0,0.0,56.29999923706055
2018-03-09,56.79999923706055,58.040000915527344,56.623050689697266,58.00199890136719,42560000,0.0,0.0,58.00199890136719
2018-03-12,58.192501068115234,58.852500915527344,57.87099838256836,58.224998474121094,43446000,0.0,0.0,58.224998474121094
2018-03-13,58.5,58.8380012512207,56.666500091552734,56.90850067138672,38144000,0.0,0.0,56.90850067138672
2018-03-14,57.260501861572266,57.929500579833984,57.071998596191406,57.4744987487793,25828000,0.0,0.0,57.4744987487793
2018-03-15,57.49800109863281,58.05400085449219,56.72700119018555,57.479000091552734,27908000,0.0,0.0,57.479000091552734
2018-03-16,57.707000732421875,57.79399871826172,56.597999572753906,56.7864990234375,61840000,0.0,0.0,56.7864990234375
2018-03-19,56.0004997253418,56.0994987487793,54.45050048828125,54.99100112915039,56118000,0.0,0.0,54.99100112915039
2018-03-20,54.95000076293945,55.2599983215332,54.17300033569336,54.885501861572266,36638000,0.0,0.0,54.885501861572266
2018-03-21,54.637001037597656,55.314998626708984,54.25749969482422,54.54399871826172,37578000,0.0,0.0,54.54399871826172
2018-03-22,54.09400177001953,54.14500045776367,52.295501708984375,52.45399856567383,53340000,0.0,0.0,52.45399856567383
2018-03-23,52.35150146484375,53.167999267578125,51.06100082397461,51.07849884033203,43134000,0.0,0.0,51.07849884033203
2018-03-26,52.29999923706055,52.78150177001953,50.41999816894531,52.660499572753906,53302000,0.0,0.0,52.660499572753906
2018-03-27,53.150001525878906,53.24195098876953,49.84600067138672,50.255001068115234,61906000,0.0,0.0,50.255001068115234
2018-03-28,49.900001525878906,51.21149826049805,49.03200149536133,50.22800064086914,67386000,0.0,0.0,50.22800064086914
2018-03-29,50.58150100708008,52.150001525878906,50.14500045776367,51.589500427246094,54536000,0.0,0.0,51.589500427246094
2018-04-02,51.14099884033203,51.7400016784668,49.51850128173828,50.32350158691406,53608000,0.0,0.0,50.32350158691406
2018-04-03,50.695499420166016,51.04949951171875,49.70349884033203,50.670501708984375,45502000,0.0,0.0,50.670501708984375
2018-04-04,49.670501708984375,51.4359016418457,49.650001525878906,51.25699996948242,49694000,0.0,0.0,51.25699996948242
2018-04-05,52.06650161743164,52.13949966430664,51.00654983520508,51.390499114990234,27260000,0.0,0.0,51.390499114990234
2018-04-06,51.0,51.57099914550781,50.1515007019043,50.35200119018555,34928000,0.0,0.0,50.35200119018555
2018-04-09,50.84000015258789,51.97999954223633,50.70399856567383,50.772499084472656,35032000,0.0,0.0,50.772499084472656
2018-04-10,51.321998596191406,51.81399917602539,50.56700134277344,51.582000732421875,39490000,0.0,0.0,51.582000732421875
2018-04-11,51.39950180053711,51.568199157714844,50.79349899291992,50.99850082397461,29678000,0.0,0.0,50.99850082397461
2018-04-12,51.25199890136719,52.03450012207031,51.07175064086914,51.6254997253418,27140000,0.0,0.0,51.6254997253418
2018-04-13,52.04399871826172,52.32099914550781,51.14899826049805,51.4635009765625,24460000,0.0,0.0,51.4635009765625
2018-04-16,51.849998474121094,52.1619987487793,51.33700180053711,51.89899826049805,24224000,0.0,0.0,51.89899826049805
2018-04-17,52.56850051879883,53.89400100708008,52.41299819946289,53.70800018310547,46406000,0.0,0.0,53.70800018310547
2018-04-18,53.871498107910156,53.871498107910156,53.311248779296875,53.604000091552734,26882000,0.0,0.0,53.604000091552734
2018-04-19,53.470001220703125,54.708248138427734,53.409000396728516,54.3849983215332,34954000,0.0,0.0,54.3849983215332
2018-04-20,54.099998474121094,54.61750030517578,53.47850036621094,53.64799880981445,37794000,0.0,0.0,53.64799880981445
2018-04-23,53.893001556396484,54.13600158691406,53.03499984741211,53.372501373291016,46826000,0.0,0.0,53.372501373291016
2018-04-24,52.599998474121094,52.849998474121094,50.52949905395508,50.999000549316406,95206000,0.0,0.0,50.999000549316406
2018-04-25,51.2760009765625,51.6245002746582,50.765499114990234,51.058998107910156,47822000,0.0,0.0,51.058998107910156
2018-04-26,51.47549819946289,52.39899826049805,50.90950012207031,52.00199890136719,41590000,0.0,0.0,52.00199890136719
2018-04-27,52.29999923706055,52.474998474121094,51.27949905395508,51.502498626708984,32396000,0.0,0.0,51.502498626708984
2018-04-30,51.5004997253418,51.849998474121094,50.842498779296875,50.86650085449219,33426000,0.0,0.0,50.86650085449219
2018-05-01,50.68299865722656,51.923500061035156,50.410499572753906,51.865501403808594,28558000,0.0,0.0,51.865501403808594
2018-05-02,51.404998779296875,52.01945114135742,51.14350128173828,51.21900177001953,32062000,0.0,0.0,51.21900177001953
2018-05-03,50.95000076293945,51.48374938964844,50.31449890136719,51.18600082397461,36302000,0.0,0.0,51.18600082397461
2018-05-04,50.845001220703125,52.425498962402344,50.845001220703125,52.410499572753906,38774000,0.0,0.0,52.410499572753906
2018-05-07,52.46149826049805,53.08399963378906,52.35499954223633,52.739498138427734,29322000,0.0,0.0,52.739498138427734
2018-05-08,52.926998138427734,53.02750015258789,52.35725021362305,52.695499420166016,24354000,0.0,0.0,52.695499420166016
2018-05-09,52.904998779296875,54.27199935913086,52.8182487487793,54.13800048828125,40656000,0.0,0.0,54.13800048828125
2018-05-10,54.30149841308594,55.02199935913086,54.28200149536133,54.878501892089844,28860000,0.0,0.0,54.878501892089844
2018-05-11,54.68000030517578,55.06650161743164,54.545501708984375,54.91299819946289,25074000,0.0,0.0,54.91299819946289
2018-05-14,55.0,55.537498474121094,54.955501556396484,55.0099983215332,30362000,0.0,0.0,55.0099983215332
2018-05-15,54.5,54.502498626708984,53.673500061035156,53.96149826049805,29898000,0.0,0.0,53.96149826049805
2018-05-16,53.865501403808594,54.4635009765625,53.8129997253418,54.0885009765625,21946000,0.0,0.0,54.0885009765625
2018-05-17,53.99449920654297,54.34349822998047,53.67499923706055,53.929500579833984,20876000,0.0,0.0,53.929500579833984
2018-05-18,53.09299850463867,53.49700164794922,53.034000396728516,53.31800079345703,31304000,0.0,0.0,53.31800079345703
2018-05-21,53.702999114990234,54.400001525878906,53.682498931884766,53.979000091552734,20464000,0.0,0.0,53.979000091552734
2018-05-22,54.178001403808594,54.329498291015625,53.33449935913086,53.48649978637695,21800000,0.0,0.0,53.48649978637695
2018-05-23,53.256500244140625,54.03900146484375,53.08549880981445,53.984500885009766,21214000,0.0,0.0,53.984500885009766
2018-05-24,53.95000076293945,54.02349853515625,53.307498931884766,53.96200180053711,15336000,0.0,0.0,53.96200180053711
2018-05-25,53.95100021362305,54.12799835205078,53.688751220703125,53.78300094604492,17988000,0.0,0.0,53.78300094604492
2018-05-29,53.24449920654297,53.66849899291992,52.76100158691406,53.01599884033203,37302000,0.0,0.0,53.01599884033203
2018-05-30,53.1515007019043,53.46049880981445,52.84149932861328,53.38999938964844,22770000,0.0,0.0,53.38999938964844
2018-05-31,53.37799835205078,54.859500885009766,53.37799835205078,54.2495002746582,61766000,0.0,0.0,54.2495002746582
2018-06-01,54.967498779296875,56.0,54.92499923706055,55.974998474121094,48432000,0.0,0.0,55.974998474121094
2018-06-04,56.11650085449219,57.09450149536133,56.100250244140625,56.964500427246094,37792000,0.0,0.0,56.964500427246094
2018-06-05,57.04949951171875,57.28689956665039,56.65950012207031,56.983001708984375,33560000,0.0,0.0,56.983001708984375
2018-06-06,57.10850143432617,57.150001525878906,56.28715133666992,56.84400177001953,33964000,0.0,0.0,56.84400177001953
2018-06-07,56.566001892089844,56.79100036621094,55.82600021362305,56.19300079345703,30400000,0.0,0.0,56.19300079345703
2018-06-08,55.909000396728516,56.333499908447266,55.60749816894531,56.04349899291992,25816000,0.0,0.0,56.04349899291992
2018-06-11,55.93000030517578,56.862998962402344,55.93000030517578,56.4995002746582,21586000,0.0,0.0,56.4995002746582
2018-06-12,56.55350112915039,56.989498138427734,56.53675079345703,56.965999603271484,18240000,0.0,0.0,56.965999603271484
2018-06-13,57.055999755859375,57.32500076293945,56.66899871826172,56.739498138427734,30128000,0.0,0.0,56.739498138427734
2018-06-14,57.192501068115234,57.77349853515625,57.03200149536133,57.60599899291992,26868000,0.0,0.0,57.60599899291992
2018-06-15,57.44300079345703,57.67100143432617,57.174251556396484,57.612998962402344,42450000,0.0,0.0,57.612998962402344
2018-06-18,57.182498931884766,58.71549987792969,57.179500579833984,58.67300033569336,28274000,0.0,0.0,58.67300033569336
2018-06-19,57.92499923706055,58.563499450683594,57.70050048828125,58.40299987792969,32420000,0.0,0.0,58.40299987792969
2018-06-20,58.765499114990234,59.314300537109375,58.45800018310547,58.492000579833984,32970000,0.0,0.0,58.492000579833984
2018-06-21,58.74250030517578,58.864749908447266,57.61159896850586,57.882999420166016,24762000,0.0,0.0,57.882999420166016
2018-06-22,57.957000732421875,58.12485122680664,57.362998962402344,57.77399826049805,26220000,0.0,0.0,57.77399826049805
2018-06-25,57.18000030517578,57.195499420166016,55.638999938964844,56.240501403808594,43146000,0.0,0.0,56.240501403808594
2018-06-26,56.400001525878906,56.660499572753906,55.832950592041016,55.92300033569336,31264000,0.0,0.0,55.92300033569336
2018-06-27,56.06700134277344,56.591800689697266,55.180999755859375,55.19900131225586,25878000,0.0,0.0,55.19900131225586
2018-06-28,55.10449981689453,56.115501403808594,54.800498962402344,55.71099853515625,21448000,0.0,0.0,55.71099853515625
2018-06-29,56.0,56.41135025024414,55.75,55.782501220703125,26302000,0.0,0.0,55.782501220703125
2018-07-02,54.95000076293945,56.400001525878906,54.689998626708984,56.37300109863281,24346000,0.0,0.0,56.37300109863281
2018-07-03,56.79100036621094,56.79100036621094,55.000999450683594,55.144500732421875,13580000,0.0,0.0,55.144500732421875
2018-07-05,55.5265007019043,56.375,55.42399978637695,56.2135009765625,21334000,0.0,0.0,56.2135009765625
2018-07-06,56.17900085449219,57.04650115966797,56.03684997558594,57.00849914550781,19922000,0.0,0.0,57.00849914550781
2018-07-09,57.42399978637695,57.73350143432617,57.17100143432617,57.70249938964844,18180000,0.0,0.0,57.70249938964844
2018-07-10,57.8489990234375,57.97949981689453,57.47949981689453,57.641998291015625,15968000,0.0,0.0,57.641998291015625
2018-07-11,57.22949981689453,58.214500427246094,57.04999923706055,57.69499969482422,22400000,0.0,0.0,57.69499969482422
2018-07-12,57.99449920654297,59.22050094604492,57.796749114990234,59.17399978637695,25038000,0.0,0.0,59.17399978637695
2018-07-13,59.25,59.770851135253906,59.0,59.441001892089844,24438000,0.0,0.0,59.441001892089844
2018-07-16,59.46950149536133,59.54999923706055,58.9640007019043,59.19300079345703,21114000,0.0,0.0,59.19300079345703
2018-07-17,58.611000061035156,60.152000427246094,58.529998779296875,59.939998626708984,32208000,0.0,0.0,59.939998626708984
2018-07-18,59.827999114990234,60.224998474121094,59.516998291015625,59.79399871826172,27872000,0.0,0.0,59.79399871826172
2018-07-19,59.54999923706055,60.0,59.16600036621094,59.347999572753906,25534000,0.0,0.0,59.347999572753906
2018-07-20,59.347999572753906,59.84299850463867,59.21099853515625,59.24549865722656,24948000,0.0,0.0,59.24549865722656
2018-07-23,59.050498962402344,60.324501037597656,59.04999923706055,60.275001525878906,52384000,0.0,0.0,60.275001525878906
2018-07-24,63.12950134277344,63.29999923706055,61.77799987792969,62.40399932861328,66364000,0.0,0.0,62.40399932861328
2018-07-25,61.95650100708008,63.292999267578125,61.95650100708008,63.185001373291016,42556000,0.0,0.0,63.185001373291016
2018-07-26,62.54999923706055,63.488548278808594,62.45100021362305,63.416500091552734,48112000,0.0,0.0,63.416500091552734
2018-07-27,63.54999923706055,63.69449996948242,61.54999923706055,61.92499923706055,42612000,0.0,0.0,61.92499923706055
2018-07-30,61.4005012512207,61.74580001831055,60.57350158691406,60.98699951171875,36998000,0.0,0.0,60.98699951171875
2018-07-31,61.0004997253418,61.379398345947266,60.279998779296875,60.862998962402344,32894000,0.0,0.0,60.862998962402344
2018-08-01,61.400001525878906,61.673500061035156,60.510501861572266,61.0004997253418,31344000,0.0,0.0,61.0004997253418
2018-08-02,60.29499816894531,61.49399948120117,60.239498138427734,61.307498931884766,30626000,0.0,0.0,61.307498931884766
2018-08-03,61.48099899291992,61.5,60.75299835205078,61.18550109863281,21792000,0.0,0.0,61.18550109863281
2018-08-06,61.25,61.30440139770508,60.78984832763672,61.23849868774414,21634000,0.0,0.0,61.23849868774414
2018-08-07,61.849998474121094,62.55849838256836,61.80849838256836,62.111000061035156,29880000,0.0,0.0,62.111000061035156
2018-08-08,62.02349853515625,62.82500076293945,61.90039825439453,62.28049850463867,27406000,0.0,0.0,62.28049850463867
2018-08-09,62.494998931884766,62.777099609375,62.300498962402344,62.45500183105469,16972000,0.0,0.0,62.45500183105469
2018-08-10,62.150001525878906,62.284751892089844,61.599998474121094,61.88050079345703,22174000,0.0,0.0,61.88050079345703
2018-08-13,61.8489990234375,62.46364974975586,61.68204879760742,61.7504997253418,19946000,0.0,0.0,61.7504997253418
2018-08-14,61.759498596191406,62.29349899291992,61.25550079345703,62.10499954223633,26962000,0.0,0.0,62.10499954223633
2018-08-15,61.4630012512207,61.762001037597656,60.47549819946289,60.71900177001953,36576000,0.0,0.0,60.71900177001953
2018-08-16,61.23649978637695,61.29999923706055,60.127498626708984,60.324501037597656,26864000,0.0,0.0,60.324501037597656
2018-08-17,60.10150146484375,60.45100021362305,59.4119987487793,60.04800033569336,27792000,0.0,0.0,60.04800033569336
2018-08-20,60.250999450683594,60.54999923706055,59.731300354003906,60.38850021362305,17416000,0.0,0.0,60.38850021362305
2018-08-21,60.400001525878906,60.862998962402344,60.0177001953125,60.08100128173828,24112000,0.0,0.0,60.08100128173828
2018-08-22,60.0,60.59199905395508,59.95000076293945,60.36650085449219,17748000,0.0,0.0,60.36650085449219
2018-08-23,60.356998443603516,61.06399917602539,60.21200180053711,60.26900100708008,19852000,0.0,0.0,60.26900100708008
2018-08-24,60.441001892089844,61.08250045776367,60.31795120239258,61.032501220703125,18932000,0.0,0.0,61.032501220703125
2018-08-27,61.380001068115234,62.15449905395508,61.28580093383789,62.090999603271484,23126000,0.0,0.0,62.090999603271484
2018-08-28,62.06449890136719,62.12725067138672,61.43450164794922,61.557498931884766,26080000,0.0,0.0,61.557498931884766
2018-08-29,61.872501373291016,62.53300094604492,61.81795120239258,62.46500015258789,25978000,0.0,0.0,62.46500015258789
2018-08-30,62.21149826049805,62.6817512512207,61.62950134277344,61.95600128173828,26628000,0.0,0.0,61.95600128173828
2018-08-31,61.749000549316406,61.93299865722656,60.56425094604492,60.90950012207031,36328000,0.0,0.0,60.90950012207031
2018-09-04,60.2135009765625,60.64950180053711,59.625,59.849998474121094,36620000,0.0,0.0,59.849998474121094
2018-09-05,59.689998626708984,59.95050048828125,58.099998474121094,59.32400131225586,41226000,0.0,0.0,59.32400131225586
2018-09-06,59.314998626708984,59.314998626708984,57.599998474121094,58.571998596191406,37770000,0.0,0.0,58.571998596191406
2018-09-07,57.93349838256836,58.76300048828125,57.860748291015625,58.24150085449219,28026000,0.0,0.0,58.24150085449219
2018-09-10,58.609500885009766,58.72700119018555,58.00550079345703,58.231998443603516,22308000,0.0,0.0,58.231998443603516
2018-09-11,58.08150100708008,58.933998107910156,57.8120002746582,58.86800003051758,24186000,0.0,0.0,58.86800003051758
2018-09-12,58.63600158691406,58.93050003051758,57.917999267578125,58.14099884033203,25910000,0.0,0.0,58.14099884033203
2018-09-13,58.5369987487793,58.93050003051758,58.14250183105469,58.76649856567383,28624000,0.0,0.0,58.76649856567383
2018-09-14,58.95500183105469,59.0212516784668,58.416500091552734,58.62649917602539,18880000,0.0,0.0,58.62649917602539
2018-09-17,58.50699996948242,58.86199951171875,57.701499938964844,57.8025016784668,26130000,0.0,0.0,57.8025016784668
2018-09-18,57.85449981689453,58.80400085449219,57.85449981689453,58.06100082397461,24072000,0.0,0.0,58.06100082397461
2018-09-19,58.249000549316406,58.660499572753906,57.729000091552734,58.554500579833984,23828000,0.0,0.0,58.554500579833984
2018-09-20,58.9995002746582,59.49449920654297,58.667999267578125,59.34349822998047,24508000,0.0,0.0,59.34349822998047
2018-09-21,59.599998474121094,59.61050033569336,58.301998138427734,58.304500579833984,88112000,0.0,0.0,58.304500579833984
2018-09-24,57.85850143432617,58.900001525878906,57.34550094604492,58.66849899291992,25420000,0.0,0.0,58.66849899291992
2018-09-25,58.807498931884766,59.34400177001953,58.400001525878906,59.23249816894531,19554000,0.0,0.0,59.23249816894531
2018-09-26,59.25749969482422,59.71149826049805,58.738250732421875,59.02450180053711,29246000,0.0,0.0,59.02450180053711
2018-09-27,59.33649826049805,60.10499954223633,59.18149948120117,59.731998443603516,25216000,0.0,0.0,59.731998443603516
2018-09-28,59.59349822998047,59.77050018310547,59.224998474121094,59.673500061035156,27612000,0.0,0.0,59.673500061035156
2018-10-01,59.99449920654297,60.494998931884766,59.51499938964844,59.765499114990234,27152000,0.0,0.0,59.765499114990234
2018-10-02,59.54800033569336,60.49800109863281,59.33150100708008,60.00550079345703,33758000,0.0,0.0,60.00550079345703
2018-10-03,60.25,60.320499420166016,59.69150161743164,60.147499084472656,25124000,0.0,0.0,60.147499084472656
2018-10-04,59.76649856567383,59.8754997253418,57.77880096435547,58.40950012207031,44190000,0.0,0.0,58.40950012207031
2018-10-05,58.375,58.67499923706055,57.25600051879883,57.86750030517578,23686000,0.0,0.0,57.86750030517578
2018-10-08,57.50550079345703,58.400001525878906,56.36819839477539,57.44850158691406,38648000,0.0,0.0,57.44850158691406
2018-10-09,57.307498931884766,57.717498779296875,56.87860107421875,56.941001892089844,26174000,0.0,0.0,56.941001892089844
2018-10-10,56.55400085449219,56.60850143432617,54.05649948120117,54.06100082397461,53514000,0.0,0.0,54.06100082397461
2018-10-11,53.64699935913086,55.31999969482422,53.41350173950195,53.965999603271484,58980000,0.0,0.0,53.965999603271484
2018-10-12,55.400001525878906,55.75,54.320098876953125,55.50400161743164,42026000,0.0,0.0,55.50400161743164
2018-10-15,55.445499420166016,55.672298431396484,54.45000076293945,54.61249923706055,27448000,0.0,0.0,54.61249923706055
2018-10-16,55.22949981689453,56.21099853515625,55.125,56.06399917602539,38570000,0.0,0.0,56.06399917602539
2018-10-17,56.323001861572266,56.449501037597656,55.109500885009766,55.78450012207031,29344000,0.0,0.0,55.78450012207031
2018-10-18,56.09199905395508,56.09199905395508,53.85449981689453,54.39849853515625,41890000,0.0,0.0,54.39849853515625
2018-10-19,54.66849899291992,55.518001556396484,54.38750076293945,54.823001861572266,25352000,0.0,0.0,54.823001861572266
2018-10-22,55.15299987792969,55.61149978637695,54.54999923706055,55.05799865722656,30284000,0.0,0.0,55.05799865722656
2018-10-23,54.044498443603516,55.394500732421875,53.5,55.18450164794922,36974000,0.0,0.0,55.18450164794922
2018-10-24,55.212501525878906,55.305999755859375,52.4370002746582,52.535499572753906,39648000,0.0,0.0,52.535499572753906
2018-10-25,53.589500427246094,55.54899978637695,53.477500915527344,54.778499603271484,50916000,0.0,0.0,54.778499603271484
2018-10-26,51.85150146484375,55.326499938964844,51.704498291015625,53.57350158691406,83752000,0.0,0.0,53.57350158691406
2018-10-29,54.12350082397461,54.85200119018555,49.791500091552734,51.00400161743164,77614000,0.0,0.0,51.00400161743164
2018-10-30,50.42300033569336,51.8745002746582,50.037498474121094,51.81050109863281,64254000,0.0,0.0,51.81050109863281
2018-10-31,52.990501403808594,54.59700012207031,52.849998474121094,53.8385009765625,50596000,0.0,0.0,53.8385009765625
2018-11-01,53.790000915527344,54.19874954223633,53.12300109863281,53.5,29640000,0.0,0.0,53.5
2018-11-02,53.686500549316406,54.14875030517578,52.730499267578125,52.88949966430664,36780000,0.0,0.0,52.88949966430664
2018-11-05,52.75,52.923500061035156,51.0620002746582,52.00450134277344,48828000,0.0,0.0,52.00450134277344
2018-11-06,51.9739990234375,53.21725082397461,51.903499603271484,52.79050064086914,24666000,0.0,0.0,52.79050064086914
2018-11-07,53.45000076293945,54.77299880981445,53.29499816894531,54.669498443603516,41168000,0.0,0.0,54.669498443603516
2018-11-08,54.569000244140625,54.66350173950195,53.61024856567383,54.119998931884766,29764000,0.0,0.0,54.119998931884766
2018-11-09,53.699501037597656,53.77799987792969,52.65549850463867,53.307498931884766,26864000,0.0,0.0,53.307498931884766
2018-11-12,53.06949996948242,53.10599899291992,51.54999923706055,51.93149948120117,29436000,0.0,0.0,51.93149948120117
2018-11-13,52.16450119018555,52.83024978637695,51.557498931884766,51.8025016784668,30274000,0.0,0.0,51.8025016784668
2018-11-14,52.5,52.72819900512695,51.54999923706055,52.18299865722656,31318000,0.0,0.0,52.18299865722656
2018-11-15,52.23550033569336,53.592498779296875,51.5890007019043,53.23550033569336,36722000,0.0,0.0,53.23550033569336
2018-11-16,52.97050094604492,53.349998474121094,52.44900131225586,53.074501037597656,33162000,0.0,0.0,53.074501037597656
2018-11-19,52.86000061035156,53.03950119018555,50.8129997253418,51.0,37172000,0.0,0.0,51.0
2018-11-20,50.0,51.58700180053711,49.80099868774414,51.28799819946289,48982000,0.0,0.0,51.28799819946289
2018-11-21,51.8380012512207,52.428001403808594,51.673500061035156,51.88050079345703,30686000,0.0,0.0,51.88050079345703
2018-11-23,51.5,51.87950134277344,51.11994934082031,51.194000244140625,13830000,0.0,0.0,51.194000244140625
2018-11-26,51.91749954223633,52.46549987792969,51.695499420166016,52.430999755859375,38856000,0.0,0.0,52.430999755859375
2018-11-27,52.04999923706055,52.87900161743164,51.92449951171875,52.22050094604492,36064000,0.0,0.0,52.22050094604492
2018-11-28,52.4379997253418,54.34199905395508,51.78799819946289,54.311500549316406,49508000,0.0,0.0,54.311500549316406
2018-11-29,53.80400085449219,54.712249755859375,53.79999923706055,54.415000915527344,29378000,0.0,0.0,54.415000915527344
2018-11-30,54.45349884033203,54.778499603271484,53.89400100708008,54.721500396728516,51604000,0.0,0.0,54.721500396728516
2018-12-03,56.15700149536133,56.23249816894531,55.183250427246094,55.32149887084961,39824000,0.0,0.0,55.32149887084961
2018-12-04,55.15599822998047,55.22100067138672,52.499000549316406,52.54100036621094,46904000,0.0,0.0,52.54100036621094
2018-12-06,51.7130012512207,53.560001373291016,51.53850173950195,53.436500549316406,55384000,0.0,0.0,53.436500549316406
2018-12-07,53.0004997253418,53.76300048828125,51.42499923706055,51.82899856567383,42024000,0.0,0.0,51.82899856567383
2018-12-10,51.752498626708984,52.42250061035156,51.16450119018555,51.977500915527344,36154000,0.0,0.0,51.977500915527344
2018-12-11,52.824501037597656,53.029998779296875,51.992000579833984,52.587501525878906,27894000,0.0,0.0,52.587501525878906
2018-12-12,53.400001525878906,54.08250045776367,53.13949966430664,53.183998107910156,30476000,0.0,0.0,53.183998107910156
2018-12-13,53.403499603271484,53.987998962402344,52.69649887084961,53.095001220703125,26596000,0.0,0.0,53.095001220703125
2018-12-14,52.499000549316406,53.130001068115234,52.03950119018555,52.10499954223633,33732000,0.0,0.0,52.10499954223633
2018-12-17,51.8754997253418,52.657501220703125,50.39500045776367,50.826499938964844,47708000,0.0,0.0,50.826499938964844
2018-12-18,51.304500579833984,52.4739990234375,51.071998596191406,51.43550109863281,43850000,0.0,0.0,51.43550109863281
2018-12-19,51.699501037597656,53.099998474121094,50.40250015258789,51.1505012512207,49586000,0.0,0.0,51.1505012512207
2018-12-20,50.90650177001953,51.71099853515625,49.81800079345703,50.47050094604492,53470000,0.0,0.0,50.47050094604492
2018-12-21,50.76499938964844,51.20100021362305,48.68450164794922,48.97700119018555,91920000,0.0,0.0,48.97700119018555
2018-12-24,48.69499969482422,50.176998138427734,48.50550079345703,48.81100082397461,31806000,0.0,0.0,48.81100082397461
2018-12-26,49.45050048828125,52.0,49.150001525878906,51.972999572753906,47466000,0.0,0.0,51.972999572753906
2018-12-27,50.85749816894531,52.19449996948242,49.849998474121094,52.194000244140625,42196000,0.0,0.0,52.194000244140625
2018-12-28,52.48099899291992,52.77799987792969,51.654998779296875,51.854000091552734,28296000,0.0,0.0,51.854000091552734
2018-12-31,52.54800033569336,52.6349983215332,51.179500579833984,51.78049850463867,29866000,0.0,0.0,51.78049850463867
2019-01-02,50.82849884033203,52.61600112915039,50.785499572753906,52.29249954223633,30652000,0.0,0.0,52.29249954223633
2019-01-03,52.04999923706055,52.8489990234375,50.70349884033203,50.803001403808594,36822000,0.0,0.0,50.803001403808594
2019-01-04,51.62950134277344,53.54199981689453,51.37089920043945,53.535499572753906,41878000,0.0,0.0,53.535499572753906
2019-01-07,53.57500076293945,53.70000076293945,52.737998962402344,53.419498443603516,39638000,0.0,0.0,53.419498443603516
2019-01-08,53.80550003051758,54.22800064086914,53.0265007019043,53.81399917602539,35298000,0.0,0.0,53.81399917602539
2019-01-09,54.08250045776367,54.131500244140625,53.31999969482422,53.733001708984375,23986000,0.0,0.0,53.733001708984375
2019-01-10,53.382999420166016,53.557498931884766,52.885501861572266,53.51649856567383,29128000,0.0,0.0,53.51649856567383
2019-01-11,53.159000396728516,53.188751220703125,52.42399978637695,52.859500885009766,30416000,0.0,0.0,52.859500885009766
2019-01-14,52.34600067138672,52.576499938964844,52.06275177001953,52.234500885009766,22886000,0.0,0.0,52.234500885009766
2019-01-15,52.50849914550781,54.002498626708984,52.367000579833984,53.85749816894531,29272000,0.0,0.0,53.85749816894531
2019-01-16,54.0,54.618751525878906,53.96699905395508,54.048500061035156,26636000,0.0,0.0,54.048500061035156
2019-01-17,53.9734992980957,54.59000015258789,53.67499923706055,54.494998931884766,24854000,0.0,0.0,54.494998931884766
2019-01-18,55.0,55.417598724365234,54.54499816894531,54.91299819946289,39112000,0.0,0.0,54.91299819946289
2019-01-22,54.400001525878906,54.57550048828125,53.173500061035156,53.5260009765625,32270000,0.0,0.0,53.5260009765625
2019-01-23,53.86750030517578,54.246498107910156,52.98749923706055,53.778499603271484,19340000,0.0,0.0,53.778499603271484
2019-01-24,53.82400131225586,53.973751068115234,53.03499984741211,53.69499969482422,27226000,0.0,0.0,53.69499969482422
2019-01-25,54.25,54.70000076293945,54.090999603271484,54.54949951171875,22382000,0.0,0.0,54.54949951171875
2019-01-28,54.00550079345703,54.150001525878906,53.189998626708984,53.50400161743164,25686000,0.0,0.0,53.50400161743164
2019-01-29,53.63399887084961,53.75749969482422,52.793251037597656,53.03099822998047,20436000,0.0,0.0,53.03099822998047
2019-01-30,53.42150115966797,54.54999923706055,53.342498779296875,54.452999114990234,25596000,0.0,0.0,54.452999114990234
2019-01-31,55.150001525878906,55.86650085449219,54.77050018310547,55.81850051879883,30766000,0.0,0.0,55.81850051879883
2019-02-01,55.619998931884766,56.25,55.24449920654297,55.537498474121094,29244000,0.0,0.0,55.537498474121094
2019-02-04,55.632999420166016,56.63999938964844,55.45100021362305,56.63999938964844,51530000,0.0,0.0,56.63999938964844
2019-02-05,56.242000579833984,57.342498779296875,55.86240005493164,57.29949951171875,71044000,0.0,0.0,57.29949951171875
2019-02-06,56.97850036621094,57.349998474121094,55.63850021362305,55.76150131225586,42112000,0.0,0.0,55.76150131225586
2019-02-07,55.20800018310547,55.242000579833984,54.29999923706055,54.93550109863281,40896000,0.0,0.0,54.93550109863281
2019-02-08,54.349998474121094,54.945499420166016,54.32749938964844,54.75299835205078,21516000,0.0,0.0,54.75299835205078
2019-02-11,54.84749984741211,55.29724884033203,54.643001556396484,54.7504997253418,21304000,0.0,0.0,54.7504997253418
2019-02-12,55.34000015258789,56.26475143432617,55.29249954223633,56.06850051879883,32182000,0.0,0.0,56.06850051879883
2019-02-13,56.2495002746582,56.73649978637695,55.92499923706055,56.007999420166016,20996000,0.0,0.0,56.007999420166016
2019-02-14,55.90250015258789,56.4114990234375,55.52225112915039,56.083499908447266,18952000,0.0,0.0,56.083499908447266
2019-02-15,56.50400161743164,56.583499908447266,55.532501220703125,55.682498931884766,28996000,0.0,0.0,55.682498931884766
2019-02-19,55.5,56.09450149536133,55.5,55.928001403808594,20928000,0.0,0.0,55.928001403808594
2019-02-20,55.9995002746582,56.170501708984375,55.263999938964844,55.689998626708984,21756000,0.0,0.0,55.689998626708984
2019-02-21,55.54199981689453,55.59700012207031,54.625999450683594,54.8484992980957,28302000,0.0,0.0,54.8484992980957
2019-02-22,55.04499816894531,55.5620002746582,54.779998779296875,55.51850128173828,20990000,0.0,0.0,55.51850128173828
2019-02-25,55.79999923706055,55.926998138427734,55.36349868774414,55.470001220703125,28262000,0.0,0.0,55.470001220703125
2019-02-26,55.287498474121094,55.97549819946289,54.99599838256836,55.756500244140625,29426000,0.0,0.0,55.756500244140625
2019-02-27,55.34749984741211,55.89899826049805,55.04999923706055,55.8025016784668,19368000,0.0,0.0,55.8025016784668
2019-02-28,55.564998626708984,56.38249969482422,55.550498962402344,55.99599838256836,30850000,0.0,0.0,55.99599838256836
2019-03-01,56.244998931884766,57.14849853515625,56.23749923706055,57.04949951171875,29006000,0.0,0.0,57.04949951171875
2019-03-04,57.3494987487793,57.91400146484375,56.53450012207031,57.38999938964844,28920000,0.0,0.0,57.38999938964844
2019-03-05,57.50299835205078,58.480499267578125,57.309749603271484,58.10150146484375,28864000,0.0,0.0,58.10150146484375
2019-03-06,58.1245002746582,58.378299713134766,57.77450180053711,57.893001556396484,21986000,0.0,0.0,57.893001556396484
2019-03-07,57.7859992980957,57.83774948120117,56.74549865722656,57.165000915527344,23332000,0.0,0.0,57.165000915527344
2019-03-08,56.33649826049805,57.354000091552734,56.165000915527344,57.11600112915039,24248000,0.0,0.0,57.11600112915039
2019-03-11,57.22249984741211,58.80950164794922,57.22249984741211,58.78799819946289,34384000,0.0,0.0,58.78799819946289
2019-03-12,58.91299819946289,60.0,58.91299819946289,59.65999984741211,40262000,0.0,0.0,59.65999984741211
2019-03-13,60.032249450683594,60.04650115966797,59.59700012207031,59.66600036621094,28718000,0.0,0.0,59.66600036621094
2019-03-14,59.72549819946289,59.89400100708008,59.2239990234375,59.27750015258789,23456000,0.0,0.0,59.27750015258789
2019-03-15,59.66899871826172,59.82849884033203,59.13050079345703,59.222999572753906,49236000,0.0,0.0,59.222999572753906
2019-03-18,59.165000915527344,59.5,58.87105178833008,59.2130012512207,25852000,0.0,0.0,59.2130012512207
2019-03-19,59.44049835205078,60.0,59.29349899291992,59.942501068115234,30414000,0.0,0.0,59.942501068115234
2019-03-20,59.86750030517578,61.356998443603516,59.80849838256836,61.19850158691406,44548000,0.0,0.0,61.19850158691406
2019-03-21,60.79999923706055,61.589500427246094,60.657501220703125,61.57699966430664,24080000,0.0,0.0,61.57699966430664
2019-03-22,61.316001892089844,61.5,60.14125061035156,60.275001525878906,34284000,0.0,0.0,60.275001525878906
2019-03-25,59.846500396728516,60.31990051269531,59.35200119018555,59.650001525878906,29936000,0.0,0.0,59.650001525878906
2019-03-26,59.92649841308594,60.14149856567383,58.83599853515625,59.23099899291992,38024000,0.0,0.0,59.23099899291992
2019-03-27,59.275001525878906,59.37794876098633,57.96849822998047,58.6510009765625,28004000,0.0,0.0,58.6510009765625
2019-03-28,58.57699966430664,58.578250885009766,57.97154998779297,58.42449951171875,19234000,0.0,0.0,58.42449951171875
2019-03-29,58.744998931884766,58.949501037597656,58.14400100708008,58.66550064086914,25398000,0.0,0.0,58.66550064086914
2019-04-01,59.20500183105469,59.83300018310547,59.099998474121094,59.721500396728516,25050000,0.0,0.0,59.721500396728516
2019-04-02,59.76599884033203,60.067501068115234,59.285499572753906,60.02450180053711,16558000,0.0,0.0,60.02450180053711
2019-04-03,60.374000549316406,60.814998626708984,60.025001525878906,60.29600143432617,20286000,0.0,0.0,60.29600143432617
2019-04-04,60.297000885009766,60.78350067138672,60.20650100708008,60.75,19000000,0.0,0.0,60.75
2019-04-05,60.7495002746582,60.81100082397461,60.25149917602539,60.35749816894531,18144000,0.0,0.0,60.35749816894531
2019-04-08,60.394500732421875,60.43450164794922,59.99300003051758,60.19200134277344,17204000,0.0,0.0,60.19200134277344
2019-04-09,59.79999923706055,60.114498138427734,59.65399932861328,59.86249923706055,17528000,0.0,0.0,59.86249923706055
2019-04-10,60.034000396728516,60.18925094604492,59.82175064086914,60.108001708984375,14492000,0.0,0.0,60.108001708984375
2019-04-11,60.198001861572266,60.39799880981445,60.006500244140625,60.23099899291992,14204000,0.0,0.0,60.23099899291992
2019-04-12,60.5,60.91749954223633,60.40549850463867,60.89350128173828,18668000,0.0,0.0,60.89350128173828
2019-04-15,60.900001525878906,61.209999084472656,60.455501556396484,61.05500030517578,23748000,0.0,0.0,61.05500030517578
2019-04-16,61.25,61.54100036621094,61.00600051879883,61.35649871826172,17126000,0.0,0.0,61.35649871826172
2019-04-17,61.650001525878906,62.02799987792969,61.39099884033203,61.81700134277344,24438000,0.0,0.0,61.81700134277344
2019-04-18,61.95899963378906,62.099998474121094,61.730499267578125,61.81850051879883,26636000,0.0,0.0,61.81850051879883
2019-04-22,61.79949951171875,62.454498291015625,61.41550064086914,62.44200134277344,16146000,0.0,0.0,62.44200134277344
2019-04-23,62.53450012207031,63.45000076293945,62.319000244140625,63.227500915527344,26398000,0.0,0.0,63.227500915527344
2019-04-24,63.20600128173828,63.4005012512207,62.75,62.79999923706055,20376000,0.0,0.0,62.79999923706055
2019-04-25,63.23849868774414,63.370399475097656,62.60150146484375,63.17250061035156,22146000,0.0,0.0,63.17250061035156
2019-04-26,63.45000076293945,63.653499603271484,63.01599884033203,63.60900115966797,24828000,0.0,0.0,63.60900115966797
2019-04-29,63.70000076293945,64.4635009765625,63.31475067138672,64.37899780273438,49988000,0.0,0.0,64.37899780273438
2019-04-30,59.25,59.640499114990234,58.75,59.42399978637695,124140000,0.0,0.0,59.42399978637695
2019-05-01,59.40250015258789,59.40250015258789,58.35900115966797,58.40399932861328,52784000,0.0,0.0,58.40399932861328
2019-05-02,58.38800048828125,58.70949935913086,57.750099182128906,58.13050079345703,38896000,0.0,0.0,58.13050079345703
2019-05-03,58.682498931884766,59.34000015258789,58.45000076293945,59.27000045776367,39614000,0.0,0.0,59.27000045776367
2019-05-06,58.3129997253418,59.54249954223633,58.3129997253418,59.46950149536133,31278000,0.0,0.0,59.46950149536133
2019-05-07,59.02349853515625,59.52199935913086,58.051998138427734,58.70500183105469,31028000,0.0,0.0,58.70500183105469
2019-05-08,58.60049819946289,59.02119827270508,58.2869987487793,58.313499450683594,26186000,0.0,0.0,58.313499450683594
2019-05-09,57.951499938964844,58.483001708984375,57.54249954223633,58.11899948120117,23714000,0.0,0.0,58.11899948120117
2019-05-10,58.179500579833984,58.630001068115234,57.125,58.2135009765625,26290000,0.0,0.0,58.2135009765625
2019-05-13,57.097999572753906,57.39699935913086,56.105499267578125,56.60150146484375,37212000,0.0,0.0,56.60150146484375
2019-05-14,56.86050033569336,57.020999908447266,55.977500915527344,56.02199935913086,36732000,0.0,0.0,56.02199935913086
2019-05-15,55.89350128173828,58.56650161743164,55.83330154418945,58.21049880981445,45786000,0.0,0.0,58.21049880981445
2019-05-16,58.22549819946289,59.40800094604492,58.141998291015625,58.94900131225586,30628000,0.0,0.0,58.94900131225586
2019-05-17,58.423500061035156,59.00749969482422,58.0004997253418,58.1150016784668,24172000,0.0,0.0,58.1150016784668
2019-05-20,57.224998474121094,57.33985137939453,56.57215118408203,56.942501068115234,27066000,0.0,0.0,56.942501068115234
2019-05-21,57.42449951171875,57.635398864746094,56.89699935913086,57.48149871826172,23196000,0.0,0.0,57.48149871826172
2019-05-22,57.337501525878906,57.92599868774414,57.294498443603516,57.57099914550781,18290000,0.0,0.0,57.57099914550781
2019-05-23,57.025001525878906,57.298648834228516,56.46120071411133,57.03850173950195,23978000,0.0,0.0,57.03850173950195
2019-05-24,57.36800003051758,57.488250732421875,56.58300018310547,56.673500061035156,22240000,0.0,0.0,56.673500061035156
2019-05-28,56.70000076293945,57.579349517822266,56.65599822998047,56.70750045776367,27300000,0.0,0.0,56.70750045776367
2019-05-29,56.375999450683594,56.45500183105469,55.4109992980957,55.823001861572266,30764000,0.0,0.0,55.823001861572266
2019-05-30,55.777000427246094,56.15650177001953,55.60599899291992,55.897499084472656,19038000,0.0,0.0,55.897499084472656
2019-05-31,55.06449890136719,55.47999954223633,55.00899887084961,55.18149948120117,30156000,0.0,0.0,55.18149948120117
2019-06-03,53.275001525878906,53.275001525878906,51.25,51.811500549316406,102612000,0.0,0.0,51.811500549316406
2019-06-04,52.14500045776367,52.8025016784668,51.68450164794922,52.65250015258789,56670000,0.0,0.0,52.65250015258789
2019-06-05,52.57699966430664,52.6775016784668,51.52450180053711,52.111000061035156,43368000,0.0,0.0,52.111000061035156
2019-06-06,52.2495002746582,52.3745002746582,51.685001373291016,52.21699905395508,34064000,0.0,0.0,52.21699905395508
2019-06-07,52.53150177001953,53.54600143432617,52.41999816894531,53.301998138427734,36048000,0.0,0.0,53.301998138427734
2019-06-10,53.64899826049805,54.632999420166016,53.6161003112793,54.01900100708008,29284000,0.0,0.0,54.01900100708008
2019-06-11,54.69900131225586,55.0994987487793,53.880149841308594,53.93600082397461,28734000,0.0,0.0,53.93600082397461
2019-06-12,53.900001525878906,54.04650115966797,53.37699890136719,53.85150146484375,21220000,0.0,0.0,53.85150146484375
2019-06-13,54.18199920654297,54.708499908447266,54.00749969482422,54.438499450683594,21154000,0.0,0.0,54.438499450683594
2019-06-14,54.32099914550781,54.634498596191406,54.00859832763672,54.26750183105469,22230000,0.0,0.0,54.26750183105469
2019-06-17,54.31399917602539,54.95899963378906,54.31399917602539,54.625,18832000,0.0,0.0,54.625
2019-06-18,55.484500885009766,55.81949996948242,54.949501037597656,55.18000030517578,27734000,0.0,0.0,55.18000030517578
2019-06-19,55.279998779296875,55.349998474121094,54.67399978637695,55.11650085449219,26776000,0.0,0.0,55.11650085449219
2019-06-20,55.9995002746582,56.00600051879883,55.23699951171875,55.57099914550781,25240000,0.0,0.0,55.57099914550781
2019-06-21,55.46200180053711,56.205501556396484,55.40399932861328,56.09400177001953,38952000,0.0,0.0,56.09400177001953
2019-06-24,55.980499267578125,56.099998474121094,55.550498962402344,55.7760009765625,27912000,0.0,0.0,55.7760009765625
2019-06-25,55.632999420166016,55.717498779296875,54.189998626708984,54.317501068115234,30938000,0.0,0.0,54.317501068115234
2019-06-26,54.32500076293945,54.64849853515625,53.61199951171875,53.9900016784668,36218000,0.0,0.0,53.9900016784668
2019-06-27,54.20000076293945,54.35499954223633,53.76449966430664,53.800498962402344,20086000,0.0,0.0,53.800498962402344
2019-06-28,53.81949996948242,54.04999923706055,53.66849899291992,54.045501708984375,33864000,0.0,0.0,54.045501708984375
2019-07-01,54.900001525878906,55.37900161743164,54.685150146484375,54.897499084472656,28726000,0.0,0.0,54.897499084472656
2019-07-02,55.11199951171875,55.5885009765625,54.90850067138672,55.5625,19832000,0.0,0.0,55.5625
2019-07-03,55.87049865722656,56.3380012512207,55.69300079345703,56.07899856567383,15340000,0.0,0.0,56.07899856567383
2019-07-05,55.88999938964844,56.64400100708008,55.80699920654297,56.579498291015625,25286000,0.0,0.0,56.579498291015625
2019-07-08,56.25849914550781,56.29899978637695,55.56050109863281,55.817501068115234,24728000,0.0,0.0,55.817501068115234
2019-07-09,55.59000015258789,56.401248931884766,55.35850143432617,56.24150085449219,26608000,0.0,0.0,56.24150085449219
2019-07-10,56.56100082397461,57.102500915527344,56.548500061035156,57.02399826049805,24190000,0.0,0.0,57.02399826049805
2019-07-11,57.162498474121094,57.653499603271484,56.979000091552734,57.21049880981445,23910000,0.0,0.0,57.21049880981445
2019-07-12,57.199501037597656,57.367000579833984,56.93899917602539,57.244998931884766,17280000,0.0,0.0,57.244998931884766
2019-07-15,57.34299850463867,57.54100036621094,56.970001220703125,57.516998291015625,18076000,0.0,0.0,57.516998291015625
2019-07-16,57.29999923706055,57.92900085449219,57.25,57.67900085449219,24776000,0.0,0.0,57.67900085449219
2019-07-17,57.548500061035156,57.917999267578125,57.28850173950195,57.317501068115234,23400000,0.0,0.0,57.317501068115234
2019-07-18,57.08700180053711,57.3802490234375,56.63650131225586,57.31650161743164,25814000,0.0,0.0,57.31650161743164
2019-07-19,57.40950012207031,57.55699920654297,56.48099899291992,56.505001068115234,32944000,0.0,0.0,56.505001068115234
2019-07-22,56.67250061035156,56.962501525878906,56.21200180053711,56.903499603271484,26030000,0.0,0.0,56.903499603271484
2019-07-23,57.20000076293945,57.345001220703125,56.59000015258789,57.31050109863281,21874000,0.0,0.0,57.31050109863281
2019-07-24,56.595001220703125,57.20000076293945,56.3494987487793,56.890499114990234,31796000,0.0,0.0,56.890499114990234
2019-07-25,56.89099884033203,57.084999084472656,56.04600143432617,56.60599899291992,44196000,0.0,0.0,56.60599899291992
2019-07-26,61.20199966430664,63.27750015258789,61.20000076293945,62.52050018310547,96116000,0.0,0.0,62.52050018310547
2019-07-29,62.0525016784668,62.368499755859375,61.4114990234375,61.97050094604492,44474000,0.0,0.0,61.97050094604492
2019-07-30,61.27050018310547,61.743499755859375,61.165000915527344,61.25699996948242,29066000,0.0,0.0,61.25699996948242
2019-07-31,61.150001525878906,61.70000076293945,60.38819885253906,60.83399963378906,34510000,0.0,0.0,60.83399963378906
2019-08-01,60.701499938964844,61.705501556396484,60.2859992980957,60.45050048828125,33970000,0.0,0.0,60.45050048828125
2019-08-02,60.0369987487793,60.345001220703125,59.446998596191406,59.699501037597656,32902000,0.0,0.0,59.699501037597656
2019-08-05,58.50199890136719,58.762001037597656,57.00699996948242,57.61600112915039,51950000,0.0,0.0,57.61600112915039
2019-08-06,58.16550064086914,58.99800109863281,58.0,58.497501373291016,34188000,0.0,0.0,58.497501373291016
2019-08-07,57.79999923706055,58.92224884033203,57.481201171875,58.699501037597656,28886000,0.0,0.0,58.699501037597656
2019-08-08,59.14149856567383,60.2504997253418,58.6510009765625,60.2400016784668,29360000,0.0,0.0,60.2400016784668
2019-08-09,59.89950180053711,60.194000244140625,59.18014907836914,59.4005012512207,21314000,0.0,0.0,59.4005012512207
2019-08-12,58.96049880981445,59.24800109863281,58.38359832763672,58.73550033569336,20060000,0.0,0.0,58.73550033569336
2019-08-13,58.573001861572266,60.23899841308594,58.573001861572266,59.86349868774414,25888000,0.0,0.0,59.86349868774414
2019-08-14,58.81549835205078,59.1150016784668,58.027000427246094,58.214500427246094,31574000,0.0,0.0,58.214500427246094
2019-08-15,58.17499923706055,58.79199981689453,58.105499267578125,58.362998962402344,24374000,0.0,0.0,58.362998962402344
2019-08-16,58.977500915527344,59.13600158691406,58.59049987792969,58.880001068115234,26266000,0.0,0.0,58.880001068115234
2019-08-19,59.50450134277344,60.3494987487793,59.50450134277344,59.92250061035156,24632000,0.0,0.0,59.92250061035156
2019-08-20,59.76250076293945,59.803001403808594,59.105499267578125,59.134498596191406,18310000,0.0,0.0,59.134498596191406
2019-08-21,59.657501220703125,59.95000076293945,59.371498107910156,59.5625,14814000,0.0,0.0,59.5625
2019-08-22,59.70349884033203,59.90060043334961,58.92900085449219,59.47650146484375,18950000,0.0,0.0,59.47650146484375
2019-08-23,59.0994987487793,59.70399856567383,57.38750076293945,57.56449890136719,33740000,0.0,0.0,57.56449890136719
2019-08-26,57.862998962402344,58.4734992980957,57.64799880981445,58.44449996948242,24522000,0.0,0.0,58.44449996948242
2019-08-27,59.0265007019043,59.119998931884766,58.0724983215332,58.391998291015625,21544000,0.0,0.0,58.391998291015625
2019-08-28,58.08549880981445,58.82099914550781,57.8650016784668,58.55099868774414,16040000,0.0,0.0,58.55099868774414
2019-08-29,59.055999755859375,59.803001403808594,59.055999755859375,59.64250183105469,21768000,0.0,0.0,59.64250183105469
2019-08-30,59.92499923706055,59.92499923706055,59.19015121459961,59.404998779296875,22596000,0.0,0.0,59.404998779296875
2019-09-03,58.85150146484375,59.34450149536133,58.15999984741211,58.419498443603516,29598000,0.0,0.0,58.419498443603516
2019-09-04,58.83549880981445,59.17399978637695,58.54999923706055,59.070499420166016,21378000,0.0,0.0,59.070499420166016
2019-09-05,59.576499938964844,60.652000427246094,59.576499938964844,60.569000244140625,28162000,0.0,0.0,60.569000244140625
2019-09-06,60.40650177001953,60.60074996948242,60.1260986328125,60.246498107910156,21442000,0.0,0.0,60.246498107910156
2019-09-09,60.20000076293945,61.0,59.63100051879883,60.22050094604492,29438000,0.0,0.0,60.22050094604492
2019-09-10,59.75749969482422,60.5,59.729000091552734,60.29999923706055,25202000,0.0,0.0,60.29999923706055
2019-09-11,60.170501708984375,61.130001068115234,60.11000061035156,61.00849914550781,26140000,0.0,0.0,61.00849914550781
2019-09-12,61.21500015258789,62.09299850463867,61.1510009765625,61.712501525878906,34518000,0.0,0.0,61.712501525878906
2019-09-13,61.567501068115234,62.04399871826172,61.35049819946289,61.97800064086914,26028000,0.0,0.0,61.97800064086914
2019-09-16,61.47600173950195,61.97800064086914,61.28049850463867,61.564998626708984,21066000,0.0,0.0,61.564998626708984
2019-09-17,61.52000045776367,61.75,61.18450164794922,61.45750045776367,19102000,0.0,0.0,61.45750045776367
2019-09-18,61.3754997253418,61.78049850463867,60.826499938964844,61.62049865722656,22702000,0.0,0.0,61.62049865722656
2019-09-19,61.60300064086914,62.22200012207031,61.60100173950195,61.93550109863281,19920000,0.0,0.0,61.93550109863281
2019-09-20,61.65599822998047,62.16600036621094,61.15399932861328,61.496498107910156,45400000,0.0,0.0,61.496498107910156
2019-09-23,61.29999923706055,61.954498291015625,61.208499908447266,61.701499938964844,21248000,0.0,0.0,61.701499938964844
2019-09-24,62.0,62.33700180053711,60.534000396728516,60.9379997253418,31664000,0.0,0.0,60.9379997253418
2019-09-25,60.79100036621094,62.415000915527344,60.50450134277344,62.32600021362305,29060000,0.0,0.0,62.32600021362305
2019-09-26,62.097999572753906,62.25,61.613399505615234,62.06949996948242,30760000,0.0,0.0,62.06949996948242
2019-09-27,62.1505012512207,62.20100021362305,60.72249984741211,61.25450134277344,27078000,0.0,0.0,61.25450134277344
2019-09-30,61.048500061035156,61.29999923706055,60.6150016784668,60.95000076293945,28082000,0.0,0.0,60.95000076293945
2019-10-01,60.95000076293945,61.561500549316406,60.17900085449219,60.255001068115234,25470000,0.0,0.0,60.255001068115234
2019-10-02,59.8489990234375,59.8489990234375,58.56449890136719,58.83150100708008,32302000,0.0,0.0,58.83150100708008
2019-10-03,59.0,59.452999114990234,58.121498107910156,59.39149856567383,32424000,0.0,0.0,59.39149856567383
2019-10-04,59.59450149536133,60.571998596191406,59.458499908447266,60.45000076293945,23248000,0.0,0.0,60.45000076293945
2019-10-07,60.220001220703125,60.91019821166992,60.1875,60.38399887084961,16858000,0.0,0.0,60.38399887084961
2019-10-08,59.87950134277344,60.30400085449219,59.45050048828125,59.45650100708008,20786000,0.0,0.0,59.45650100708008
2019-10-09,59.967498779296875,60.41749954223633,59.881500244140625,60.115501403808594,17354000,0.0,0.0,60.115501403808594
2019-10-10,59.92900085449219,60.75,59.867000579833984,60.43349838256836,16932000,0.0,0.0,60.43349838256836
2019-10-11,61.11050033569336,61.419498443603516,60.6870002746582,60.772499084472656,25454000,0.0,0.0,60.772499084472656
2019-10-14,60.617000579833984,61.31650161743164,60.5880012512207,60.856998443603516,17350000,0.0,0.0,60.856998443603516
2019-10-15,61.02000045776367,62.36650085449219,61.02000045776367,62.1505012512207,27634000,0.0,0.0,62.1505012512207
2019-10-16,62.05849838256836,62.73699951171875,61.92250061035156,62.18199920654297,21892000,0.0,0.0,62.18199920654297
2019-10-17,62.54650115966797,63.1662483215332,62.49700164794922,62.653499603271484,19048000,0.0,0.0,62.653499603271484
2019-10-18,62.67300033569336,62.94449996948242,62.05400085449219,62.27450180053711,27056000,0.0,0.0,62.27450180053711
2019-10-21,62.612998962402344,62.731449127197266,62.029998779296875,62.307498931884766,20544000,0.0,0.0,62.307498931884766
2019-10-22,62.39250183105469,62.529998779296875,62.069000244140625,62.13999938964844,20476000,0.0,0.0,62.13999938964844
2019-10-23,62.11800003051758,62.99449920654297,62.11800003051758,62.95650100708008,18230000,0.0,0.0,62.95650100708008
2019-10-24,63.04499816894531,63.20000076293945,62.68574905395508,63.04949951171875,20562000,0.0,0.0,63.04949951171875
2019-10-25,62.55149841308594,63.47999954223633,62.5004997253418,63.256500244140625,24262000,0.0,0.0,63.256500244140625
2019-10-28,63.772499084472656,64.96549987792969,63.62699890136719,64.5,52264000,0.0,0.0,64.5
2019-10-29,63.811500549316406,64.07949829101562,62.860599517822266,63.13100051879883,37728000,0.0,0.0,63.13100051879883
2019-10-30,62.64849853515625,63.46799850463867,62.599998474121094,63.06449890136719,28178000,0.0,0.0,63.06449890136719
2019-10-31,63.06399917602539,63.38349914550781,62.54214859008789,63.00550079345703,29114000,0.0,0.0,63.00550079345703
2019-11-01,63.25,63.73099899291992,63.025001525878906,63.6870002746582,33402000,0.0,0.0,63.6870002746582
2019-11-04,63.8224983215332,64.70649719238281,63.8177490234375,64.56849670410156,30020000,0.0,0.0,64.56849670410156
2019-11-05,64.64450073242188,64.94650268554688,64.56144714355469,64.60150146484375,25654000,0.0,0.0,64.60150146484375
2019-11-06,64.4729995727539,64.6865005493164,64.125,64.58999633789062,23060000,0.0,0.0,64.58999633789062
2019-11-07,64.71399688720703,66.18699645996094,64.71224975585938,65.44300079345703,40600000,0.0,0.0,65.44300079345703
2019-11-08,65.26399993896484,65.9000015258789,65.21824645996094,65.56849670410156,25028000,0.0,0.0,65.56849670410156
2019-11-11,65.15899658203125,65.32125091552734,64.87049865722656,64.95950317382812,20238000,0.0,0.0,64.95950317382812
2019-11-12,65.0,65.5,64.78849792480469,64.94000244140625,21718000,0.0,0.0,64.94000244140625
2019-11-13,64.70349884033203,65.21499633789062,64.67549896240234,64.9000015258789,16534000,0.0,0.0,64.9000015258789
2019-11-14,64.875,65.8499984741211,64.78250122070312,65.572998046875,23870000,0.0,0.0,65.572998046875
2019-11-15,65.9469985961914,66.74400329589844,65.71399688720703,66.74349975585938,35652000,0.0,0.0,66.74349975585938
2019-11-18,66.61100006103516,66.77645111083984,65.875,66.03500366210938,29748000,0.0,0.0,66.03500366210938
2019-11-19,66.38500213623047,66.38500213623047,65.63999938964844,65.77300262451172,25384000,0.0,0.0,65.77300262451172
2019-11-20,65.58699798583984,65.75,64.55750274658203,65.15249633789062,26172000,0.0,0.0,65.15249633789062
2019-11-21,65.0739974975586,65.62950134277344,64.6500015258789,65.06749725341797,19910000,0.0,0.0,65.06749725341797
2019-11-22,65.28099822998047,65.4365005493164,64.57050323486328,64.76699829101562,27714000,0.0,0.0,64.76699829101562
2019-11-25,64.95899963378906,65.56549835205078,64.90650177001953,65.33450317382812,20724000,0.0,0.0,65.33450317382812
2019-11-26,65.49299621582031,65.73999786376953,65.25450134277344,65.67749786376953,21394000,0.0,0.0,65.67749786376953
2019-11-27,65.75,65.91799926757812,65.48149871826172,65.64949798583984,19912000,0.0,0.0,65.64949798583984
2019-11-29,65.35600280761719,65.51024627685547,65.19850158691406,65.24800109863281,11740000,0.0,0.0,65.24800109863281
2019-12-02,65.05000305175781,65.29149627685547,64.05000305175781,64.49600219726562,30218000,0.0,0.0,64.49600219726562
2019-12-03,63.97850036621094,64.92304992675781,63.95000076293945,64.76399993896484,22876000,0.0,0.0,64.76399993896484
2019-12-04,65.35050201416016,66.29000091552734,65.24349975585938,66.0270004272461,30750000,0.0,0.0,66.0270004272461
2019-12-05,66.4000015258789,66.46790313720703,65.8219985961914,66.40650177001953,24254000,0.0,0.0,66.40650177001953
2019-12-06,66.6719970703125,67.19999694824219,66.6719970703125,67.03099822998047,26296000,0.0,0.0,67.03099822998047
2019-12-09,66.9020004272461,67.97250366210938,66.89199829101562,67.1780014038086,27086000,0.0,0.0,67.1780014038086
2019-12-10,67.07499694824219,67.49874877929688,66.802001953125,67.23300170898438,21882000,0.0,0.0,67.23300170898438
2019-12-11,67.54199981689453,67.55999755859375,67.13349914550781,67.2509994506836,17008000,0.0,0.0,67.2509994506836
2019-12-12,67.2969970703125,67.78874969482422,67.0250015258789,67.51349639892578,25620000,0.0,0.0,67.51349639892578
2019-12-13,67.39749908447266,67.65464782714844,67.19349670410156,67.3915023803711,30992000,0.0,0.0,67.3915023803711
2019-12-16,67.82499694824219,68.23400115966797,67.63349914550781,68.05850219726562,27946000,0.0,0.0,68.05850219726562
2019-12-17,68.14450073242188,68.25,67.56614685058594,67.75599670410156,37080000,0.0,0.0,67.75599670410156
2019-12-18,67.83000183105469,68.02349853515625,67.55000305175781,67.63099670410156,30452000,0.0,0.0,67.63099670410156
2019-12-19,67.59100341796875,67.90499877929688,67.44924926757812,67.802001953125,29398000,0.0,0.0,67.802001953125
2019-12-20,68.1675033569336,68.18199920654297,67.44999694824219,67.47949981689453,66300000,0.0,0.0,67.47949981689453
2019-12-23,67.79350280761719,67.98999786376953,67.32550048828125,67.44200134277344,17662000,0.0,0.0,67.44200134277344
2019-12-24,67.42500305175781,67.51300048828125,67.13899993896484,67.1780014038086,6950000,0.0,0.0,67.1780014038086
2019-12-26,67.30850219726562,68.06635284423828,67.22350311279297,68.0199966430664,13350000,0.0,0.0,68.0199966430664
2019-12-27,68.14949798583984,68.22650146484375,67.46549987792969,67.59449768066406,20768000,0.0,0.0,67.59449768066406
2019-12-30,67.5,67.6500015258789,66.70099639892578,66.80699920654297,21018000,0.0,0.0,66.80699920654297
2019-12-31,66.50550079345703,66.9000015258789,66.4542465209961,66.85099792480469,19236000,0.0,0.0,66.85099792480469
2020-01-02,67.07749938964844,68.40699768066406,67.07749938964844,68.36849975585938,28132000,0.0,0.0,68.36849975585938
2020-01-03,67.39299774169922,68.625,67.2771987915039,68.03299713134766,23728000,0.0,0.0,68.03299713134766
2020-01-06,67.5,69.82499694824219,67.5,69.71050262451172,34646000,0.0,0.0,69.71050262451172
2020-01-07,69.89700317382812,70.14949798583984,69.51899719238281,69.66699981689453,30054000,0.0,0.0,69.66699981689453
2020-01-08,69.60399627685547,70.5790023803711,69.54199981689453,70.21600341796875,30560000,0.0,0.0,70.21600341796875
2020-01-09,71.02850341796875,71.36650085449219,70.51349639892578,70.99150085449219,30018000,0.0,0.0,70.99150085449219
2020-01-10,71.37799835205078,71.74645233154297,70.9175033569336,71.48650360107422,36414000,0.0,0.0,71.48650360107422
2020-01-13,71.80650329589844,72.0260009765625,71.3010025024414,71.96150207519531,33046000,0.0,0.0,71.96150207519531
2020-01-14,71.95050048828125,72.08999633789062,71.41850280761719,71.54399871826172,31178000,0.0,0.0,71.54399871826172
2020-01-15,71.510498046875,72.06974792480469,71.510498046875,71.95999908447266,25654000,0.0,0.0,71.95999908447266
2020-01-16,72.37200164794922,72.59950256347656,72.0459976196289,72.58499908447266,23474000,0.0,0.0,72.58499908447266
2020-01-17,73.14550018310547,74.06475067138672,72.91100311279297,74.01950073242188,47924000,0.0,0.0,74.01950073242188
2020-01-21,73.95600128173828,74.59249877929688,73.55999755859375,74.22000122070312,40734000,0.0,0.0,74.22000122070312
2020-01-22,74.55000305175781,75.16069793701172,74.24649810791016,74.29750061035156,32216000,0.0,0.0,74.29750061035156
2020-01-23,74.38200378417969,74.7760009765625,74.1050033569336,74.3324966430664,27024000,0.0,0.0,74.3324966430664
2020-01-24,74.67949676513672,74.77474975585938,73.26249694824219,73.33550262451172,35692000,0.0,0.0,73.33550262451172
2020-01-27,71.55000305175781,71.90350341796875,71.05999755859375,71.69499969482422,35104000,0.0,0.0,71.69499969482422
2020-01-28,72.1500015258789,72.80000305175781,71.62349700927734,72.62799835205078,31548000,0.0,0.0,72.62799835205078
2020-01-29,72.94000244140625,73.27149963378906,72.33699798583984,72.93150329589844,21554000,0.0,0.0,72.93150329589844
2020-01-30,71.99800109863281,72.86399841308594,71.81999969482422,72.79199981689453,26788000,0.0,0.0,72.79199981689453
2020-01-31,73.44499969482422,73.50650024414062,71.42649841308594,71.71150207519531,48344000,0.0,0.0,71.71150207519531
2020-02-03,73.0999984741211,74.5,72.94950103759766,74.2969970703125,60736000,0.0,0.0,74.2969970703125
2020-02-04,72.85350036621094,73.4749984741211,71.31500244140625,72.35350036621094,78660000,0.0,0.0,72.35350036621094
2020-02-05,73.12100219726562,73.19200134277344,71.52799987792969,72.4114990234375,39724000,0.0,0.0,72.4114990234375
2020-02-06,72.5165023803711,74.0999984741211,72.47850036621094,73.8115005493164,33588000,0.0,0.0,73.8115005493164
2020-02-07,73.36499786376953,74.29199981689453,73.31749725341797,73.96150207519531,23446000,0.0,0.0,73.96150207519531
2020-02-10,73.71600341796875,75.4749984741211,73.71600341796875,75.43399810791016,28398000,0.0,0.0,75.43399810791016
2020-02-11,75.59049987792969,76.48149871826172,75.28189849853516,75.43949890136719,26892000,0.0,0.0,75.43949890136719
2020-02-12,75.7239990234375,76.03475189208984,75.40550231933594,75.91349792480469,23352000,0.0,0.0,75.91349792480469
2020-02-13,75.6344985961914,76.35900115966797,75.2300033569336,75.73300170898438,18590000,0.0,0.0,75.73300170898438
2020-02-14,75.77999877929688,76.03700256347656,75.36699676513672,76.03700256347656,23956000,0.0,0.0,76.03700256347656
2020-02-18,75.75,76.58149719238281,75.62950134277344,75.9834976196289,22414000,0.0,0.0,75.9834976196289
2020-02-19,76.25350189208984,76.60530090332031,76.06999969482422,76.33450317382812,18986000,0.0,0.0,76.33450317382812
2020-02-20,76.0999984741211,76.48200225830078,75.34100341796875,75.90750122070312,21932000,0.0,0.0,75.90750122070312
2020-02-21,75.40149688720703,75.61074829101562,74.02200317382812,74.25550079345703,34634000,0.0,0.0,74.25550079345703
2020-02-24,71.30549621582031,71.84850311279297,70.56950378417969,71.07949829101562,57342000,0.0,0.0,71.07949829101562
2020-02-25,71.6500015258789,71.90699768066406,69.12000274658203,69.42250061035156,49566000,0.0,0.0,69.42250061035156
2020-02-26,69.80699920654297,70.78500366210938,68.94999694824219,69.65899658203125,44048000,0.0,0.0,69.65899658203125
2020-02-27,68.10299682617188,68.58519744873047,65.8584976196289,65.90450286865234,59566000,0.0,0.0,65.90450286865234
2020-02-28,63.875,67.05699920654297,63.54999923706055,66.96649932861328,75782000,0.0,0.0,66.96649932861328
2020-03-02,67.58049774169922,69.54350280761719,66.34075164794922,69.45549774169922,48630000,0.0,0.0,69.45549774169922
2020-03-03,69.97100067138672,70.50749969482422,66.5999984741211,67.06950378417969,48046000,0.0,0.0,67.06950378417969
2020-03-04,67.96150207519531,69.40450286865234,67.15550231933594,69.32599639892578,38266000,0.0,0.0,69.32599639892578
2020-03-05,67.51000213623047,67.94550323486328,65.25499725341797,65.9520034790039,51226000,0.0,0.0,65.9520034790039
2020-03-06,63.85300064086914,65.31099700927734,63.0525016784668,64.92050170898438,53212000,0.0,0.0,64.92050170898438
2020-03-09,60.26499938964844,62.737998962402344,60.0,60.77799987792969,67308000,0.0,0.0,60.77799987792969
2020-03-10,63.0,64.05750274658203,60.938499450683594,64.01950073242188,52228000,0.0,0.0,64.01950073242188
2020-03-11,62.48500061035156,63.04800033569336,59.80350112915039,60.77050018310547,52170000,0.0,0.0,60.77050018310547
2020-03-12,56.29999923706055,59.69350051879883,55.665000915527344,55.74549865722656,84534000,0.0,0.0,55.74549865722656
2020-03-13,58.95000076293945,60.987998962402344,55.85715103149414,60.98649978637695,74002000,0.0,0.0,60.98649978637695
2020-03-16,54.79999923706055,57.61334991455078,53.72200012207031,54.21649932861328,85048000,0.0,0.0,54.21649932861328
2020-03-17,54.65549850463867,56.542999267578125,52.800498962402344,55.9900016784668,77230000,0.0,0.0,55.9900016784668
2020-03-18,52.82550048828125,55.32500076293945,51.86399841308594,54.84000015258789,84668000,0.0,0.0,54.84000015258789
2020-03-19,54.65250015258789,57.89849853515625,53.005401611328125,55.76449966430664,73022000,0.0,0.0,55.76449966430664
2020-03-20,56.7859992980957,57.199501037597656,53.27450180053711,53.61600112915039,72036000,0.0,0.0,53.61600112915039
2020-03-23,53.066001892089844,53.566001892089844,50.67679977416992,52.83100128173828,80882000,0.0,0.0,52.83100128173828
2020-03-24,55.188499450683594,56.75,54.53099822998047,56.722999572753906,66890000,0.0,0.0,56.722999572753906
2020-03-25,56.32350158691406,57.44499969482422,54.300498962402344,55.1245002746582,81630000,0.0,0.0,55.1245002746582
2020-03-26,55.59000015258789,58.49850082397461,54.67649841308594,58.087501525878906,71434000,0.0,0.0,58.087501525878906
2020-03-27,56.28350067138672,57.53350067138672,55.295501708984375,55.535499572753906,64170000,0.0,0.0,55.535499572753906
2020-03-30,56.25199890136719,57.58150100708008,54.82400131225586,57.340999603271484,51482000,0.0,0.0,57.340999603271484
2020-03-31,57.3650016784668,58.765499114990234,56.90700149536133,58.140499114990234,49728000,0.0,0.0,58.140499114990234
2020-04-01,56.099998474121094,56.484500885009766,54.872501373291016,55.28099822998047,46884000,0.0,0.0,55.28099822998047
2020-04-02,54.91299819946289,56.34299850463867,54.81999969482422,56.04199981689453,39298000,0.0,0.0,56.04199981689453
2020-04-03,55.950748443603516,56.176998138427734,53.990501403808594,54.89400100708008,46268000,0.0,0.0,54.89400100708008
2020-04-06,56.900001525878906,59.733001708984375,56.547000885009766,59.34600067138672,53294000,0.0,0.0,59.34600067138672
2020-04-07,61.04999923706055,61.25,59.11149978637695,59.32550048828125,47746000,0.0,0.0,59.32550048828125
2020-04-08,60.32500076293945,60.95349884033203,59.40800094604492,60.513999938964844,39502000,0.0,0.0,60.513999938964844
2020-04-09,61.20399856567383,61.278499603271484,59.83675003051758,60.5724983215332,43508000,0.0,0.0,60.5724983215332
2020-04-13,60.45899963378906,61.0255012512207,59.37990188598633,60.87799835205078,34796000,0.0,0.0,60.87799835205078
2020-04-14,62.25450134277344,64.10350036621094,61.846500396728516,63.46149826049805,49408000,0.0,0.0,63.46149826049805
2020-04-15,62.28049850463867,64.02300262451172,62.02000045776367,63.12350082397461,33434000,0.0,0.0,63.12350082397461
2020-04-16,63.70500183105469,63.95000076293945,62.13100051879883,63.173500061035156,50362000,0.0,0.0,63.173500061035156
2020-04-17,64.24250030517578,64.72149658203125,63.561500549316406,64.1624984741211,38980000,0.0,0.0,64.1624984741211
2020-04-20,63.54999923706055,64.08000183105469,63.06850051879883,63.330501556396484,33910000,0.0,0.0,63.330501556396484
2020-04-21,62.349998474121094,62.7135009765625,60.48550033569336,60.81700134277344,43060000,0.0,0.0,60.81700134277344
2020-04-22,62.277000427246094,64.28064727783203,62.099998474121094,63.160499572753906,41848000,0.0,0.0,63.160499572753906
2020-04-23,63.57749938964844,64.66549682617188,63.28350067138672,63.81549835205078,31324000,0.0,0.0,63.81549835205078
2020-04-24,63.05849838256836,64.0199966430664,62.47249984741211,63.96549987792969,32792000,0.0,0.0,63.96549987792969
2020-04-27,64.80000305175781,64.80750274658203,63.45000076293945,63.79399871826172,32012000,0.0,0.0,63.79399871826172
2020-04-28,64.39649963378906,64.40249633789062,61.61000061035156,61.68349838256836,59026000,0.0,0.0,61.68349838256836
2020-04-29,67.072998046875,67.99949645996094,66.26699829101562,67.0739974975586,75872000,0.0,0.0,67.0739974975586
2020-04-30,66.24400329589844,67.64099884033203,66.12449645996094,67.43299865722656,53378000,0.0,0.0,67.43299865722656
2020-05-01,66.42500305175781,67.60350036621094,65.55000305175781,66.03050231933594,41450000,0.0,0.0,66.03050231933594
2020-05-04,65.4114990234375,66.38300323486328,64.94999694824219,66.33999633789062,30080000,0.0,0.0,66.33999633789062
2020-05-05,66.89600372314453,68.6969985961914,66.87300109863281,67.55549621582031,33030000,0.0,0.0,67.55549621582031
2020-05-06,68.08450317382812,68.55599975585938,67.364501953125,67.36499786376953,24308000,0.0,0.0,67.36499786376953
2020-05-07,68.2969970703125,68.87999725341797,67.76349639892578,68.62799835205078,27952000,0.0,0.0,68.62799835205078
2020-05-08,69.15650177001953,69.93800354003906,68.77400207519531,69.41850280761719,27738000,0.0,0.0,69.41850280761719
2020-05-11,68.91400146484375,70.82649993896484,68.85759735107422,70.16300201416016,28242000,0.0,0.0,70.16300201416016
2020-05-12,70.35600280761719,70.75,68.7385025024414,68.78700256347656,27812000,0.0,0.0,68.78700256347656
2020-05-13,68.85250091552734,69.27410125732422,66.41999816894531,67.46649932861328,36252000,0.0,0.0,67.46649932861328
2020-05-14,66.7509994506836,67.87100219726562,66.19550323486328,67.80650329589844,32062000,0.0,0.0,67.80650329589844
2020-05-15,67.5,68.7239990234375,66.94999694824219,68.65950012207031,34154000,0.0,0.0,68.65950012207031
2020-05-18,68.0875015258789,69.61624908447266,67.7125015258789,69.1969985961914,36448000,0.0,0.0,69.1969985961914
2020-05-19,69.349853515625,69.5999984741211,68.67424774169922,68.67424774169922,25612000,0.0,0.0,68.67424774169922
2020-05-20,69.47899627685547,70.52100372314453,69.36250305175781,70.33599853515625,33108000,0.0,0.0,70.33599853515625
2020-05-21,70.4000015258789,70.77449798583984,69.67250061035156,70.13999938964844,27700000,0.0,0.0,70.13999938964844
2020-05-22,69.83550262451172,70.63800048828125,69.59149932861328,70.52100372314453,26188000,0.0,0.0,70.52100372314453
2020-05-26,71.8635025024414,72.05000305175781,70.60649871826172,70.85099792480469,41212000,0.0,0.0,70.85099792480469
2020-05-27,70.86250305175781,71.08699798583984,69.56449890136719,70.89199829101562,33716000,0.0,0.0,70.89199829101562
2020-05-28,69.84300231933594,72.04199981689453,69.80000305175781,70.83650207519531,33844000,0.0,0.0,70.83650207519531
2020-05-29,70.84700012207031,71.62850189208984,70.6675033569336,71.44599914550781,36418000,0.0,0.0,71.44599914550781
2020-06-01,70.91950225830078,71.89800262451172,70.9000015258789,71.59100341796875,24342000,0.0,0.0,71.59100341796875
2020-06-02,71.52749633789062,71.98049926757812,70.94149780273438,71.96099853515625,25562000,0.0,0.0,71.96099853515625
2020-06-03,71.91500091552734,72.32759857177734,71.48885345458984,71.81900024414062,25124000,0.0,0.0,71.81900024414062
2020-06-04,71.5199966430664,71.947998046875,70.23650360107422,70.60900115966797,29686000,0.0,0.0,70.60900115966797
2020-06-05,70.65850067138672,72.25250244140625,70.30000305175781,71.91950225830078,34698000,0.0,0.0,71.91950225830078
2020-06-08,71.11699676513672,72.39949798583984,71.11699676513672,72.33049774169922,28084000,0.0,0.0,72.33049774169922
2020-06-09,72.26799774169922,73.4000015258789,72.1604995727539,72.80799865722656,28184000,0.0,0.0,72.80799865722656
2020-06-10,72.97699737548828,73.71295166015625,72.8134994506836,73.2925033569336,30504000,0.0,0.0,73.2925033569336
2020-06-11,72.1240005493164,72.72374725341797,70.0999984741211,70.19200134277344,39826000,0.0,0.0,70.19200134277344
2020-06-12,71.42449951171875,71.8499984741211,69.3010025024414,70.65899658203125,38928000,0.0,0.0,70.65899658203125
2020-06-15,69.54000091552734,71.23999786376953,69.39600372314453,70.99250030517578,30078000,0.0,0.0,70.99250030517578
2020-06-16,72.26100158691406,72.7509994506836,71.29499816894531,72.13600158691406,34184000,0.0,0.0,72.13600158691406
2020-06-17,72.35800170898438,73.0,71.56900024414062,72.55599975585938,30992000,0.0,0.0,72.55599975585938
2020-06-18,72.45800018310547,72.57050323486328,71.35050201416016,71.7979965209961,31638000,0.0,0.0,71.7979965209961
2020-06-19,72.19999694824219,72.38999938964844,71.06749725341797,71.58599853515625,63158000,0.0,0.0,71.58599853515625
2020-06-22,71.44999694824219,72.63749694824219,71.1604995727539,72.59300231933594,30848000,0.0,0.0,72.59300231933594
2020-06-23,72.78199768066406,73.79705047607422,72.26200103759766,73.22049713134766,28596000,0.0,0.0,73.22049713134766
2020-06-24,73.07550048828125,73.77100372314453,71.48750305175781,71.59850311279297,35120000,0.0,0.0,71.59850311279297
2020-06-25,71.49500274658203,72.1449966430664,71.0,72.06649780273438,24610000,0.0,0.0,72.06649780273438
2020-06-26,71.56950378417969,71.67250061035156,67.59950256347656,67.99500274658203,85354000,0.0,0.0,67.99500274658203
2020-06-29,67.90899658203125,69.77999877929688,67.35050201416016,69.74849700927734,36204000,0.0,0.0,69.74849700927734
2020-06-30,69.52200317382812,70.93250274658203,69.197998046875,70.68049621582031,40848000,0.0,0.0,70.68049621582031
2020-07-01,70.55500030517578,72.1500015258789,70.49099731445312,71.9020004272461,35504000,0.0,0.0,71.9020004272461
2020-07-02,72.34700012207031,74.14749908447266,72.32099914550781,73.23500061035156,37182000,0.0,0.0,73.23500061035156
2020-07-06,74.00299835205078,75.32949829101562,73.64299774169922,74.78500366210938,31280000,0.0,0.0,74.78500366210938
2020-07-07,74.5,75.83999633789062,74.17749786376953,74.25900268554688,29164000,0.0,0.0,74.25900268554688
2020-07-08,74.71600341796875,75.29399871826172,74.28150177001953,74.80000305175781,24994000,0.0,0.0,74.80000305175781
2020-07-09,75.32250213623047,76.13600158691406,74.40425109863281,75.54949951171875,28466000,0.0,0.0,75.54949951171875
2020-07-10,75.30750274658203,77.19149780273438,74.8270034790039,77.08699798583984,37126000,0.0,0.0,77.08699798583984
2020-07-13,77.5,78.85659790039062,75.26215362548828,75.56700134277344,36928000,0.0,0.0,75.56700134277344
2020-07-14,74.5155029296875,76.14749908447266,74.17500305175781,76.02899932861328,31700000,0.0,0.0,76.02899932861328
2020-07-15,76.15650177001953,76.7665023803711,74.9000015258789,75.68199920654297,32214000,0.0,0.0,75.68199920654297
2020-07-16,75.0,75.93450164794922,74.31549835205078,75.9000015258789,30386000,0.0,0.0,75.9000015258789
2020-07-17,76.08100128173828,76.1719970703125,74.9209976196289,75.77749633789062,29134000,0.0,0.0,75.77749633789062
2020-07-20,75.76300048828125,78.5145034790039,75.18000030517578,78.28600311279297,31146000,0.0,0.0,78.28600311279297
2020-07-21,79.34950256347656,79.34950256347656,77.71399688720703,77.9209976196289,24324000,0.0,0.0,77.9209976196289
2020-07-22,78.0250015258789,78.5,77.30500030517578,78.42449951171875,18640000,0.0,0.0,78.42449951171875
2020-07-23,78.34850311279297,78.59349822998047,75.36959838867188,75.78399658203125,32552000,0.0,0.0,75.78399658203125
2020-07-24,74.94650268554688,75.88179779052734,74.41999816894531,75.59349822998047,30880000,0.0,0.0,75.59349822998047
2020-07-27,75.77999877929688,77.04850006103516,75.760498046875,76.51000213623047,24920000,0.0,0.0,76.51000213623047
2020-07-28,76.25900268554688,76.3239974975586,74.88300323486328,75.01699829101562,34044000,0.0,0.0,75.01699829101562
2020-07-29,75.31600189208984,76.5625991821289,75.06649780273438,76.10099792480469,22130000,0.0,0.0,76.10099792480469
2020-07-30,74.8499984741211,76.89350128173828,74.61100006103516,76.57250213623047,33428000,0.0,0.0,76.57250213623047
2020-07-31,75.25050354003906,75.44750213623047,72.70149993896484,74.14800262451172,68798000,0.0,0.0,74.14800262451172
2020-08-03,74.33200073242188,74.52349853515625,73.28199768066406,73.72250366210938,46604000,0.0,0.0,73.72250366210938
2020-08-04,73.82849884033203,74.27799987792969,72.93250274658203,73.24849700927734,38070000,0.0,0.0,73.24849700927734
2020-08-05,73.46499633789062,74.12049865722656,73.1729965209961,73.68049621582031,39590000,0.0,0.0,73.68049621582031
2020-08-06,73.5875015258789,75.11949920654297,73.30000305175781,75.00499725341797,39908000,0.0,0.0,75.00499725341797
2020-08-07,75.0,75.84224700927734,74.08200073242188,74.72450256347656,31556000,0.0,0.0,74.72450256347656
2020-08-10,74.35900115966797,75.20375061035156,73.65399932861328,74.80500030517578,25786000,0.0,0.0,74.80500030517578
2020-08-11,74.62200164794922,75.5,73.9000015258789,74.01599884033203,29088000,0.0,0.0,74.01599884033203
2020-08-12,74.27899932861328,75.61930084228516,74.26249694824219,75.33100128173828,28740000,0.0,0.0,75.33100128173828
2020-08-13,75.51699829101562,76.86250305175781,75.40025329589844,75.92250061035156,29104000,0.0,0.0,75.92250061035156
2020-08-14,75.78299713134766,76.09500122070312,75.14399719238281,75.3864974975586,27096000,0.0,0.0,75.3864974975586
2020-08-17,75.7334976196289,76.28050231933594,75.39849853515625,75.89900207519531,27566000,0.0,0.0,75.89900207519531
2020-08-18,76.30899810791016,78.12349700927734,76.18550109863281,77.93000030517578,40542000,0.0,0.0,77.93000030517578
2020-08-19,77.66549682617188,78.68399810791016,77.19750213623047,77.37650299072266,33212000,0.0,0.0,77.37650299072266
2020-08-20,77.17250061035156,79.29350280761719,76.91000366210938,79.0875015258789,34138000,0.0,0.0,79.0875015258789
2020-08-21,78.85150146484375,79.88600158691406,78.40025329589844,79.02100372314453,28930000,0.0,0.0,79.02100372314453
2020-08-24,79.6989974975586,80.70850372314453,79.02850341796875,79.41000366210938,28198000,0.0,0.0,79.41000366210938
2020-08-25,79.10350036621094,80.58100128173828,79.10350036621094,80.41100311279297,44942000,0.0,0.0,80.41100311279297
2020-08-26,80.4000015258789,82.96099853515625,80.18000030517578,82.61900329589844,79868000,0.0,0.0,82.61900329589844
2020-08-27,82.68399810791016,82.75,81.2874984741211,81.71649932861328,37232000,0.0,0.0,81.71649932861328
2020-08-28,81.67449951171875,82.3584976196289,81.5374984741211,82.22049713134766,29980000,0.0,0.0,82.22049713134766
2020-08-31,82.39450073242188,82.39824676513672,81.5155029296875,81.70899963378906,36468000,0.0,0.0,81.70899963378906
2020-09-01,81.83149719238281,83.2864990234375,81.61100006103516,83.0354995727539,36506000,0.0,0.0,83.0354995727539
2020-09-02,83.68875122070312,86.65899658203125,83.31649780273438,86.41400146484375,50224000,0.0,0.0,86.41400146484375
2020-09-03,85.48570251464844,85.48570251464844,80.75299835205078,82.09200286865234,62156000,0.0,0.0,82.09200286865234
2020-09-04,81.21299743652344,82.25550079345703,77.38065338134766,79.552001953125,52172000,0.0,0.0,79.552001953125
2020-09-08,76.67549896240234,78.19325256347656,76.40049743652344,76.61949920654297,52218000,0.0,0.0,76.61949920654297
2020-09-09,77.87650299072266,78.44999694824219,76.80255126953125,77.8479995727539,35494000,0.0,0.0,77.8479995727539
2020-09-10,78.03199768066406,79.20404815673828,76.29025268554688,76.60099792480469,32372000,0.0,0.0,76.60099792480469
2020-09-11,76.80000305175781,78.76000213623047,74.86799621582031,76.03600311279297,31942000,0.0,0.0,76.03600311279297
2020-09-14,76.95024871826172,78.19999694824219,75.78700256347656,75.96399688720703,33932000,0.0,0.0,75.96399688720703
2020-09-15,76.80000305175781,77.97850036621094,76.59175109863281,77.0719985961914,26622000,0.0,0.0,77.0719985961914
2020-09-16,77.7770004272461,78.0999984741211,75.99099731445312,76.04499816894531,26234000,0.0,0.0,76.04499816894531
2020-09-17,74.80000305175781,75.41490173339844,73.5,74.77649688720703,37596000,0.0,0.0,74.77649688720703
2020-09-18,74.90049743652344,75.150146484375,71.85649871826172,72.99949645996094,62078000,0.0,0.0,72.99949645996094
2020-09-21,72.00299835205078,72.41799926757812,70.32749938964844,71.55799865722656,57776000,0.0,0.0,71.55799865722656
2020-09-22,72.50450134277344,73.47599792480469,71.72650146484375,73.27300262451172,31664000,0.0,0.0,73.27300262451172
2020-09-23,72.93900299072266,73.0479965209961,70.38500213623047,70.760498046875,33148000,0.0,0.0,70.760498046875
2020-09-24,70.55149841308594,72.1854476928711,70.49250030517578,71.41449737548828,29004000,0.0,0.0,71.41449737548828
2020-09-25,71.63150024414062,72.5,70.66699981689453,72.24800109863281,26460000,0.0,0.0,72.24800109863281
2020-09-28,73.71050262451172,73.83999633789062,72.46504974365234,73.22599792480469,40158000,0.0,0.0,73.22599792480469
2020-09-29,73.51950073242188,73.8331527709961,72.94024658203125,73.46649932861328,19564000,0.0,0.0,73.46649932861328
2020-09-30,73.33999633789062,74.48750305175781,72.99400329589844,73.4800033569336,34032000,0.0,0.0,73.4800033569336
2020-10-01,74.2135009765625,74.9520034790039,73.96050262451172,74.50450134277344,35590000,0.0,0.0,74.50450134277344
2020-10-02,73.10150146484375,74.16000366210938,72.5459976196289,72.9209976196289,25682000,0.0,0.0,72.9209976196289
2020-10-05,73.31050109863281,74.4104995727539,73.2135009765625,74.3010025024414,22266000,0.0,0.0,74.3010025024414
2020-10-06,73.77899932861328,74.33799743652344,72.42949676513672,72.6719970703125,24908000,0.0,0.0,72.6719970703125
2020-10-07,73.2145004272461,73.447998046875,71.80000305175781,73.0145034790039,34924000,0.0,0.0,73.0145034790039
2020-10-08,73.25450134277344,74.5,73.25450134277344,74.29650115966797,23756000,0.0,0.0,74.29650115966797
2020-10-09,74.73500061035156,75.82599639892578,74.47250366210938,75.76100158691406,28706000,0.0,0.0,75.76100158691406
2020-10-12,77.1500015258789,79.69300079345703,76.62850189208984,78.4574966430664,49652000,0.0,0.0,78.4574966430664
2020-10-13,79.1865005493164,79.5,78.16000366210938,78.58399963378906,32020000,0.0,0.0,78.58399963378906
2020-10-14,78.92949676513672,79.38420104980469,77.52649688720703,78.40399932861328,38586000,0.0,0.0,78.40399932861328
2020-10-15,77.35749816894531,78.7552490234375,77.25150299072266,77.95649719238281,30800000,0.0,0.0,77.95649719238281
2020-10-16,78.2925033569336,79.05650329589844,78.1500015258789,78.65049743652344,28694000,0.0,0.0,78.65049743652344
2020-10-19,79.02300262451172,79.40750122070312,76.4000015258789,76.73049926757812,32142000,0.0,0.0,76.73049926757812
2020-10-20,76.35250091552734,78.875,76.28350067138672,77.79650115966797,44834000,0.0,0.0,77.79650115966797
2020-10-21,78.66649627685547,80.9365005493164,78.58149719238281,79.66549682617188,51366000,0.0,0.0,79.66549682617188
2020-10-22,79.65249633789062,81.09950256347656,79.25,80.7665023803711,28672000,0.0,0.0,80.7665023803711
2020-10-23,81.30349731445312,82.11799621582031,81.02549743652344,82.05000305175781,27516000,0.0,0.0,82.05000305175781
2020-10-26,81.25050354003906,81.91200256347656,78.82499694824219,79.52249908447266,37066000,0.0,0.0,79.52249908447266
2020-10-27,79.78350067138672,80.34224700927734,79.13899993896484,80.21299743652344,24580000,0.0,0.0,80.21299743652344
2020-10-28,77.98699951171875,78.06749725341797,75.73100280761719,75.83100128173828,36680000,0.0,0.0,75.83100128173828
2020-10-29,76.11799621582031,79.68550109863281,76.11199951171875,78.36199951171875,40062000,0.0,0.0,78.36199951171875
2020-10-30,83.60549926757812,84.3499984741211,80.2229995727539,81.05049896240234,86582000,0.0,0.0,81.05049896240234
2020-11-02,81.40799713134766,83.03849792480469,80.80149841308594,81.30149841308594,50708000,0.0,0.0,81.30149841308594
2020-11-03,81.58899688720703,83.08499908447266,80.83100128173828,82.510498046875,33234000,0.0,0.0,82.510498046875
2020-11-04,85.51399993896484,88.56825256347656,85.30149841308594,87.45649719238281,71418000,0.0,0.0,87.45649719238281
2020-11-05,89.05000305175781,89.68199920654297,87.52549743652344,88.16850280761719,41316000,0.0,0.0,88.16850280761719
2020-11-06,87.69750213623047,88.62149810791016,87.01750183105469,88.0875015258789,33218000,0.0,0.0,88.0875015258789
2020-11-09,89.54499816894531,90.90299987792969,88.0009994506836,88.1500015258789,45366000,0.0,0.0,88.1500015258789
2020-11-10,86.55449676513672,88.1500015258789,85.86499786376953,87.01950073242188,52722000,0.0,0.0,87.01950073242188
2020-11-11,87.5,88.21099853515625,87.36824798583984,87.635498046875,25280000,0.0,0.0,87.635498046875
2020-11-12,87.38150024414062,88.41349792480469,87.27999877929688,87.49199676513672,24950000,0.0,0.0,87.49199676513672
2020-11-13,87.88150024414062,89.052001953125,87.22750091552734,88.85099792480469,29998000,0.0,0.0,88.85099792480469
2020-11-16,88.58499908447266,89.95349884033203,88.3844985961914,89.06900024414062,24936000,0.0,0.0,89.06900024414062
2020-11-17,88.84700012207031,89.25,88.3499984741211,88.50749969482422,22942000,0.0,0.0,88.50749969482422
2020-11-18,88.2614974975586,88.67350006103516,87.30699920654297,87.33899688720703,23470000,0.0,0.0,87.33899688720703
2020-11-19,86.91899871826172,88.47949981689453,86.85025024414062,88.19599914550781,24998000,0.0,0.0,88.19599914550781
2020-11-20,88.260498046875,88.69999694824219,87.09300231933594,87.1094970703125,46270000,0.0,0.0,87.1094970703125
2020-11-23,87.4800033569336,87.69499969482422,85.88600158691406,86.74299621582031,43232000,0.0,0.0,86.74299621582031
2020-11-24,86.5250015258789,88.58000183105469,86.3844985961914,88.44400024414062,31560000,0.0,0.0,88.44400024414062
2020-11-25,88.64450073242188,88.927001953125,87.8270034790039,88.57150268554688,20916000,0.0,0.0,88.57150268554688
2020-11-27,88.65450286865234,90.19999694824219,88.62200164794922,89.65950012207031,17698000,0.0,0.0,89.65950012207031
2020-11-30,89.05919647216797,89.40325164794922,87.75,88.03700256347656,36476000,0.0,0.0,88.03700256347656
2020-12-01,88.71849822998047,91.24150085449219,88.46849822998047,89.90499877929688,34738000,0.0,0.0,89.90499877929688
2020-12-02,89.90499877929688,91.78250122070312,89.47364807128906,91.39749908447266,24440000,0.0,0.0,91.39749908447266
2020-12-03,91.20050048828125,92.36000061035156,91.13249969482422,91.3385009765625,24546000,0.0,0.0,91.3385009765625
2020-12-04,91.22599792480469,91.65799713134766,90.84950256347656,91.39949798583984,27564000,0.0,0.0,91.39949798583984
2020-12-07,90.94999694824219,91.61849975585938,90.28900146484375,90.9739990234375,26418000,0.0,0.0,90.9739990234375
2020-12-08,90.50499725341797,91.09500122070312,89.81024932861328,90.92749786376953,21926000,0.0,0.0,90.92749786376953
2020-12-09,90.60050201416016,91.7135009765625,88.3905029296875,89.20649719238281,30152000,0.0,0.0,89.20649719238281
2020-12-10,88.48999786376953,89.06549835205078,87.01599884033203,88.7665023803711,27256000,0.0,0.0,88.7665023803711
2020-12-11,88.15299987792969,89.22250366210938,88.0,89.0885009765625,24414000,0.0,0.0,89.0885009765625
2020-12-14,88.75,89.86949920654297,87.86074829101562,88.00299835205078,32004000,0.0,0.0,88.00299835205078
2020-12-15,88.22100067138672,88.57099914550781,87.49749755859375,88.38849639892578,29646000,0.0,0.0,88.38849639892578
2020-12-16,88.64399719238281,88.6500015258789,87.80400085449219,88.1500015258789,30270000,0.0,0.0,88.1500015258789
2020-12-17,88.42549896240234,88.58920288085938,86.93299865722656,87.3949966430664,32494000,0.0,0.0,87.3949966430664
2020-12-18,87.70899963378906,87.75550079345703,86.01100158691406,86.55049896240234,80328000,0.0,0.0,86.55049896240234
2020-12-21,85.67549896240234,87.0425033569336,84.94999694824219,86.96849822998047,36568000,0.0,0.0,86.96849822998047
2020-12-22,86.72149658203125,86.87024688720703,85.62875366210938,86.17500305175781,18734000,0.0,0.0,86.17500305175781
2020-12-23,86.40550231933594,87.39949798583984,86.25199890136719,86.61900329589844,20676000,0.0,0.0,86.61900329589844
2020-12-24,86.75,87.30000305175781,86.45549774169922,86.94249725341797,6936000,0.0,0.0,86.94249725341797
2020-12-28,87.58174896240234,89.5363998413086,87.3167495727539,88.80449676513672,27860000,0.0,0.0,88.80449676513672
2020-12-29,89.3895034790039,89.62200164794922,87.80449676513672,87.93599700927734,25988000,0.0,0.0,87.93599700927734
2020-12-30,88.10050201416016,88.25475311279297,86.27999877929688,86.97599792480469,26122000,0.0,0.0,86.97599792480469
2020-12-31,86.77100372314453,87.94650268554688,86.77100372314453,87.59400177001953,20238000,0.0,0.0,87.59400177001953
2021-01-04,87.87699890136719,88.03250122070312,85.39250183105469,86.41200256347656,38038000,0.0,0.0,86.41200256347656
2021-01-05,86.25,87.38349914550781,85.90074920654297,87.0459976196289,22906000,0.0,0.0,87.0459976196289
2021-01-06,85.13150024414062,87.4000015258789,84.94999694824219,86.7645034790039,52042000,0.0,0.0,86.7645034790039
2021-01-07,87.00299835205078,89.41999816894531,86.85250091552734,89.36250305175781,45300000,0.0,0.0,89.36250305175781
2021-01-08,89.39900207519531,90.49199676513672,88.67675018310547,90.3604965209961,41012000,0.0,0.0,90.3604965209961
2021-01-11,89.30349731445312,89.71575164794922,88.0260009765625,88.33599853515625,24194000,0.0,0.0,88.33599853515625
2021-01-12,87.69599914550781,88.9020004272461,86.2655029296875,87.32749938964844,27140000,0.0,0.0,87.32749938964844
2021-01-13,86.92900085449219,88.25174713134766,86.90049743652344,87.72000122070312,21882000,0.0,0.0,87.72000122070312
2021-01-14,87.68099975585938,88.75050354003906,86.66999816894531,87.00900268554688,23590000,0.0,0.0,87.00900268554688
2021-01-15,86.90950012207031,87.80000305175781,86.07749938964844,86.80950164794922,26844000,0.0,0.0,86.80950164794922
2021-01-19,87.61250305175781,90.46375274658203,87.072998046875,89.54299926757812,34692000,0.0,0.0,89.54299926757812
2021-01-20,91.572998046875,95.18550109863281,91.27649688720703,94.34500122070312,49806000,0.0,0.0,94.34500122070312
2021-01-21,94.9000015258789,96.74299621582031,94.35549926757812,94.5625,41278000,0.0,0.0,94.5625
2021-01-22,94.78399658203125,95.54750061035156,94.08799743652344,95.05249786376953,25442000,0.0,0.0,95.05249786376953
2021-01-25,96.03350067138672,96.47899627685547,93.37650299072266,94.97000122070312,38546000,0.0,0.0,94.97000122070312
2021-01-26,94.44200134277344,96.25,94.21224975585938,95.86199951171875,26262000,0.0,0.0,95.86199951171875
2021-01-27,94.12650299072266,94.5,90.44999694824219,91.53949737548828,54966000,0.0,0.0,91.53949737548828
2021-01-28,92.1969985961914,94.94149780273438,92.13200378417969,93.15550231933594,35462000,0.0,0.0,93.15550231933594
2021-01-29,92.30850219726562,92.86399841308594,90.51000213623047,91.78700256347656,32252000,0.0,0.0,91.78700256347656
2021-02-01,92.67849731445312,96.11959838867188,92.54650115966797,95.06749725341797,32044000,0.0,0.0,95.06749725341797
2021-02-02,96.12799835205078,97.78800201416016,95.72450256347656,96.37550354003906,45474000,0.0,0.0,96.37550354003906
2021-02-03,103.6500015258789,105.82499694824219,100.91899871826172,103.50350189208984,82364000,0.0,0.0,103.50350189208984
2021-02-04,103.44450378417969,103.92749786376953,102.12950134277344,103.11849975585938,37046000,0.0,0.0,103.11849975585938
2021-02-05,103.5,105.12550354003906,102.96649932861328,104.9000015258789,30702000,0.0,0.0,104.9000015258789
2021-02-08,105.29550170898438,106.17735290527344,103.5999984741211,104.64550018310547,24838000,0.0,0.0,104.64550018310547
2021-02-09,103.927001953125,105.25650024414062,103.927001953125,104.17549896240234,17798000,0.0,0.0,104.17549896240234
2021-02-10,104.71050262451172,105.41850280761719,103.15450286865234,104.76899719238281,22710000,0.0,0.0,104.76899719238281
2021-02-11,104.97550201416016,105.10150146484375,103.86599731445312,104.79450225830078,18914000,0.0,0.0,104.79450225830078
2021-02-12,104.51249694824219,105.44100189208984,104.15650177001953,105.20549774169922,17114000,0.0,0.0,105.20549774169922
2021-02-16,105.21800231933594,107.63400268554688,105.21800231933594,106.09500122070312,22676000,0.0,0.0,106.09500122070312
2021-02-17,105.0,106.68299865722656,104.94599914550781,106.41549682617188,21418000,0.0,0.0,106.41549682617188
2021-02-18,105.51950073242188,106.63674926757812,105.18550109863281,105.86000061035156,22432000,0.0,0.0,105.86000061035156
2021-02-19,105.9635009765625,106.52649688720703,104.87049865722656,105.05699920654297,29148000,0.0,0.0,105.05699920654297
2021-02-22,103.3499984741211,104.57099914550781,103.10700225830078,103.24400329589844,27350000,0.0,0.0,103.24400329589844
2021-02-23,101.25050354003906,104.10050201416016,100.10099792480469,103.54299926757812,33348000,0.0,0.0,103.54299926757812
2021-02-24,102.09149932861328,105.03900146484375,101.90650177001953,104.75849914550781,24966000,0.0,0.0,104.75849914550781
2021-02-25,103.37249755859375,104.74400329589844,101.06449890136719,101.56800079345703,36568000,0.0,0.0,101.56800079345703
2021-02-26,102.5260009765625,103.55049896240234,100.8030014038086,101.84300231933594,41670000,0.0,0.0,101.84300231933594
2021-03-01,102.82599639892578,104.32599639892578,102.30500030517578,104.07550048828125,28090000,0.0,0.0,104.07550048828125
2021-03-02,103.80950164794922,105.21849822998047,103.56300354003906,103.79199981689453,22692000,0.0,0.0,103.79199981689453
2021-03-03,103.3604965209961,104.4259033203125,100.5,101.33550262451172,29684000,0.0,0.0,101.33550262451172
2021-03-04,101.16850280761719,104.46199798583984,101.01349639892578,102.45449829101562,42360000,0.0,0.0,102.45449829101562
2021-03-05,103.65599822998047,105.90550231933594,102.32074737548828,105.427001953125,43904000,0.0,0.0,105.427001953125
2021-03-08,105.05650329589844,106.44049835205078,101.08049774169922,101.20850372314453,32948000,0.0,0.0,101.20850372314453
2021-03-09,103.5,103.9020004272461,102.3915023803711,102.63500213623047,33946000,0.0,0.0,102.63500213623047
2021-03-10,103.58799743652344,103.75,101.66850280761719,102.75150299072266,25372000,0.0,0.0,102.75150299072266
2021-03-11,103.7030029296875,106.28500366210938,103.61900329589844,105.7385025024414,24782000,0.0,0.0,105.7385025024414
2021-03-12,104.25,104.51300048828125,102.37750244140625,103.09600067138672,34516000,0.0,0.0,103.09600067138672
2021-03-15,103.11499786376953,103.35299682617188,102.17549896240234,103.32450103759766,25962000,0.0,0.0,103.32450103759766
2021-03-16,103.94950103759766,106.1780014038086,103.5,104.6259994506836,29832000,0.0,0.0,104.6259994506836
2021-03-17,103.80149841308594,105.48899841308594,102.69999694824219,104.55400085449219,25980000,0.0,0.0,104.55400085449219
2021-03-18,103.05000305175781,103.7750015258789,101.67749786376953,101.81099700927734,27228000,0.0,0.0,101.81099700927734
2021-03-19,102.10250091552734,102.65499877929688,100.88400268554688,102.16000366210938,46298000,0.0,0.0,102.16000366210938
2021-03-22,102.09200286865234,102.89949798583984,101.30349731445312,101.92949676513672,39096000,0.0,0.0,101.92949676513672
2021-03-23,102.58499908447266,103.61509704589844,101.96099853515625,102.64800262451172,27340000,0.0,0.0,102.64800262451172
2021-03-24,103.26850128173828,103.9104995727539,102.07775115966797,102.25299835205078,23080000,0.0,0.0,102.25299835205078
2021-03-25,102.2405014038086,102.94349670410156,100.5364990234375,102.21800231933594,28378000,0.0,0.0,102.21800231933594
2021-03-26,101.94300079345703,102.54949951171875,100.70099639892578,101.77749633789062,29870000,0.0,0.0,101.77749633789062
2021-03-29,101.39399719238281,102.92150115966797,100.78099822998047,102.79750061035156,24596000,0.0,0.0,102.79750061035156
2021-03-30,102.88150024414062,103.53900146484375,102.20149993896484,102.7770004272461,20732000,0.0,0.0,102.7770004272461
2021-03-31,102.95600128173828,104.66635131835938,102.83724975585938,103.43150329589844,29198000,0.0,0.0,103.43150329589844
2021-04-01,104.89749908447266,107.14700317382812,104.84449768066406,106.88749694824219,33980000,0.0,0.0,106.88749694824219
2021-04-05,107.64700317382812,111.8655014038086,107.58100128173828,111.27749633789062,43298000,0.0,0.0,111.27749633789062
2021-04-06,111.125,111.88300323486328,110.73999786376953,111.23750305175781,27060000,0.0,0.0,111.23750305175781
2021-04-07,111.30650329589844,112.75,111.2665023803711,112.48400115966797,25798000,0.0,0.0,112.48400115966797
2021-04-08,113.89800262451172,114.20024871826172,112.88400268554688,113.27200317382812,27166000,0.0,0.0,113.27200317382812
2021-04-09,112.83499908447266,114.4520034790039,112.68569946289062,114.29399871826172,20888000,0.0,0.0,114.29399871826172
2021-04-12,113.3125,113.76599884033203,111.92324829101562,112.739501953125,31318000,0.0,0.0,112.739501953125
2021-04-13,113.07350158691406,113.8604965209961,112.80449676513672,113.3635025024414,23310000,0.0,0.0,113.3635025024414
2021-04-14,113.75800323486328,113.89949798583984,112.45950317382812,112.74199676513672,20220000,0.0,0.0,112.74199676513672
2021-04-15,113.8489990234375,115.32984924316406,113.30000305175781,114.83300018310547,27472000,0.0,0.0,114.83300018310547
2021-04-16,115.1500015258789,115.3219985961914,114.22250366210938,114.88800048828125,22596000,0.0,0.0,114.88800048828125
2021-04-19,114.5989990234375,115.92250061035156,114.39225006103516,115.12000274658203,24688000,0.0,0.0,115.12000274658203
2021-04-20,115.39450073242188,115.4800033569336,113.58550262451172,114.68150329589844,21774000,0.0,0.0,114.68150329589844
2021-04-21,114.26249694824219,114.76599884033203,112.92849731445312,114.66449737548828,23930000,0.0,0.0,114.66449737548828
2021-04-22,114.6614990234375,115.18810272216797,112.82250213623047,113.39600372314453,21096000,0.0,0.0,113.39600372314453
2021-04-23,114.17350006103516,116.29100036621094,113.9104995727539,115.76499938964844,28670000,0.0,0.0,115.76499938964844
2021-04-26,115.99649810791016,117.06300354003906,115.69200134277344,116.33699798583984,20834000,0.0,0.0,116.33699798583984
2021-04-27,116.80000305175781,116.87249755859375,115.2135009765625,115.35600280761719,31972000,0.0,0.0,115.35600280761719
2021-04-28,120.35724639892578,122.618896484375,118.74250030517578,118.99549865722656,59728000,0.0,0.0,118.99549865722656
2021-04-29,120.5165023803711,121.82599639892578,120.11399841308594,121.49449920654297,39554000,0.0,0.0,121.49449920654297
2021-04-30,120.22450256347656,121.35700225830078,120.10800170898438,120.50599670410156,39142000,0.0,0.0,120.50599670410156
2021-05-03,120.13600158691406,120.98500061035156,119.2249984741211,119.75849914550781,33788000,0.0,0.0,119.75849914550781
2021-05-04,118.48699951171875,118.96299743652344,115.58499908447266,117.7125015258789,35120000,0.0,0.0,117.7125015258789
2021-05-05,118.4209976196289,119.11000061035156,117.57050323486328,117.83699798583984,21806000,0.0,0.0,117.83699798583984
2021-05-06,117.53199768066406,119.135498046875,117.11689758300781,119.06749725341797,20618000,0.0,0.0,119.06749725341797
2021-05-07,120.0,120.82050323486328,119.5,119.93450164794922,23272000,0.0,0.0,119.93450164794922
2021-05-10,118.74449920654297,118.9000015258789,116.73650360107422,117.08300018310547,26006000,0.0,0.0,117.08300018310547
2021-05-11,114.59300231933594,116.0999984741211,114.1500015258789,115.43800354003906,32110000,0.0,0.0,115.43800354003906
2021-05-12,113.08550262451172,114.26850128173828,111.50250244140625,111.9540023803711,34934000,0.0,0.0,111.9540023803711
2021-05-13,113.05449676513672,113.83004760742188,112.13600158691406,113.09850311279297,26670000,0.0,0.0,113.09850311279297
2021-05-14,114.59149932861328,116.05699920654297,114.16600036621094,115.80799865722656,26624000,0.0,0.0,115.80799865722656
2021-05-17,115.46600341796875,116.16699981689453,114.75,116.07050323486328,19842000,0.0,0.0,116.07050323486328
2021-05-18,116.84529876708984,117.15750122070312,115.15799713134766,115.17150115966797,17302000,0.0,0.0,115.17150115966797
2021-05-19,113.22000122070312,115.83799743652344,113.1760025024414,115.43550109863281,19350000,0.0,0.0,115.43550109863281
2021-05-20,116.4020004272461,118.01699829101562,116.05449676513672,117.80449676513672,23832000,0.0,0.0,117.80449676513672
2021-05-21,118.29949951171875,118.44999694824219,117.11849975585938,117.25499725341797,22832000,0.0,0.0,117.25499725341797
2021-05-24,118.3499984741211,120.92400360107422,118.00550079345703,120.33350372314453,21244000,0.0,0.0,120.33350372314453
2021-05-25,121.0,121.64450073242188,120.14949798583984,120.45349884033203,18838000,0.0,0.0,120.45349884033203
2021-05-26,120.6417465209961,122.14720153808594,120.62574768066406,121.67649841308594,21856000,0.0,0.0,121.67649841308594
2021-05-27,121.84700012207031,122.0,120.0999984741211,120.12550354003906,38962000,0.0,0.0,120.12550354003906
2021-05-28,121.0979995727539,121.40699768066406,120.3844985961914,120.5780029296875,24108000,0.0,0.0,120.5780029296875
2021-06-01,121.0999984741211,121.89855194091797,120.24400329589844,121.4905014038086,19166000,0.0,0.0,121.4905014038086
2021-06-02,121.7655029296875,122.0999984741211,120.20999908447266,121.06400299072266,17158000,0.0,0.0,121.06400299072266
2021-06-03,119.7509994506836,120.48725128173828,119.1415023803711,120.23049926757812,18346000,0.0,0.0,120.23049926757812
2021-06-04,121.1259994506836,122.69294738769531,120.88849639892578,122.58799743652344,25948000,0.0,0.0,122.58799743652344
2021-06-07,122.56600189208984,123.4000015258789,122.05364990234375,123.30449676513672,23850000,0.0,0.0,123.30449676513672
2021-06-08,123.99500274658203,124.72474670410156,123.41200256347656,124.14250183105469,25060000,0.0,0.0,124.14250183105469
2021-06-09,124.9749984741211,125.25,124.36650085449219,124.56999969482422,20126000,0.0,0.0,124.56999969482422
2021-06-10,124.70050048828125,126.16300201416016,124.69999694824219,126.08000183105469,31234000,0.0,0.0,126.08000183105469
2021-06-11,126.24600219726562,126.34950256347656,124.91449737548828,125.69650268554688,25240000,0.0,0.0,125.69650268554688
2021-06-14,125.66950225830078,126.4114990234375,125.0469970703125,126.35199737548828,22550000,0.0,0.0,126.35199737548828
2021-06-15,126.52200317382812,126.86199951171875,125.64849853515625,126.03299713134766,22182000,0.0,0.0,126.03299713134766
2021-06-16,126.24749755859375,126.52349853515625,124.14994812011719,125.69650268554688,26316000,0.0,0.0,125.69650268554688
2021-06-17,125.52300262451172,127.19650268554688,125.51499938964844,126.37100219726562,25756000,0.0,0.0,126.37100219726562
2021-06-18,125.70549774169922,126.38899993896484,124.60299682617188,125.56749725341797,53306000,0.0,0.0,125.56749725341797
2021-06-21,125.73999786376953,127.03675079345703,125.13424682617188,126.45500183105469,26256000,0.0,0.0,126.45500183105469
2021-06-22,126.44999694824219,127.2699966430664,126.02649688720703,126.99949645996094,20984000,0.0,0.0,126.99949645996094
2021-06-23,126.55000305175781,127.7959976196289,126.25199890136719,126.46150207519531,19694000,0.0,0.0,126.46150207519531
2021-06-24,127.05349731445312,127.5354995727539,126.95999908447266,127.28199768066406,18934000,0.0,0.0,127.28199768066406
2021-06-25,126.95700073242188,127.50499725341797,126.44400024414062,126.99500274658203,33484000,0.0,0.0,126.99500274658203
2021-06-28,127.0,127.33699798583984,125.97380065917969,126.81950378417969,28110000,0.0,0.0,126.81950378417969
2021-06-29,126.77249908447266,127.0,125.43699645996094,126.01850128173828,20950000,0.0,0.0,126.01850128173828
2021-06-30,125.65354919433594,125.80000305175781,124.75749969482422,125.31600189208984,24006000,0.0,0.0,125.31600189208984
2021-07-01,124.84974670410156,126.4625015258789,124.84974670410156,126.36849975585938,17120000,0.0,0.0,126.36849975585938
2021-07-02,126.8395004272461,128.84800720214844,126.76899719238281,128.718994140625,21160000,0.0,0.0,128.718994140625
2021-07-06,129.44949340820312,129.88450622558594,128.40899658203125,129.77099609375,21350000,0.0,0.0,129.77099609375
2021-07-07,130.34100341796875,130.639892578125,129.75999450683594,130.07749938964844,16680000,0.0,0.0,130.07749938964844
2021-07-08,128.25,130.03250122070312,128.0399932861328,129.177001953125,19780000,0.0,0.0,129.177001953125
2021-07-09,128.9445037841797,129.84950256347656,128.94349670410156,129.57449340820312,15106000,0.0,0.0,129.57449340820312
2021-07-12,129.83349609375,130.77000427246094,129.60000610351562,130.56399536132812,16944000,0.0,0.0,130.56399536132812
2021-07-13,130.88150024414062,132.04200744628906,130.63699340820312,130.9945068359375,16618000,0.0,0.0,130.9945068359375
2021-07-14,131.90150451660156,132.99600219726562,131.8979949951172,132.08250427246094,17912000,0.0,0.0,132.08250427246094
2021-07-15,132.5,132.59500122070312,130.59800720214844,131.26649475097656,16586000,0.0,0.0,131.26649475097656
2021-07-16,131.64100646972656,132.18299865722656,130.82150268554688,131.8455047607422,14856000,0.0,0.0,131.8455047607422
2021-07-19,131.15550231933594,131.2469940185547,128.53700256347656,129.25399780273438,25710000,0.0,0.0,129.25399780273438
2021-07-20,130.00399780273438,132.0013427734375,129.1884002685547,131.10150146484375,19084000,0.0,0.0,131.10150146484375
2021-07-21,130.78700256347656,132.61724853515625,130.60150146484375,132.60049438476562,14742000,0.0,0.0,132.60049438476562
2021-07-22,132.64999389648438,133.50450134277344,132.39999389648438,133.32850646972656,13608000,0.0,0.0,133.32850646972656
2021-07-23,135.25999450683594,138.80850219726562,134.70050048828125,137.8159942626953,26378000,0.0,0.0,137.8159942626953
2021-07-26,138.25,139.71299743652344,137.6510009765625,139.64450073242188,23052000,0.0,0.0,139.64450073242188
2021-07-27,140.01100158691406,140.01100158691406,135.10000610351562,136.79649353027344,42164000,0.0,0.0,136.79649353027344
2021-07-28,138.56199645996094,139.67599487304688,136.35000610351562,136.38150024414062,54688000,0.0,0.0,136.38150024414062
2021-07-29,136.38059997558594,137.15150451660156,136.13800048828125,136.54049682617188,19284000,0.0,0.0,136.54049682617188
2021-07-30,135.51100158691406,135.77134704589844,134.81419372558594,135.2209930419922,23954000,0.0,0.0,135.2209930419922
2021-08-02,135.4844970703125,136.02049255371094,134.66949462890625,135.989501953125,20140000,0.0,0.0,135.989501953125
2021-08-03,136.0,136.3354949951172,134.18350219726562,136.27999877929688,19064000,0.0,0.0,136.27999877929688
2021-08-04,136.24949645996094,136.53799438476562,135.4149932861328,136.02850341796875,16528000,0.0,0.0,136.02850341796875
2021-08-05,136.02850341796875,136.9499969482422,135.60000610351562,136.94000244140625,11866000,0.0,0.0,136.94000244140625
2021-08-06,136.2949981689453,137.08004760742188,136.04649353027344,137.03599548339844,13560000,0.0,0.0,137.03599548339844
2021-08-09,136.94900512695312,138.32150268554688,136.4287567138672,138.0019989013672,12374000,0.0,0.0,138.0019989013672
2021-08-10,138.07949829101562,138.55149841308594,137.22650146484375,138.09649658203125,16034000,0.0,0.0,138.09649658203125
2021-08-11,138.2830047607422,138.84774780273438,137.35000610351562,137.6894989013672,15204000,0.0,0.0,137.6894989013672
2021-08-12,137.71299743652344,138.41799926757812,136.7790069580078,138.38949584960938,14646000,0.0,0.0,138.38949584960938
2021-08-13,138.3574981689453,138.6739959716797,138.0050048828125,138.406005859375,12580000,0.0,0.0,138.406005859375
2021-08-16,138.0,138.99049377441406,136.16575622558594,138.91600036621094,18040000,0.0,0.0,138.91600036621094
2021-08-17,138.1909942626953,138.718505859375,136.78750610351562,137.30050659179688,21272000,0.0,0.0,137.30050659179688
2021-08-18,137.11549377441406,138.29400634765625,136.42100524902344,136.57000732421875,14934000,0.0,0.0,136.57000732421875
2021-08-19,135.46749877929688,137.45199584960938,135.3560028076172,136.9134979248047,18296000,0.0,0.0,136.9134979248047
2021-08-20,137.08299255371094,138.614501953125,136.4669952392578,138.43699645996094,15564000,0.0,0.0,138.43699645996094
2021-08-23,138.99850463867188,142.177001953125,138.74795532226562,141.09950256347656,21090000,0.0,0.0,141.09950256347656
2021-08-24,141.5435028076172,143.00750732421875,141.35350036621094,142.39849853515625,15126000,0.0,0.0,142.39849853515625
2021-08-25,142.88299560546875,143.31300354003906,142.4394989013672,142.9499969482422,12838000,0.0,0.0,142.9499969482422
2021-08-26,142.61849975585938,143.13479614257812,142.0915069580078,142.1230010986328,14922000,0.0,0.0,142.1230010986328
2021-08-27,142.1125030517578,145.01100158691406,142.02000427246094,144.55050659179688,24562000,0.0,0.0,144.55050659179688
2021-08-30,144.70449829101562,146.489501953125,144.60000610351562,145.46949768066406,16916000,0.0,0.0,145.46949768066406
2021-08-31,145.88450622558594,146.11199951171875,145.0,145.46200561523438,26756000,0.0,0.0,145.46200561523438
2021-09-01,145.64999389648438,146.82049560546875,145.614501953125,145.8419952392578,15824000,0.0,0.0,145.8419952392578
2021-09-02,145.94949340820312,146.3249969482422,144.10650634765625,144.218994140625,21844000,0.0,0.0,144.218994140625
2021-09-03,144.14599609375,145.3769989013672,143.5050048828125,144.77499389648438,19104000,0.0,0.0,144.77499389648438
2021-09-07,144.74949645996094,145.82400512695312,144.54100036621094,145.5189971923828,15170000,0.0,0.0,145.5189971923828
2021-09-08,145.39349365234375,145.55099487304688,144.1999969482422,144.8834991455078,15486000,0.0,0.0,144.8834991455078
2021-09-09,144.8834991455078,145.66949462890625,144.4340057373047,144.9134979248047,14798000,0.0,0.0,144.9134979248047
2021-09-10,145.44349670410156,146.0189971923828,141.7415008544922,141.92100524902344,32896000,0.0,0.0,141.92100524902344
2021-09-13,143.2010040283203,144.1909942626953,142.28250122070312,143.46499633789062,20176000,0.0,0.0,143.46499633789062
2021-09-14,144.16099548339844,144.7274932861328,142.90550231933594,143.406005859375,18916000,0.0,0.0,143.406005859375
2021-09-15,143.75900268554688,145.5814971923828,142.25599670410156,145.20599365234375,20648000,0.0,0.0,145.20599365234375
2021-09-16,145.12100219726562,145.1999969482422,143.41635131835938,144.37350463867188,20292000,0.0,0.0,144.37350463867188
2021-09-17,143.79849243164062,144.24949645996094,141.06149291992188,141.4635009765625,60040000,0.0,0.0,141.4635009765625
2021-09-20,139.0001983642578,139.3625030517578,137.05299377441406,139.01699829101562,34918000,0.0,0.0,139.01699829101562
2021-09-21,140.11700439453125,140.8115997314453,138.90550231933594,139.64649963378906,18130000,0.0,0.0,139.64649963378906
2021-09-22,140.05050659179688,141.58349609375,139.4717559814453,140.93850708007812,22068000,0.0,0.0,140.93850708007812
2021-09-23,141.6094970703125,142.25245666503906,141.09649658203125,141.82650756835938,17272000,0.0,0.0,141.82650756835938
2021-09-24,140.9459991455078,142.90350341796875,140.85049438476562,142.63299560546875,14950000,0.0,0.0,142.63299560546875
2021-09-27,141.5854949951172,142.5,140.5,141.50100708007812,18844000,0.0,0.0,141.50100708007812
2021-09-28,139.0885009765625,139.60650634765625,135.6999969482422,136.1840057373047,42190000,0.0,0.0,136.1840057373047
2021-09-29,137.1096954345703,137.39849853515625,134.25,134.52099609375,26338000,0.0,0.0,134.52099609375
2021-09-30,134.3249969482422,135.58999633789062,133.0,133.2655029296875,35294000,0.0,0.0,133.2655029296875
2021-10-01,133.55450439453125,137.0709991455078,133.37750244140625,136.46249389648438,28388000,0.0,0.0,136.46249389648438
2021-10-04,135.69949340820312,135.6999969482422,131.16650390625,133.76499938964844,31530000,0.0,0.0,133.76499938964844
2021-10-05,134.0,137.36199951171875,134.0,136.177001953125,24126000,0.0,0.0,136.177001953125
2021-10-06,134.62550354003906,137.8520050048828,134.4864959716797,137.35400390625,19764000,0.0,0.0,137.35400390625
2021-10-07,138.86300659179688,140.15444946289062,138.56300354003906,139.1855010986328,18250000,0.0,0.0,139.1855010986328
2021-10-08,139.906005859375,140.31700134277344,139.42935180664062,140.05599975585938,18924000,0.0,0.0,140.05599975585938
2021-10-11,139.8000030517578,140.76365661621094,138.80650329589844,138.84750366210938,16584000,0.0,0.0,138.84750366210938
2021-10-12,139.6374969482422,139.69500732421875,136.25,136.71299743652344,22536000,0.0,0.0,136.71299743652344
2021-10-13,137.75,138.5500030517578,136.97650146484375,137.89999389648438,16380000,0.0,0.0,137.89999389648438
2021-10-14,139.95199584960938,141.65150451660156,139.33900451660156,141.41200256347656,21426000,0.0,0.0,141.41200256347656
2021-10-15,142.1999969482422,142.1999969482422,141.0644989013672,141.6750030517578,21250000,0.0,0.0,141.6750030517578
2021-10-18,141.2135009765625,142.99874877929688,141.2135009765625,142.9604949951172,16564000,0.0,0.0,142.9604949951172
2021-10-19,143.29150390625,144.10699462890625,143.0959930419922,143.82200622558594,15316000,0.0,0.0,143.82200622558594
2021-10-20,144.22250366210938,144.2477569580078,141.91200256347656,142.4149932861328,17940000,0.0,0.0,142.4149932861328
2021-10-21,142.19200134277344,142.84950256347656,141.63699340820312,142.78050231933594,14850000,0.0,0.0,142.78050231933594
2021-10-22,140.3509979248047,141.55850219726562,137.17050170898438,138.625,30182000,0.0,0.0,138.625
2021-10-25,138.8105010986328,139.20579528808594,136.74850463867188,138.7729949951172,21082000,0.0,0.0,138.7729949951172
2021-10-26,140.6060028076172,140.83949279785156,139.0054931640625,139.6719970703125,28258000,0.0,0.0,139.6719970703125
2021-10-27,139.90249633789062,149.1179962158203,139.90249633789062,146.42750549316406,51850000,0.0,0.0,146.42750549316406
2021-10-28,147.2989959716797,147.42449951171875,144.7635040283203,146.12899780273438,32418000,0.0,0.0,146.12899780273438
2021-10-29,145.52000427246094,148.61300659179688,145.16650390625,148.27049255371094,28954000,0.0,0.0,148.27049255371094
2021-11-01,148.1649932861328,148.39950561523438,143.57949829101562,143.7740020751953,32272000,0.0,0.0,143.7740020751953
2021-11-02,144.8094024658203,146.92050170898438,144.64100646972656,145.86300659179688,21150000,0.0,0.0,145.86300659179688
2021-11-03,146.27499389648438,146.91050720214844,145.05349731445312,146.7899932861328,17886000,0.0,0.0,146.7899932861328
2021-11-04,147.1999969482422,149.9499969482422,146.63499450683594,148.68299865722656,24700000,0.0,0.0,148.68299865722656
2021-11-05,149.35350036621094,150.5707550048828,148.65199279785156,149.24099731445312,20408000,0.0,0.0,149.24099731445312
2021-11-08,150.0,151.0345001220703,149.1199951171875,149.35150146484375,18388000,0.0,0.0,149.35150146484375
2021-11-09,149.74600219726562,150.3784942626953,147.5070037841797,149.24850463867188,16876000,0.0,0.0,149.24850463867188
2021-11-10,148.00975036621094,148.6999969482422,145.3249969482422,146.62600708007812,22708000,0.0,0.0,146.62600708007812
2021-11-11,147.10699462890625,148.5022430419922,146.6945037841797,146.7480010986328,12464000,0.0,0.0,146.7480010986328
2021-11-12,147.8314971923828,149.8594970703125,146.45399475097656,149.64549255371094,17048000,0.0,0.0,149.64549255371094
2021-11-15,150.0,150.4770050048828,148.65249633789062,149.38800048828125,16248000,0.0,0.0,149.38800048828125
2021-11-16,149.17050170898438,149.83250427246094,148.35000610351562,149.0760040283203,17254000,0.0,0.0,149.0760040283203
2021-11-17,149.22900390625,149.62600708007812,148.56300354003906,149.06199645996094,15290000,0.0,0.0,149.06199645996094
2021-11-18,149.14599609375,151.61000061035156,148.99850463867188,150.70899963378906,26658000,0.0,0.0,150.70899963378906
2021-11-19,151.0,151.85000610351562,149.8874969482422,149.95249938964844,19766000,0.0,0.0,149.95249938964844
2021-11-22,150.14175415039062,150.7445068359375,147.0054931640625,147.07850646972656,24608000,0.0,0.0,147.07850646972656
2021-11-23,147.11300659179688,147.69400024414062,144.88949584960938,146.7570037841797,18126000,0.0,0.0,146.7570037841797
2021-11-24,146.35000610351562,147.0,145.19900512695312,146.71749877929688,16464000,0.0,0.0,146.71749877929688
2021-11-26,145.0155029296875,145.2969970703125,142.48550415039062,142.80599975585938,16992000,0.0,0.0,142.80599975585938
2021-11-29,144.29849243164062,146.86199951171875,144.29849243164062,146.11399841308594,26276000,0.0,0.0,146.11399841308594
2021-11-30,145.45025634765625,146.6284942626953,142.0659942626953,142.45199584960938,41590000,0.0,0.0,142.45199584960938
2021-12-01,144.21249389648438,146.4991455078125,141.5,141.6179962158203,28476000,0.0,0.0,141.6179962158203
2021-12-02,141.82400512695312,144.6750030517578,140.98199462890625,143.77650451660156,21250000,0.0,0.0,143.77650451660156
2021-12-03,144.49549865722656,145.21299743652344,141.14999389648438,142.52049255371094,26688000,0.0,0.0,142.52049255371094
2021-12-06,143.57400512695312,144.35150146484375,140.64700317382812,143.79649353027344,22198000,0.0,0.0,143.79649353027344
2021-12-07,145.9499969482422,148.3000030517578,145.70249938964844,148.0364990234375,23258000,0.0,0.0,148.0364990234375
2021-12-08,148.3314971923828,149.156494140625,147.1999969482422,148.7205047607422,18964000,0.0,0.0,148.7205047607422
2021-12-09,148.17599487304688,149.60499572753906,147.5290069580078,148.1060028076172,18580000,0.0,0.0,148.1060028076172
2021-12-10,149.10000610351562,149.39999389648438,147.3574981689453,148.6750030517578,21634000,0.0,0.0,148.6750030517578
2021-12-13,148.44400024414062,148.5625,146.36000061035156,146.70449829101562,24104000,0.0,0.0,146.70449829101562
2021-12-14,144.77000427246094,145.44200134277344,142.24249267578125,144.9705047607422,24778000,0.0,0.0,144.9705047607422
2021-12-15,144.36599731445312,147.51724243164062,142.70550537109375,147.36849975585938,27280000,0.0,0.0,147.36849975585938
2021-12-16,148.07699584960938,148.55149841308594,144.09249877929688,144.8385009765625,27400000,0.0,0.0,144.8385009765625
2021-12-17,142.71449279785156,144.46009826660156,141.78799438476562,142.80299377441406,43404000,0.0,0.0,142.80299377441406
2021-12-20,140.67959594726562,142.61050415039062,140.25,142.40150451660156,20264000,0.0,0.0,142.40150451660156
2021-12-21,143.14999389648438,144.69204711914062,141.73500061035156,144.2205047607422,19548000,0.0,0.0,144.2205047607422
2021-12-22,144.10000610351562,147.30299377441406,143.96299743652344,146.94900512695312,18438000,0.0,0.0,146.94900512695312
2021-12-23,147.08949279785156,148.57260131835938,146.9508514404297,147.1425018310547,13818000,0.0,0.0,147.1425018310547
2021-12-27,147.4635009765625,148.42649841308594,147.25,148.06399536132812,13256000,0.0,0.0,148.06399536132812
2021-12-28,148.37449645996094,148.37449645996094,145.9355010986328,146.447998046875,18624000,0.0,0.0,146.447998046875
2021-12-29,146.42950439453125,147.18374633789062,145.50450134277344,146.50450134277344,17022000,0.0,0.0,146.50450134277344
2021-12-30,146.4499969482422,147.0625,145.7584991455078,146.00250244140625,12978000,0.0,0.0,146.00250244140625
2021-12-31,145.54400634765625,146.36500549316406,144.67750549316406,144.67950439453125,17298000,0.0,0.0,144.67950439453125
2022-01-03,144.47549438476562,145.5500030517578,143.50250244140625,145.07449340820312,25214000,0.0,0.0,145.07449340820312
2022-01-04,145.55050659179688,146.61000061035156,143.81614685058594,144.41650390625,22928000,0.0,0.0,144.41650390625
2022-01-05,144.18099975585938,144.29800415039062,137.52349853515625,137.65350341796875,49642000,0.0,0.0,137.65350341796875
2022-01-06,137.49749755859375,139.68600463867188,136.7635040283203,137.55099487304688,29050000,0.0,0.0,137.55099487304688
2022-01-07,137.90499877929688,138.25474548339844,135.78900146484375,137.00450134277344,19408000,0.0,0.0,137.00450134277344
2022-01-10,135.0989990234375,138.63999938964844,133.1405029296875,138.57400512695312,34096000,0.0,0.0,138.57400512695312
2022-01-11,138.1804962158203,140.32949829101562,136.81350708007812,140.0175018310547,23502000,0.0,0.0,140.0175018310547
2022-01-12,141.55450439453125,142.8142547607422,141.11199951171875,141.6479949951172,23642000,0.0,0.0,141.6479949951172
2022-01-13,141.8404998779297,143.1855010986328,138.91400146484375,139.13099670410156,26566000,0.0,0.0,139.13099670410156
2022-01-14,137.5,141.20050048828125,137.5,139.7864990234375,23826000,0.0,0.0,139.7864990234375
2022-01-18,136.60000610351562,137.39149475097656,135.61700439453125,136.29049682617188,27382000,0.0,0.0,136.29049682617188
2022-01-19,136.93850708007812,138.39950561523438,135.5,135.65199279785156,20796000,0.0,0.0,135.65199279785156
2022-01-20,136.51400756835938,137.91200256347656,133.14450073242188,133.50650024414062,21930000,0.0,0.0,133.50650024414062
2022-01-21,133.01199340820312,134.760498046875,130.00100708007812,130.0919952392578,41920000,0.0,0.0,130.0919952392578
2022-01-24,126.02749633789062,130.77850341796875,124.64195251464844,130.3719940185547,55148000,0.0,0.0,130.3719940185547
2022-01-25,128.4355010986328,129.3385009765625,126.37799835205078,126.7354965209961,36008000,0.0,0.0,126.7354965209961
2022-01-26,130.59249877929688,132.8074951171875,127.15350341796875,129.24000549316406,39630000,0.0,0.0,129.24000549316406
2022-01-27,131.36099243164062,132.60995483398438,128.94500732421875,129.12100219726562,30248000,0.0,0.0,129.12100219726562
2022-01-28,130.0,133.37049865722656,128.6945037841797,133.2895050048828,30518000,0.0,0.0,133.2895050048828
2022-01-31,134.197998046875,135.843505859375,132.2740020751953,135.69850158691406,34056000,0.0,0.0,135.69850158691406
2022-02-01,137.8350067138672,138.1999969482422,134.56825256347656,137.8784942626953,51204000,0.0,0.0,137.8784942626953
2022-02-02,151.86349487304688,152.10000610351562,145.5574951171875,148.0364990234375,89750000,0.0,0.0,148.0364990234375
2022-02-03,145.2949981689453,149.11770629882812,142.2050018310547,142.65049743652344,56930000,0.0,0.0,142.65049743652344
2022-02-04,143.01699829101562,144.53524780273438,139.8175048828125,143.01600646972656,49224000,0.0,0.0,143.01600646972656
2022-02-07,143.70899963378906,143.84649658203125,138.69900512695312,138.93800354003906,44610000,0.0,0.0,138.93800354003906
2022-02-08,138.9912567138672,139.83709716796875,136.8730010986328,139.21299743652344,34256000,0.0,0.0,139.21299743652344
2022-02-09,140.84974670410156,142.17550659179688,140.3769989013672,141.4530029296875,28628000,0.0,0.0,141.4530029296875
2022-02-10,139.5,141.43099975585938,138.0500030517578,138.6024932861328,33018000,0.0,0.0,138.6024932861328
2022-02-11,138.75,139.2832489013672,133.2884979248047,134.1300048828125,38808000,0.0,0.0,134.1300048828125
2022-02-14,133.36549377441406,136.16650390625,133.302001953125,135.3000030517578,26792000,0.0,0.0,135.3000030517578
2022-02-15,137.47149658203125,137.89999389648438,135.5395050048828,136.42550659179688,26578000,0.0,0.0,136.42550659179688
2022-02-16,136.4304962158203,137.9459991455078,134.8236541748047,137.4875030517578,25610000,0.0,0.0,137.4875030517578
2022-02-17,136.14999389648438,136.83949279785156,132.20199584960938,132.30850219726562,30968000,0.0,0.0,132.30850219726562
2022-02-18,133.03750610351562,133.82400512695312,130.3070526123047,130.46749877929688,31858000,0.0,0.0,130.46749877929688
2022-02-22,129.98500061035156,131.9007568359375,127.74099731445312,129.40249633789062,38906000,0.0,0.0,129.40249633789062
2022-02-23,131.07850646972656,131.74899291992188,127.50350189208984,127.58499908447266,26432000,0.0,0.0,127.58499908447266
2022-02-24,125.0,133.03700256347656,124.7645034790039,132.67349243164062,43166000,0.0,0.0,132.67349243164062
2022-02-25,133.52549743652344,135.38900756835938,131.76499938964844,134.51950073242188,26236000,0.0,0.0,134.51950073242188
2022-02-28,133.2845001220703,135.6405029296875,132.82525634765625,134.89100646972656,29676000,0.0,0.0,134.89100646972656
2022-03-01,134.47999572753906,136.11099243164062,133.3784942626953,134.16799926757812,24640000,0.0,0.0,134.16799926757812
2022-03-02,134.60824584960938,135.61549377441406,133.4324951171875,134.75149536132812,23966000,0.0,0.0,134.75149536132812
2022-03-03,135.97850036621094,136.71380615234375,133.43099975585938,134.30799865722656,19780000,0.0,0.0,134.30799865722656
2022-03-04,133.38250732421875,134.19900512695312,130.4084930419922,132.1219940185547,24446000,0.0,0.0,132.1219940185547
2022-03-07,131.9040069580078,131.9040069580078,126.41000366210938,126.4645004272461,39178000,0.0,0.0,126.4645004272461
2022-03-08,126.25050354003906,131.2465057373047,125.86074829101562,127.27850341796875,35250000,0.0,0.0,127.27850341796875
2022-03-09,131.39999389648438,134.19850158691406,130.08799743652344,133.86599731445312,32258000,0.0,0.0,133.86599731445312
2022-03-10,131.46249389648438,133.5384979248047,131.4010009765625,132.6820068359375,24266000,0.0,0.0,132.6820068359375
2022-03-11,133.99949645996094,134.1999969482422,130.29649353027344,130.47549438476562,26600000,0.0,0.0,130.47549438476562
2022-03-14,130.572998046875,131.0260009765625,126.41300201416016,126.74099731445312,30254000,0.0,0.0,126.74099731445312
2022-03-15,127.74150085449219,130.51724243164062,126.56800079345703,129.66050720214844,30292000,0.0,0.0,129.66050720214844
2022-03-16,131.0,133.77099609375,129.2010040283203,133.6905059814453,32058000,0.0,0.0,133.6905059814453
2022-03-17,133.3209991455078,134.739501953125,132.718994140625,134.60049438476562,23994000,0.0,0.0,134.60049438476562
2022-03-18,133.88400268554688,136.9134979248047,132.9320068359375,136.80149841308594,45900000,0.0,0.0,136.80149841308594
2022-03-21,136.84750366210938,137.58250427246094,134.6114959716797,136.47850036621094,26632000,0.0,0.0,136.47850036621094
2022-03-22,136.5,141.5,136.5,140.27749633789062,29776000,0.0,0.0,140.27749633789062
2022-03-23,139.1385040283203,140.02499389648438,138.16650390625,138.5034942626953,25302000,0.0,0.0,138.5034942626953
2022-03-24,139.2725067138672,141.39649963378906,138.03939819335938,141.31199645996094,20544000,0.0,0.0,141.31199645996094
2022-03-25,141.75399780273438,141.95950317382812,139.69949340820312,141.52149963378906,19270000,0.0,0.0,141.52149963378906
2022-03-28,140.6844940185547,141.97650146484375,139.82815551757812,141.9499969482422,23774000,0.0,0.0,141.9499969482422
2022-03-29,143.16050720214844,144.16250610351562,142.48399353027344,143.25,28678000,0.0,0.0,143.25
2022-03-30,142.8699951171875,143.48049926757812,142.16799926757812,142.64450073242188,21046000,0.0,0.0,142.64450073242188
2022-03-31,142.44850158691406,142.64450073242188,139.61900329589844,139.64950561523438,29516000,0.0,0.0,139.64950561523438
2022-04-01,140.00999450683594,140.9499969482422,138.7969970703125,140.6999969482422,23480000,0.0,0.0,140.6999969482422
2022-04-04,140.82449340820312,144.0437469482422,140.82449340820312,143.6425018310547,19076000,0.0,0.0,143.6425018310547
2022-04-05,143.39950561523438,143.58999633789062,140.94349670410156,141.06300354003906,19256000,0.0,0.0,141.06300354003906
2022-04-06,139.1614990234375,139.84849548339844,136.41810607910156,137.17599487304688,23574000,0.0,0.0,137.17599487304688
2022-04-07,136.6179962158203,137.70150756835938,134.8572540283203,136.46499633789062,19448000,0.0,0.0,136.46499633789062
2022-04-08,136.25,136.25,133.75250244140625,134.010498046875,16434000,0.0,0.0,134.010498046875
2022-04-11,132.89999389648438,132.93919372558594,129.61749267578125,129.79649353027344,24188000,0.0,0.0,129.79649353027344
2022-04-12,132.42349243164062,132.42349243164062,127.57599639892578,128.37449645996094,23004000,0.0,0.0,128.37449645996094
2022-04-13,128.62649536132812,130.65574645996094,128.4385986328125,130.28599548339844,19542000,0.0,0.0,130.28599548339844
2022-04-14,130.64950561523438,130.7102508544922,127.11150360107422,127.25299835205078,23484000,0.0,0.0,127.25299835205078
2022-04-18,127.41000366210938,128.71200561523438,126.57845306396484,127.96099853515625,14918000,0.0,0.0,127.96099853515625
2022-04-19,128.07699584960938,130.90374755859375,127.45149993896484,130.531005859375,22720000,0.0,0.0,130.531005859375
2022-04-20,131.28399658203125,131.92349243164062,127.89405059814453,128.24549865722656,22610000,0.0,0.0,128.24549865722656
2022-04-21,129.35000610351562,130.3074951171875,124.6500015258789,124.9375,30158000,0.0,0.0,124.9375
2022-04-22,125.0,125.4520034790039,119.1405029296875,119.61399841308594,46410000,0.0,0.0,119.61399841308594
2022-04-25,119.42949676513672,123.27799987792969,118.76924896240234,123.25,34522000,0.0,0.0,123.25
2022-04-26,122.75,122.75,119.16184997558594,119.50599670410156,49394000,0.0,0.0,119.50599670410156
2022-04-27,114.37300109863281,117.5,113.12425231933594,115.02050018310547,62238000,0.0,0.0,115.02050018310547
2022-04-28,117.11499786376953,120.4384994506836,115.1438980102539,119.4114990234375,36790000,0.0,0.0,119.4114990234375
2022-04-29,117.5780029296875,118.95999908447266,114.69400024414062,114.96649932861328,33694000,0.0,0.0,114.96649932861328
2022-05-02,113.90650177001953,117.3395004272461,113.39949798583984,117.15699768066406,30280000,0.0,0.0,117.15699768066406
2022-05-03,116.76499938964844,119.30000305175781,116.62699890136719,118.12950134277344,21216000,0.0,0.0,118.12950134277344
2022-05-04,118.00350189208984,123.14299774169922,115.7385025024414,122.57499694824219,33232000,0.0,0.0,122.57499694824219
2022-05-05,120.22049713134766,121.2332534790039,115.18250274658203,116.74649810791016,43090000,0.0,0.0,116.74649810791016
2022-05-06,115.51899719238281,117.49849700927734,114.14299774169922,115.66000366210938,35310000,0.0,0.0,115.66000366210938
2022-05-09,113.30349731445312,115.56289672851562,112.55149841308594,113.08399963378906,34520000,0.0,0.0,113.08399963378906
2022-05-10,116.04049682617188,116.69100189208984,113.38330078125,114.58450317382812,31158000,0.0,0.0,114.58450317382812
2022-05-11,113.71050262451172,116.6709976196289,113.6500015258789,113.96099853515625,36502000,0.0,0.0,113.96099853515625
2022-05-12,111.93800354003906,114.85649871826172,110.1135025024414,113.16100311279297,41464000,0.0,0.0,113.16100311279297
2022-05-13,114.84549713134766,118.08499908447266,114.0,116.5155029296875,29738000,0.0,0.0,116.5155029296875
2022-05-16,115.38400268554688,116.60749816894531,114.33499908447266,114.7925033569336,23282000,0.0,0.0,114.7925033569336
2022-05-17,117.22750091552734,117.22750091552734,115.3375015258789,116.70149993896484,21576000,0.0,0.0,116.70149993896484
2022-05-18,115.23750305175781,115.69564819335938,112.14199829101562,112.4010009765625,27982000,0.0,0.0,112.4010009765625
2022-05-19,111.84100341796875,113.5875015258789,110.46800231933594,110.74549865722656,29192000,0.0,0.0,110.74549865722656
2022-05-20,112.08550262451172,112.55000305175781,106.37300109863281,109.31300354003906,37586000,0.0,0.0,109.31300354003906
2022-05-23,110.10399627685547,112.00550079345703,109.15425109863281,111.66649627685547,31558000,0.0,0.0,111.66649627685547
2022-05-24,106.37750244140625,106.3949966430664,102.20800018310547,105.9260025024414,60386000,0.0,0.0,105.9260025024414
2022-05-25,105.14199829101562,106.5447006225586,104.21125030517578,105.8395004272461,37900000,0.0,0.0,105.8395004272461
2022-05-26,106.05049896240234,108.95525360107422,105.48799896240234,108.2959976196289,30288000,0.0,0.0,108.2959976196289
2022-05-27,109.78849792480469,112.86799621582031,109.55000305175781,112.79900360107422,29924000,0.0,0.0,112.79900360107422
2022-05-31,113.0790023803711,116.43350219726562,112.57250213623047,114.03900146484375,51302000,0.0,0.0,114.03900146484375
2022-06-01,114.93150329589844,117.39900207519531,113.55049896240234,114.13700103759766,28630000,0.0,0.0,114.13700103759766
2022-06-02,114.18800354003906,117.89800262451172,113.30799865722656,117.74600219726562,27472000,0.0,0.0,117.74600219726562
2022-06-03,115.99250030517578,116.364501953125,113.66799926757812,114.56400299072266,25052000,0.0,0.0,114.56400299072266
2022-06-06,116.74250030517578,119.39849853515625,116.5282974243164,117.010498046875,23786000,0.0,0.0,117.010498046875
2022-06-07,115.64800262451172,117.74864959716797,115.12550354003906,117.22949981689453,26414000,0.0,0.0,117.22949981689453
2022-06-08,116.87650299072266,118.64600372314453,116.69674682617188,117.23799896240234,22544000,0.0,0.0,117.23799896240234
2022-06-09,116.34149932861328,118.3499984741211,114.86699676513672,114.91799926757812,23142000,0.0,0.0,114.91799926757812
2022-06-10,112.78125,113.49700164794922,110.86100006103516,111.42749786376953,31324000,0.0,0.0,111.42749786376953
2022-06-13,107.44599914550781,109.21849822998047,106.58805084228516,106.87650299072266,36756000,0.0,0.0,106.87650299072266
2022-06-14,106.88999938964844,108.4574966430664,106.35199737548828,107.19400024414062,25480000,0.0,0.0,107.19400024414062
2022-06-15,108.89949798583984,112.06300354003906,108.1187515258789,110.3905029296875,33192000,0.0,0.0,110.3905029296875
2022-06-16,108.14949798583984,109.29049682617188,105.7925033569336,106.63600158691406,35314000,0.0,0.0,106.63600158691406
2022-06-17,106.53500366210938,109.24949645996094,105.62854766845703,107.8655014038086,43516000,0.0,0.0,107.8655014038086
2022-06-21,109.7020034790039,112.6729965209961,109.29350280761719,112.01499938964844,39010000,0.0,0.0,112.01499938964844
2022-06-22,111.16300201416016,113.76950073242188,110.72429656982422,112.03399658203125,23922000,0.0,0.0,112.03399658203125
2022-06-23,112.94999694824219,113.19650268554688,111.02899932861328,112.68450164794922,24710000,0.0,0.0,112.68450164794922
2022-06-24,113.60299682617188,118.63749694824219,113.60299682617188,118.53800201416016,39122000,0.0,0.0,118.53800201416016
2022-06-27,118.93499755859375,119.25,116.00074768066406,116.62249755859375,32840000,0.0,0.0,116.62249755859375
2022-06-28,116.35099792480469,117.85649871826172,112.44400024414062,112.57150268554688,28232000,0.0,0.0,112.57150268554688
2022-06-29,112.14849853515625,113.66449737548828,111.55400085449219,112.25650024414062,18628000,0.0,0.0,112.25650024414062
2022-06-30,110.49949645996094,111.32980346679688,107.30999755859375,109.37249755859375,38046000,0.0,0.0,109.37249755859375
2022-07-01,108.33699798583984,109.80635070800781,107.1050033569336,109.08100128173828,31028000,0.0,0.0,109.08100128173828
2022-07-05,107.5145034790039,114.05259704589844,106.24949645996094,113.88700103759766,36398000,0.0,0.0,113.88700103759766
2022-07-06,114.09200286865234,116.35199737548828,112.25050354003906,115.2135009765625,28852000,0.0,0.0,115.2135009765625
2022-07-07,116.00800323486328,119.86199951171875,115.53399658203125,119.30599975585938,32184000,0.0,0.0,119.30599975585938
2022-07-08,117.55000305175781,120.43499755859375,117.51399993896484,120.16850280761719,29082000,0.0,0.0,120.16850280761719
2022-07-11,118.6500015258789,118.79450225830078,116.2344970703125,116.52249908447266,26718000,0.0,0.0,116.52249908447266
2022-07-12,116.8385009765625,117.84950256347656,114.61499786376953,114.84950256347656,24970000,0.0,0.0,114.84950256347656
2022-07-13,112.63899993896484,115.15699768066406,111.822998046875,112.18699645996094,38958000,0.0,0.0,112.18699645996094
2022-07-14,110.82599639892578,111.98750305175781,109.32550048828125,111.44000244140625,32366000,0.0,0.0,111.44000244140625
2022-07-15,112.96299743652344,114.00050354003906,111.82250213623047,112.76699829101562,34330000,0.0,0.0,112.76699829101562
2022-07-18,113.44000244140625,114.80000305175781,109.30000305175781,109.91000366210938,33354000,20.0,0.0,109.91000366210938
2022-07-19,111.7300033569336,114.80999755859375,110.5,114.62000274658203,30992300,0.0,0.0,114.62000274658203
2022-07-20,114.05999755859375,116.33000183105469,113.26000213623047,114.69999694824219,26780100,0.0,0.0,114.69999694824219
2022-07-21,115.08999633789062,115.20999908447266,111.91000366210938,115.04000091552734,27267800,0.0,0.0,115.04000091552734
2022-07-22,111.80999755859375,113.18000030517578,107.5999984741211,108.36000061035156,44455300,0.0,0.0,108.36000061035156
2022-07-25,108.87999725341797,110.58000183105469,107.01000213623047,108.20999908447266,28289900,0.0,0.0,108.20999908447266
2022-07-26,107.43000030517578,107.73999786376953,104.76000213623047,105.44000244140625,36626600,0.0,0.0,105.44000244140625
2022-07-27,109.5999984741211,114.4000015258789,108.41999816894531,113.5999984741211,41474600,0.0,0.0,113.5999984741211
2022-07-28,112.80000305175781,114.69999694824219,111.85099792480469,114.58999633789062,23303800,0.0,0.0,114.58999633789062
2022-07-29,113.4000015258789,116.9000015258789,113.2300033569336,116.63999938964844,31336200,0.0,0.0,116.63999938964844
2022-08-01,115.52999877929688,117.12000274658203,114.69000244140625,115.4800033569336,22856200,0.0,0.0,115.4800033569336
2022-08-02,114.43000030517578,117.08000183105469,114.26000213623047,115.9000015258789,17911000,0.0,0.0,115.9000015258789
2022-08-03,116.33999633789062,119.41999816894531,116.1500015258789,118.77999877929688,25302800,0.0,0.0,118.77999877929688
2022-08-04,118.30000305175781,119.5,117.70999908447266,118.87000274658203,15757700,0.0,0.0,118.87000274658203
2022-08-05,116.93000030517578,118.86000061035156,116.70999908447266,118.22000122070312,15615700,0.0,0.0,118.22000122070312
2022-08-08,119.12000274658203,120.86000061035156,117.83000183105469,118.13999938964844,17061100,0.0,0.0,118.13999938964844
2022-08-09,117.98999786376953,118.19999694824219,116.55999755859375,117.5,15424300,0.0,0.0,117.5
2022-08-10,119.58999633789062,121.77999877929688,119.36000061035156,120.6500015258789,20497000,0.0,0.0,120.6500015258789
2022-08-11,122.08000183105469,122.33999633789062,119.55000305175781,119.81999969482422,16671600,0.0,0.0,119.81999969482422
2022-08-12,121.16000366210938,122.6500015258789,120.4000015258789,122.6500015258789,16121100,0.0,0.0,122.6500015258789
2022-08-15,122.20999908447266,123.26000213623047,121.56999969482422,122.87999725341797,15525000,0.0,0.0,122.87999725341797
2022-08-16,122.31999969482422,123.22799682617188,121.53500366210938,122.51000213623047,15626200,0.0,0.0,122.51000213623047
2022-08-17,120.93000030517578,122.1500015258789,120.19999694824219,120.31999969482422,17589200,0.0,0.0,120.31999969482422
2022-08-18,120.2300033569336,121.69000244140625,119.55000305175781,120.86000061035156,15652000,0.0,0.0,120.86000061035156
2022-08-19,119.87000274658203,120.0,117.66999816894531,118.12000274658203,20187000,0.0,0.0,118.12000274658203
2022-08-22,116.0999984741211,116.5,114.66999816894531,115.06999969482422,19316000,0.0,0.0,115.06999969482422
2022-08-23,114.31999969482422,115.93000030517578,114.30000305175781,114.7699966430664,14390700,0.0,0.0,114.7699966430664
2022-08-24,114.44999694824219,115.71700286865234,113.77999877929688,114.69999694824219,16051200,0.0,0.0,114.69999694824219
2022-08-25,115.1500015258789,117.77999877929688,115.05000305175781,117.69999694824219,14874700,0.0,0.0,117.69999694824219
2022-08-26,115.80999755859375,116.5999984741211,111.22000122070312,111.30000305175781,31698700,0.0,0.0,111.30000305175781
2022-08-29,110.77999877929688,111.95999908447266,109.80999755859375,110.33999633789062,20386100,0.0,0.0,110.33999633789062
2022-08-30,111.02999877929688,111.37000274658203,108.80000305175781,109.91000366210938,20548200,0.0,0.0,109.91000366210938
2022-08-31,111.62999725341797,111.7699966430664,109.05000305175781,109.1500015258789,25898000,0.0,0.0,109.1500015258789
2022-09-01,109.19999694824219,111.22000122070312,108.19000244140625,110.55000305175781,22784400,0.0,0.0,110.55000305175781
2022-09-02,111.33999633789062,111.67500305175781,108.12999725341797,108.68000030517578,20618100,0.0,0.0,108.68000030517578
2022-09-06,108.13500213623047,108.87999725341797,106.51000213623047,107.4800033569336,20565100,0.0,0.0,107.4800033569336
2022-09-07,107.76000213623047,110.98999786376953,107.61499786376953,110.4800033569336,22987200,0.0,0.0,110.4800033569336
2022-09-08,109.18000030517578,110.58000183105469,108.05999755859375,109.41999816894531,21660700,0.0,0.0,109.41999816894531
2022-09-09,110.05000305175781,112.0,110.0,111.77999877929688,21732900,0.0,0.0,111.77999877929688
2022-09-12,111.98999786376953,112.63999938964844,110.93000030517578,111.87000274658203,19732900,0.0,0.0,111.87000274658203
2022-09-13,108.88999938964844,109.37000274658203,105.0,105.30999755859375,33015000,0.0,0.0,105.30999755859375
2022-09-14,105.44000244140625,106.0999984741211,104.5,105.87000274658203,22115800,0.0,0.0,105.87000274658203
2022-09-15,105.01000213623047,106.20999908447266,103.30999755859375,103.9000015258789,26494900,0.0,0.0,103.9000015258789
2022-09-16,102.97000122070312,104.02999877929688,101.8550033569336,103.62999725341797,64540100,0.0,0.0,103.62999725341797
2022-09-19,102.54000091552734,104.0199966430664,102.37000274658203,103.8499984741211,19738600,0.0,0.0,103.8499984741211
2022-09-20,102.87999725341797,103.16999816894531,101.12000274658203,101.83000183105469,24001700,0.0,0.0,101.83000183105469
2022-09-21,102.23999786376953,103.48999786376953,99.98999786376953,100.01000213623047,26596800,0.0,0.0,100.01000213623047
2022-09-22,99.44999694824219,101.68000030517578,99.41000366210938,100.56999969482422,21272700,0.0,0.0,100.56999969482422
2022-09-23,100.05999755859375,100.11000061035156,98.01000213623047,99.16999816894531,25657000,0.0,0.0,99.16999816894531
2022-09-26,98.61000061035156,100.44000244140625,98.37999725341797,98.80999755859375,22437900,0.0,0.0,98.80999755859375
2022-09-27,99.91000366210938,100.45999908447266,97.33999633789062,98.08999633789062,24225000,0.0,0.0,98.08999633789062
2022-09-28,98.0199966430664,101.4000015258789,97.80000305175781,100.73999786376953,24617000,0.0,0.0,100.73999786376953
2022-09-29,99.30000305175781,99.30000305175781,96.5199966430664,98.08999633789062,21921500,0.0,0.0,98.08999633789062
2022-09-30,97.7300033569336,99.49400329589844,96.02999877929688,96.1500015258789,26277800,0.0,0.0,96.1500015258789
2022-10-03,97.22000122070312,99.97000122070312,97.0199966430664,99.30000305175781,24840000,0.0,0.0,99.30000305175781
2022-10-04,101.04000091552734,102.72000122070312,101.04000091552734,102.41000366210938,22580900,0.0,0.0,102.41000366210938
2022-10-05,100.69000244140625,102.73999786376953,99.73999786376953,102.22000122070312,18475500,0.0,0.0,102.22000122070312
2022-10-06,101.5,103.7300033569336,101.5,102.23999786376953,17156200,0.0,0.0,102.23999786376953
2022-10-07,100.6500015258789,101.41999816894531,99.20999908447266,99.56999969482422,24249900,0.0,0.0,99.56999969482422
2022-10-10,99.8499984741211,99.98999786376953,97.87000274658203,98.70999908447266,16529900,0.0,0.0,98.70999908447266
2022-10-11,98.25,100.12000274658203,97.25,98.05000305175781,21617700,0.0,0.0,98.05000305175781
2022-10-12,98.2699966430664,99.64800262451172,97.66999816894531,98.30000305175781,17343400,0.0,0.0,98.30000305175781
2022-10-13,95.93000030517578,100.52999877929688,95.2699966430664,99.70999908447266,32812200,0.0,0.0,99.70999908447266
2022-10-14,100.625,101.29000091552734,97.02999877929688,97.18000030517578,22624800,0.0,0.0,97.18000030517578
2022-10-17,99.5199966430664,101.7699966430664,99.51000213623047,100.77999877929688,23311600,0.0,0.0,100.77999877929688
2022-10-18,103.94000244140625,104.22000122070312,100.6500015258789,101.38999938964844,21610500,0.0,0.0,101.38999938964844
2022-10-19,100.69999694824219,101.65899658203125,99.63500213623047,100.29000091552734,21573700,0.0,0.0,100.29000091552734
2022-10-20,100.81999969482422,103.0,99.97000122070312,100.52999877929688,25125100,0.0,0.0,100.52999877929688
2022-10-21,98.45999908447266,101.62000274658203,98.2300033569336,101.4800033569336,28988700,0.0,0.0,101.4800033569336
2022-10-24,102.08999633789062,103.0999984741211,100.30000305175781,102.97000122070312,24680800,0.0,0.0,102.97000122070312
2022-10-25,103.30000305175781,105.0999984741211,103.0199966430664,104.93000030517578,29910200,0.0,0.0,104.93000030517578
2022-10-26,96.76000213623047,98.54000091552734,94.56999969482422,94.81999969482422,71504300,0.0,0.0,94.81999969482422
2022-10-27,94.30999755859375,95.16999816894531,91.9000015258789,92.5999984741211,54036500,0.0,0.0,92.5999984741211
2022-10-28,92.52999877929688,96.86000061035156,92.322998046875,96.58000183105469,35696900,0.0,0.0,96.58000183105469
2022-10-31,95.77999877929688,96.3499984741211,94.37999725341797,94.66000366210938,29868700,0.0,0.0,94.66000366210938
2022-11-01,95.58999633789062,96.16500091552734,90.43000030517578,90.5,43220600,0.0,0.0,90.5
2022-11-02,90.91000366210938,91.30000305175781,87.01000213623047,87.06999969482422,43553600,0.0,0.0,87.06999969482422
2022-11-03,86.34500122070312,86.55000305175781,83.44999694824219,83.48999786376953,48510400,0.0,0.0,83.48999786376953
2022-11-04,85.51000213623047,86.7300033569336,83.87999725341797,86.69999694824219,40173300,0.0,0.0,86.69999694824219
2022-11-07,87.33999633789062,88.94000244140625,86.95999908447266,88.6500015258789,26899900,0.0,0.0,88.6500015258789
2022-11-08,89.16000366210938,90.40499877929688,87.6500015258789,88.91000366210938,30172000,0.0,0.0,88.91000366210938
2022-11-09,88.54499816894531,89.48999786376953,87.36000061035156,87.4000015258789,26743900,0.0,0.0,87.4000015258789
2022-11-10,92.33999633789062,94.55000305175781,91.6500015258789,94.16999816894531,42371200,0.0,0.0,94.16999816894531
2022-11-11,94.70999908447266,97.36000061035156,94.16000366210938,96.7300033569336,30569100,0.0,0.0,96.7300033569336
2022-11-14,95.5,97.18000030517578,95.11299896240234,96.02999877929688,24170100,0.0,0.0,96.02999877929688
2022-11-15,98.66999816894531,100.41999816894531,97.0199966430664,98.72000122070312,31831000,0.0,0.0,98.72000122070312
2022-11-16,98.0199966430664,99.8499984741211,97.9020004272461,98.98999786376953,24660200,0.0,0.0,98.98999786376953
2022-11-17,97.18000030517578,99.4800033569336,97.0999984741211,98.5,21818700,0.0,0.0,98.5
2022-11-18,99.01000213623047,99.16000366210938,96.73999786376953,97.80000305175781,24969900,0.0,0.0,97.80000305175781
2022-11-21,97.55999755859375,98.72000122070312,95.66999816894531,95.83000183105469,18696900,0.0,0.0,95.83000183105469
2022-11-22,96.16000366210938,97.5479965209961,94.41000366210938,97.33000183105469,18868900,0.0,0.0,97.33000183105469
2022-11-23,97.33999633789062,99.06900024414062,97.33999633789062,98.81999969482422,17568900,0.0,0.0,98.81999969482422
2022-11-25,98.46499633789062,98.94000244140625,97.52999877929688,97.5999984741211,8567800,0.0,0.0,97.5999984741211
2022-11-28,97.19999694824219,97.83000183105469,95.88999938964844,96.25,19974500,0.0,0.0,96.25
2022-11-29,96.0,96.38999938964844,94.38999938964844,95.44000244140625,20220000,0.0,0.0,95.44000244140625
2022-11-30,95.12000274658203,101.44999694824219,94.66999816894531,101.44999694824219,39888100,0.0,0.0,101.44999694824219
2022-12-01,101.4000015258789,102.58999633789062,100.66999816894531,101.27999877929688,21771500,0.0,0.0,101.27999877929688
2022-12-02,99.37000274658203,101.1500015258789,99.16999816894531,100.83000183105469,18821500,0.0,0.0,100.83000183105469
2022-12-05,99.81500244140625,101.75,99.3550033569336,99.87000274658203,19955500,0.0,0.0,99.87000274658203
2022-12-06,99.66999816894531,100.20999908447266,96.76000213623047,97.30999755859375,20877600,0.0,0.0,97.30999755859375
2022-12-07,96.7699966430664,97.30999755859375,95.0250015258789,95.1500015258789,26647900,0.0,0.0,95.1500015258789
2022-12-08,95.69000244140625,95.87000274658203,93.80000305175781,93.94999694824219,25593200,0.0,0.0,93.94999694824219
2022-12-09,93.9000015258789,94.48999786376953,93.0199966430664,93.06999969482422,21885300,0.0,0.0,93.06999969482422
2022-12-12,93.08999633789062,93.875,91.9000015258789,93.55999755859375,27380900,0.0,0.0,93.55999755859375
2022-12-13,98.06999969482422,99.80000305175781,95.37999725341797,95.8499984741211,34788500,0.0,0.0,95.8499984741211
2022-12-14,95.54000091552734,97.22000122070312,93.94000244140625,95.30999755859375,26452900,0.0,0.0,95.30999755859375
2022-12-15,93.54000091552734,94.02999877929688,90.43000030517578,91.19999694824219,28298800,0.0,0.0,91.19999694824219
2022-12-16,91.19999694824219,91.75,90.01000213623047,90.86000061035156,48485500,0.0,0.0,90.86000061035156
2022-12-19,90.87999725341797,91.19999694824219,88.92500305175781,89.1500015258789,23020500,0.0,0.0,89.1500015258789
2022-12-20,88.7300033569336,89.77999877929688,88.04000091552734,89.62999725341797,21976800,0.0,0.0,89.62999725341797
2022-12-21,89.7300033569336,90.91500091552734,88.91000366210938,90.25,20336400,0.0,0.0,90.25
2022-12-22,88.93000030517578,89.18000030517578,86.94000244140625,88.26000213623047,23656100,0.0,0.0,88.26000213623047
2022-12-23,87.62000274658203,90.0999984741211,87.62000274658203,89.80999755859375,17815000,0.0,0.0,89.80999755859375
2022-12-27,89.30999755859375,89.5,87.53500366210938,87.93000030517578,15470900,0.0,0.0,87.93000030517578
2022-12-28,87.5,88.5199966430664,86.37000274658203,86.45999908447266,17879600,0.0,0.0,86.45999908447266
2022-12-29,87.02999877929688,89.36499786376953,86.98999786376953,88.94999694824219,18280700,0.0,0.0,88.94999694824219
2022-12-30,87.36499786376953,88.83000183105469,87.02999877929688,88.7300033569336,19190300,0.0,0.0,88.7300033569336
2023-01-03,89.83000183105469,91.55000305175781,89.0199966430664,89.69999694824219,20738500,0.0,0.0,89.69999694824219
2023-01-04,91.01000213623047,91.23999786376953,87.80000305175781,88.70999908447266,27046500,0.0,0.0,88.70999908447266
2023-01-05,88.06999969482422,88.20999908447266,86.55999755859375,86.7699966430664,23136100,0.0,0.0,86.7699966430664
2023-01-06,87.36000061035156,88.47000122070312,85.56999969482422,88.16000366210938,26612600,0.0,0.0,88.16000366210938
2023-01-09,89.19499969482422,90.83000183105469,88.58000183105469,88.80000305175781,22996700,0.0,0.0,88.80000305175781
2023-01-10,86.72000122070312,89.4749984741211,86.69999694824219,89.23999786376953,22855600,0.0,0.0,89.23999786376953
2023-01-11,90.05999755859375,92.44999694824219,89.73999786376953,92.26000213623047,25998800,0.0,0.0,92.26000213623047
2023-01-12,92.4000015258789,92.62000274658203,90.56999969482422,91.91000366210938,22754200,0.0,0.0,91.91000366210938
2023-01-13,91.52799987792969,92.9800033569336,90.93000030517578,92.80000305175781,18630700,0.0,0.0,92.80000305175781
2023-01-17,92.77999877929688,92.97000122070312,90.83999633789062,92.16000366210938,22935800,0.0,0.0,92.16000366210938
2023-01-18,92.94000244140625,93.58799743652344,91.4000015258789,91.77999877929688,19641600,0.0,0.0,91.77999877929688
2023-01-19,91.38999938964844,94.4000015258789,91.37999725341797,93.91000366210938,28707700,0.0,0.0,93.91000366210938
2023-01-20,95.94999694824219,99.41999816894531,95.91000366210938,99.27999877929688,53704800,0.0,0.0,99.27999877929688
2023-01-23,99.12999725341797,101.4000015258789,98.75,101.20999908447266,31791800,0.0,0.0,101.20999908447266
2023-01-24,99.55000305175781,101.08999633789062,98.69999694824219,99.20999908447266,27391400,0.0,0.0,99.20999908447266
2023-01-25,97.19999694824219,97.72000122070312,95.26200103759766,96.7300033569336,31000900,0.0,0.0,96.7300033569336
2023-01-26,98.27999877929688,99.20999908447266,96.81999969482422,99.16000366210938,24542100,0.0,0.0,99.16000366210938
2023-01-27,99.05000305175781,101.58000183105469,98.97000122070312,100.70999908447266,29020400,0.0,0.0,100.70999908447266
2023-01-30,98.74500274658203,99.40899658203125,97.5199966430664,97.94999694824219,24365100,0.0,0.0,97.94999694824219
2023-01-31,97.86000061035156,99.91000366210938,97.79000091552734,99.87000274658203,22306800,0.0,0.0,99.87000274658203
2023-02-01,99.73999786376953,102.19000244140625,98.41999816894531,101.43000030517578,26392600,0.0,0.0,101.43000030517578
2023-02-02,106.79000091552734,108.81999969482422,106.54000091552734,108.80000305175781,46622600,0.0,0.0,108.80000305175781
2023-02-03,103.51000213623047,108.0199966430664,103.30000305175781,105.22000122070312,36823400,0.0,0.0,105.22000122070312
2023-02-06,102.68499755859375,104.69999694824219,102.20999908447266,103.47000122070312,25573000,0.0,0.0,103.47000122070312
2023-02-07,103.62999725341797,108.66999816894531,103.5479965209961,108.04000091552734,33738800,0.0,0.0,108.04000091552734
2023-02-08,102.69000244140625,103.58000183105469,98.45500183105469,100.0,73546000,0.0,0.0,100.0
2023-02-09,100.54000091552734,100.61000061035156,93.86000061035156,95.45999908447266,97798600,0.0,0.0,95.45999908447266
2023-02-10,95.73999786376953,97.0199966430664,94.52999877929688,94.86000061035156,49325300,0.0,0.0,94.86000061035156
2023-02-13,95.01000213623047,95.3499984741211,94.05000305175781,95.0,43116600,0.0,0.0,95.0
2023-02-14,94.66000366210938,95.17500305175781,92.6500015258789,94.94999694824219,42513100,0.0,0.0,94.94999694824219
2023-02-15,94.73999786376953,97.33999633789062,94.36000061035156,97.0999984741211,36964500,0.0,0.0,97.0999984741211
2023-02-16,95.54000091552734,97.87999725341797,94.97000122070312,95.77999877929688,35642100,0.0,0.0,95.77999877929688
2023-02-17,95.06999969482422,95.75,93.44999694824219,94.58999633789062,31095100,0.0,0.0,94.58999633789062
2023-02-21,93.23999786376953,93.41500091552734,92.0,92.05000305175781,28367200,0.0,0.0,92.05000305175781
2023-02-22,91.93399810791016,92.36000061035156,90.87000274658203,91.80000305175781,29891100,0.0,0.0,91.80000305175781
2023-02-23,92.12999725341797,92.12999725341797,90.01000213623047,91.06999969482422,32423700,0.0,0.0,91.06999969482422
2023-02-24,89.62999725341797,90.12999725341797,88.86000061035156,89.3499984741211,31295600,0.0,0.0,89.3499984741211
2023-02-27,90.08999633789062,90.44999694824219,89.61000061035156,90.0999984741211,22724300,0.0,0.0,90.0999984741211
2023-02-28,89.54000091552734,91.44999694824219,89.5199966430664,90.30000305175781,30546900,0.0,0.0,90.30000305175781
2023-03-01,90.16000366210938,91.19999694824219,89.8499984741211,90.51000213623047,26323900,0.0,0.0,90.51000213623047
2023-03-02,89.86000061035156,92.4800033569336,89.7699966430664,92.30999755859375,23328600,0.0,0.0,92.30999755859375
2023-03-03,92.73999786376953,94.11000061035156,92.66000366210938,94.0199966430664,30242500,0.0,0.0,94.0199966430664
2023-03-06,94.36000061035156,96.30000305175781,94.30000305175781,95.58000183105469,28288200,0.0,0.0,95.58000183105469
2023-03-07,95.41999816894531,96.08999633789062,93.84400177001953,94.16999816894531,24101500,0.0,0.0,94.16999816894531
2023-03-08,94.40499877929688,96.23999786376953,94.40499877929688,94.6500015258789,25395200,0.0,0.0,94.6500015258789
2023-03-09,94.48999786376953,95.91999816894531,92.3550033569336,92.66000366210938,24438900,0.0,0.0,92.66000366210938
2023-03-10,92.5,93.18000030517578,90.80000305175781,91.01000213623047,32850100,0.0,0.0,91.01000213623047
2023-03-13,90.56500244140625,93.08000183105469,89.94000244140625,91.66000366210938,31508600,0.0,0.0,91.66000366210938
2023-03-14,93.06999969482422,94.83000183105469,92.77999877929688,94.25,32303900,0.0,0.0,94.25
2023-03-15,93.54000091552734,97.25,93.04000091552734,96.55000305175781,38367300,0.0,0.0,96.55000305175781
2023-03-16,96.56999969482422,101.97000122070312,95.87000274658203,101.06999969482422,54499500,0.0,0.0,101.06999969482422
2023-03-17,100.83999633789062,103.48999786376953,100.75,102.45999908447266,76140300,0.0,0.0,102.45999908447266
2023-03-20,101.05999755859375,102.58000183105469,100.79000091552734,101.93000030517578,26033900,0.0,0.0,101.93000030517578
2023-03-21,101.9800033569336,105.95999908447266,101.86000061035156,105.83999633789062,33122800,0.0,0.0,105.83999633789062
2023-03-22,105.13999938964844,107.51000213623047,104.20999908447266,104.22000122070312,32336900,0.0,0.0,104.22000122070312
2023-03-23,105.88999938964844,107.10099792480469,105.41000366210938,106.26000213623047,31385800,0.0,0.0,106.26000213623047
2023-03-24,105.73999786376953,106.16000366210938,104.73999786376953,106.05999755859375,25236200,0.0,0.0,106.05999755859375
2023-03-27,105.31999969482422,105.4000015258789,102.62999725341797,103.05999755859375,25393400,0.0,0.0,103.05999755859375
2023-03-28,103.0,103.0,100.27999877929688,101.36000061035156,24913500,0.0,0.0,101.36000061035156
2023-03-29,102.72000122070312,102.81999969482422,101.02999877929688,101.9000015258789,26148300,0.0,0.0,101.9000015258789
2023-03-30,101.44000244140625,101.61000061035156,100.29000091552734,101.31999969482422,25009800,0.0,0.0,101.31999969482422
2023-03-31,101.70999908447266,104.19000244140625,101.44000244140625,104.0,28108000,0.0,0.0,104.0
2023-04-03,102.66999816894531,104.94999694824219,102.37999725341797,104.91000366210938,20719900,0.0,0.0,104.91000366210938
2023-04-04,104.83999633789062,106.0999984741211,104.5999984741211,105.12000274658203,20377200,0.0,0.0,105.12000274658203
2023-04-05,106.12000274658203,106.54000091552734,104.10199737548828,104.94999694824219,21864200,0.0,0.0,104.94999694824219
2023-04-06,105.7699966430664,109.62999725341797,104.81500244140625,108.9000015258789,34684200,0.0,0.0,108.9000015258789
2023-04-10,107.38999938964844,107.97000122070312,105.5999984741211,106.94999694824219,19741500,0.0,0.0,106.94999694824219
2023-04-11,106.91999816894531,107.22000122070312,105.27999877929688,106.12000274658203,18721300,0.0,0.0,106.12000274658203
2023-04-12,107.38999938964844,107.58699798583984,104.97000122070312,105.22000122070312,22761600,0.0,0.0,105.22000122070312
2023-04-13,106.47000122070312,108.26499938964844,106.44000244140625,108.19000244140625,21650700,0.0,0.0,108.19000244140625
2023-04-14,107.69000244140625,109.58000183105469,107.58999633789062,109.45999908447266,20758700,0.0,0.0,109.45999908447266
2023-04-17,105.43000030517578,106.70999908447266,105.31999969482422,106.41999816894531,29043400,0.0,0.0,106.41999816894531
2023-04-18,107.0,107.05000305175781,104.77999877929688,105.12000274658203,17641400,0.0,0.0,105.12000274658203
2023-04-19,104.21499633789062,105.7249984741211,103.80000305175781,105.0199966430664,16732000,0.0,0.0,105.0199966430664
2023-04-20,104.6500015258789,106.88800048828125,104.63999938964844,105.9000015258789,22515300,0.0,0.0,105.9000015258789
2023-04-21,106.08999633789062,106.63999938964844,105.48500061035156,105.91000366210938,22379000,0.0,0.0,105.91000366210938
2023-04-24,106.05000305175781,107.31999969482422,105.36000061035156,106.77999877929688,21410900,0.0,0.0,106.77999877929688
2023-04-25,106.61000061035156,107.44000244140625,104.55999755859375,104.61000061035156,31408100,0.0,0.0,104.61000061035156
2023-04-26,105.55999755859375,107.0199966430664,103.2699966430664,104.44999694824219,37068200,0.0,0.0,104.44999694824219
2023-04-27,105.2300033569336,109.1500015258789,104.41999816894531,108.37000274658203,38235200,0.0,0.0,108.37000274658203
2023-04-28,107.80000305175781,108.29000091552734,106.04000091552734,108.22000122070312,23957900,0.0,0.0,108.22000122070312
2023-05-01,107.72000122070312,108.68000030517578,107.5,107.70999908447266,20926300,0.0,0.0,107.70999908447266
2023-05-02,107.66000366210938,107.7300033569336,104.5,105.9800033569336,20343100,0.0,0.0,105.9800033569336
2023-05-03,106.22000122070312,108.12999725341797,105.62000274658203,106.12000274658203,17116300,0.0,0.0,106.12000274658203
2023-05-04,106.16000366210938,106.30000305175781,104.69999694824219,105.20999908447266,19780600,0.0,0.0,105.20999908447266
2023-05-05,105.31999969482422,106.44000244140625,104.73899841308594,106.21499633789062,20710600,0.0,0.0,106.21499633789062
2023-05-08,105.79499816894531,108.41999816894531,105.79000091552734,108.23999786376953,17266000,0.0,0.0,108.23999786376953
2023-05-09,108.77999877929688,110.59500122070312,107.7249984741211,107.94000244140625,24782400,0.0,0.0,107.94000244140625
2023-05-10,108.55000305175781,113.51000213623047,108.4800033569336,112.27999877929688,47533500,0.0,0.0,112.27999877929688
2023-05-11,115.86000061035156,118.44000244140625,114.93000030517578,116.9000015258789,57115100,0.0,0.0,116.9000015258789
2023-05-12,117.0,118.26000213623047,116.55000305175781,117.91999816894531,31293800,0.0,0.0,117.91999816894531
2023-05-15,116.48999786376953,118.79499816894531,116.4800033569336,116.95999908447266,22107900,0.0,0.0,116.95999908447266
2023-05-16,116.83000183105469,121.19999694824219,116.83000183105469,120.08999633789062,32370100,0.0,0.0,120.08999633789062
2023-05-17,120.18000030517578,122.27999877929688,119.45999908447266,121.4800033569336,26659600,0.0,0.0,121.4800033569336
2023-05-18,121.55999755859375,123.9000015258789,121.48999786376953,123.5199966430664,27014500,0.0,0.0,123.5199966430664
2023-05-19,124.19999694824219,126.47899627685547,122.72000122070312,123.25,30268900,0.0,0.0,123.25
2023-05-22,123.51000213623047,127.05000305175781,123.44999694824219,125.87000274658203,29760200,0.0,0.0,125.87000274658203
2023-05-23,124.93000030517578,125.41999816894531,123.05000305175781,123.29000091552734,24477900,0.0,0.0,123.29000091552734
2023-05-24,121.87999725341797,122.75,120.75,121.63999938964844,23087900,0.0,0.0,121.63999938964844
2023-05-25,125.20999908447266,125.9800033569336,122.9000015258789,124.3499984741211,33812700,0.0,0.0,124.3499984741211
2023-05-26,124.06500244140625,126.0,123.29000091552734,125.43000030517578,25154700,0.0,0.0,125.43000030517578
2023-05-30,126.29000091552734,126.37999725341797,122.88999938964844,124.63999938964844,27230700,0.0,0.0,124.63999938964844
2023-05-31,123.69999694824219,124.9000015258789,123.0999984741211,123.37000274658203,41548800,0.0,0.0,123.37000274658203
2023-06-01,123.5,125.04000091552734,123.30000305175781,124.37000274658203,25017700,0.0,0.0,124.37000274658203
2023-06-02,124.48999786376953,126.74500274658203,124.3499984741211,125.2300033569336,19367500,0.0,0.0,125.2300033569336
2023-06-05,124.61000061035156,127.98999786376953,124.37999725341797,126.62999725341797,22672500,0.0,0.0,126.62999725341797
2023-06-06,126.5999984741211,128.8800048828125,125.97000122070312,127.91000366210938,19450100,0.0,0.0,127.91000366210938
2023-06-07,127.57499694824219,129.5500030517578,122.62999725341797,122.94000244140625,34179300,0.0,0.0,122.94000244140625
2023-06-08,122.58499908447266,123.7300033569336,122.01000213623047,122.66999816894531,24815000,0.0,0.0,122.66999816894531
2023-06-09,122.55999755859375,124.28500366210938,122.41999816894531,122.87000274658203,20304500,0.0,0.0,122.87000274658203
2023-06-12,123.3949966430664,124.75,122.3499984741211,124.3499984741211,22255700,0.0,0.0,124.3499984741211
2023-06-13,125.6500015258789,125.86000061035156,123.84500122070312,124.43000030517578,19287700,0.0,0.0,124.43000030517578
2023-06-14,123.80000305175781,124.79000091552734,122.16000366210938,124.37999725341797,24659600,0.0,0.0,124.37999725341797
2023-06-15,123.87999725341797,126.16000366210938,123.13999938964844,125.79000091552734,24517100,0.0,0.0,125.79000091552734
2023-06-16,126.69999694824219,126.69999694824219,123.79000091552734,124.05999755859375,56699200,0.0,0.0,124.05999755859375
2023-06-20,123.53500366210938,125.17500305175781,122.83000183105469,123.8499984741211,22698000,0.0,0.0,123.8499984741211
2023-06-21,123.23500061035156,123.41000366210938,120.86000061035156,121.26000213623047,22612000,0.0,0.0,121.26000213623047
2023-06-22,120.66000366210938,123.93499755859375,119.5999984741211,123.87000274658203,20781900,0.0,0.0,123.87000274658203
2023-06-23,122.04000091552734,123.44000244140625,121.86000061035156,123.0199966430664,29573100,0.0,0.0,123.0199966430664
2023-06-26,121.46600341796875,122.72000122070312,118.98999786376953,119.08999633789062,23185000,0.0,0.0,119.08999633789062
2023-06-27,117.83999633789062,119.8949966430664,116.91000366210938,119.01000213623047,27221700,0.0,0.0,119.01000213623047
2023-06-28,117.95999908447266,121.2699966430664,117.5999984741211,121.08000183105469,19753100,0.0,0.0,121.08000183105469
2023-06-29,120.08999633789062,120.91000366210938,119.20999908447266,120.01000213623047,18517500,0.0,0.0,120.01000213623047
2023-06-30,121.0999984741211,122.02999877929688,120.87999725341797,120.97000122070312,23871800,0.0,0.0,120.97000122070312
2023-07-03,120.31999969482422,121.0199966430664,119.70500183105469,120.55999755859375,13888300,0.0,0.0,120.55999755859375
2023-07-05,120.05999755859375,123.37000274658203,120.05999755859375,122.62999725341797,17830300,0.0,0.0,122.62999725341797
2023-07-06,120.63999938964844,121.1500015258789,119.25,120.93000030517578,17732500,0.0,0.0,120.93000030517578
2023-07-07,120.88999938964844,121.75,120.08999633789062,120.13999938964844,20997700,0.0,0.0,120.13999938964844
2023-07-10,119.06999969482422,119.06999969482422,116.63999938964844,116.87000274658203,32960100,0.0,0.0,116.87000274658203
2023-07-11,116.76000213623047,118.2249984741211,115.83000183105469,117.70999908447266,18286600,0.0,0.0,117.70999908447266
2023-07-12,119.30000305175781,120.95999908447266,119.0,119.62000274658203,22059600,0.0,0.0,119.62000274658203
2023-07-13,121.54000091552734,125.33499908447266,121.05999755859375,124.83000183105469,31535900,0.0,0.0,124.83000183105469
2023-07-14,125.12999725341797,127.08999633789062,124.9000015258789,125.69999694824219,20499800,0.0,0.0,125.69999694824219
2023-07-17,126.05999755859375,127.27999877929688,124.5,125.05999755859375,20675300,0.0,0.0,125.05999755859375
2023-07-18,124.90499877929688,124.98999786376953,123.30000305175781,124.08000183105469,21045800,0.0,0.0,124.08000183105469
2023-07-19,124.79000091552734,125.47000122070312,122.47000122070312,122.77999877929688,22313800,0.0,0.0,122.77999877929688
2023-07-20,122.12000274658203,124.69999694824219,118.68499755859375,119.52999877929688,27541700,0.0,0.0,119.52999877929688
2023-07-21,120.87000274658203,121.30000305175781,119.06999969482422,120.30999755859375,56514600,0.0,0.0,120.30999755859375
2023-07-24,121.9260025024414,123.3499984741211,121.37999725341797,121.87999725341797,22276100,0.0,0.0,121.87999725341797
2023-07-25,121.87999725341797,123.69000244140625,121.52999877929688,122.79000091552734,31820800,0.0,0.0,122.79000091552734
2023-07-26,130.36000061035156,131.3699951171875,128.7100067138672,129.66000366210938,46216900,0.0,0.0,129.66000366210938
2023-07-27,131.8000030517578,133.60000610351562,129.17999267578125,129.8699951171875,35931600,0.0,0.0,129.8699951171875
2023-07-28,130.97000122070312,134.07000732421875,130.9199981689453,133.00999450683594,26971000,0.0,0.0,133.00999450683594
2023-07-31,133.00999450683594,133.8300018310547,132.1300048828125,133.11000061035156,18381900,0.0,0.0,133.11000061035156
2023-08-01,130.85499572753906,132.9199981689453,130.75,131.88999938964844,22154300,0.0,0.0,131.88999938964844
2023-08-02,129.83999633789062,130.4199981689453,127.8499984741211,128.63999938964844,22705800,0.0,0.0,128.63999938964844
2023-08-03,128.3699951171875,129.77000427246094,127.7750015258789,128.77000427246094,15018100,0.0,0.0,128.77000427246094
2023-08-04,129.60000610351562,131.92999267578125,128.31500244140625,128.5399932861328,20521900,0.0,0.0,128.5399932861328
2023-08-07,129.50999450683594,132.05999755859375,129.42999267578125,131.94000244140625,17621000,0.0,0.0,131.94000244140625
2023-08-08,130.97999572753906,131.94000244140625,130.1300048828125,131.83999633789062,16836000,0.0,0.0,131.83999633789062
2023-08-09,132.19000244140625,132.47000122070312,129.5050048828125,130.14999389648438,17745200,0.0,0.0,130.14999389648438
2023-08-10,131.97000122070312,132.64700317382812,130.03500366210938,130.2100067138672,17855700,0.0,0.0,130.2100067138672
2023-08-11,129.20199584960938,130.44000244140625,128.75,130.1699981689453,15205500,0.0,0.0,130.1699981689453
2023-08-14,129.85000610351562,131.91000366210938,129.58999633789062,131.8300018310547,17526200,0.0,0.0,131.8300018310547
2023-08-15,131.58999633789062,131.99000549316406,129.81900024414062,130.27000427246094,14769200,0.0,0.0,130.27000427246094
2023-08-16,129.27999877929688,130.8979949951172,128.4600067138672,129.11000061035156,17548400,0.0,0.0,129.11000061035156
2023-08-17,130.4499969482422,132.49099731445312,129.85000610351562,130.4600067138672,23665600,0.0,0.0,130.4600067138672
2023-08-18,129.05999755859375,129.8300018310547,127.0,128.11000061035156,23627200,0.0,0.0,128.11000061035156
2023-08-21,127.8499984741211,129.25999450683594,127.16000366210938,128.92999267578125,21851100,0.0,0.0,128.92999267578125
2023-08-22,129.1300048828125,130.9499969482422,128.9250030517578,129.69000244140625,15557900,0.0,0.0,129.69000244140625
2023-08-23,130.85000610351562,134.07000732421875,130.50999450683594,133.2100067138672,26497000,0.0,0.0,133.2100067138672
2023-08-24,134.7270050048828,134.97000122070312,130.3000030517578,130.4199981689453,18680400,0.0,0.0,130.4199981689453
2023-08-25,130.13999938964844,131.39999389648438,128.0399932861328,130.69000244140625,20678100,0.0,0.0,130.69000244140625
2023-08-28,132.0800018310547,133.24000549316406,130.85000610351562,131.7899932861328,16715500,0.0,0.0,131.7899932861328
2023-08-29,132.9980010986328,137.2949981689453,132.97999572753906,135.49000549316406,30803300,0.0,0.0,135.49000549316406
2023-08-30,135.57000732421875,137.25,135.02099609375,136.92999267578125,21773400,0.0,0.0,136.92999267578125
2023-08-31,137.0500030517578,138.39999389648438,136.82000732421875,137.35000610351562,28147900,0.0,0.0,137.35000610351562
2023-09-01,138.42999267578125,138.5800018310547,135.94000244140625,136.8000030517578,16671600,0.0,0.0,136.8000030517578
2023-09-05,136.44000244140625,137.3699951171875,135.55999755859375,136.7100067138672,17730200,0.0,0.0,136.7100067138672
2023-09-06,137.01499938964844,137.47999572753906,134.69000244140625,135.3699951171875,15814300,0.0,0.0,135.3699951171875
2023-09-07,134.60000610351562,136.5800018310547,133.9600067138672,136.1999969482422,16976000,0.0,0.0,136.1999969482422
2023-09-08,135.8699951171875,137.51499938964844,135.8699951171875,137.1999969482422,17810700,0.0,0.0,137.1999969482422
2023-09-11,137.3800048828125,138.26400756835938,136.5500030517578,137.74000549316406,17180800,0.0,0.0,137.74000549316406
2023-09-12,137.1300048828125,137.63999938964844,135.92999267578125,136.07000732421875,15212900,0.0,0.0,136.07000732421875
2023-09-13,135.89999389648438,137.6999969482422,134.92999267578125,137.5,16394900,0.0,0.0,137.5
2023-09-14,138.38999938964844,139.5500030517578,137.05999755859375,138.99000549316406,19064600,0.0,0.0,138.99000549316406
2023-09-15,138.8000030517578,139.36000061035156,137.17999267578125,138.3000030517578,48958800,0.0,0.0,138.3000030517578
2023-09-18,137.6300048828125,139.92999267578125,137.6300048828125,138.9600067138672,16233600,0.0,0.0,138.9600067138672
2023-09-19,138.25,139.1750030517578,137.5,138.8300018310547,15479100,0.0,0.0,138.8300018310547
2023-09-20,138.8300018310547,138.83999633789062,134.52000427246094,134.58999633789062,21473500,0.0,0.0,134.58999633789062
2023-09-21,132.38999938964844,133.19000244140625,131.08999633789062,131.36000061035156,22058400,0.0,0.0,131.36000061035156
2023-09-22,131.67999267578125,133.00999450683594,130.50999450683594,131.25,17348700,0.0,0.0,131.25
2023-09-25,130.77000427246094,132.22000122070312,130.02999877929688,132.1699981689453,14650000,0.0,0.0,132.1699981689453
2023-09-26,130.91400146484375,131.40499877929688,128.19000244140625,129.4499969482422,20378800,0.0,0.0,129.4499969482422
2023-09-27,129.44000244140625,131.72000122070312,129.3800048828125,131.4600067138672,18764200,0.0,0.0,131.4600067138672
2023-09-28,130.69000244140625,134.17999267578125,130.69000244140625,133.1300048828125,18201400,0.0,0.0,133.1300048828125
2023-09-29,134.0800018310547,134.88999938964844,131.32000732421875,131.85000610351562,23237300,0.0,0.0,131.85000610351562
2023-10-02,132.15499877929688,135.36000061035156,132.06500244140625,135.1699981689453,19210400,0.0,0.0,135.1699981689453
2023-10-03,134.92999267578125,135.24000549316406,132.81500244140625,133.3000030517578,19628700,0.0,0.0,133.3000030517578
2023-10-04,133.66000366210938,136.57000732421875,133.42999267578125,136.27000427246094,22848000,0.0,0.0,136.27000427246094
2023-10-05,136.1300048828125,136.5,134.4550018310547,135.99000549316406,15922900,0.0,0.0,135.99000549316406
2023-10-06,134.94000244140625,139.18600463867188,134.94000244140625,138.72999572753906,20826700,0.0,0.0,138.72999572753906
2023-10-09,137.99000549316406,139.97000122070312,136.6999969482422,139.5,16599100,0.0,0.0,139.5
2023-10-10,139.50999450683594,140.74000549316406,138.42999267578125,139.1999969482422,19554900,0.0,0.0,139.1999969482422
2023-10-11,139.85000610351562,142.22000122070312,139.83999633789062,141.6999969482422,20146300,0.0,0.0,141.6999969482422
2023-10-12,142.16000366210938,142.3800048828125,139.4499969482422,140.2899932861328,18173100,0.0,0.0,140.2899932861328
2023-10-13,140.64999389648438,141.33999633789062,137.97000122070312,138.5800018310547,19438700,0.0,0.0,138.5800018310547
2023-10-16,139.72999572753906,140.90499877929688,139.32000732421875,140.49000549316406,17345600,0.0,0.0,140.49000549316406
2023-10-17,140.02999877929688,141.25,138.5290069580078,140.99000549316406,17424000,0.0,0.0,140.99000549316406
2023-10-18,140.75,141.99000549316406,138.7050018310547,139.27999877929688,18304900,0.0,0.0,139.27999877929688
2023-10-19,139.8000030517578,141.0050048828125,138.60000610351562,138.97999572753906,21831200,0.0,0.0,138.97999572753906
2023-10-20,138.58999633789062,139.0399932861328,136.2449951171875,136.74000549316406,24970300,0.0,0.0,136.74000549316406
2023-10-23,136.22999572753906,139.02000427246094,135.11000061035156,137.89999389648438,20780700,0.0,0.0,137.89999389648438
2023-10-24,139.16000366210938,140.7100067138672,138.75,140.1199951171875,26535200,0.0,0.0,140.1199951171875
2023-10-25,129.77000427246094,130.10000610351562,126.08999633789062,126.66999816894531,58796100,0.0,0.0,126.66999816894531
2023-10-26,124.47000122070312,125.45999908447266,122.31999969482422,123.44000244140625,33907400,0.0,0.0,123.44000244140625
2023-10-27,124.02999877929688,124.44000244140625,121.45999908447266,123.4000015258789,37367700,0.0,0.0,123.4000015258789
2023-10-30,124.45999908447266,126.55000305175781,123.87999725341797,125.75,24165600,0.0,0.0,125.75
2023-10-31,126.2699966430664,126.55999755859375,123.92500305175781,125.30000305175781,21123400,0.0,0.0,125.30000305175781
2023-11-01,125.33999633789062,127.73999786376953,124.92500305175781,127.56999969482422,26536600,0.0,0.0,127.56999969482422
2023-11-02,129.55999755859375,130.08999633789062,128.11000061035156,128.5800018310547,24091700,0.0,0.0,128.5800018310547
2023-11-03,129.08999633789062,130.72999572753906,129.00999450683594,130.3699951171875,19529400,0.0,0.0,130.3699951171875
2023-11-06,130.22000122070312,131.55999755859375,129.92999267578125,131.4499969482422,15360400,0.0,0.0,131.4499969482422
2023-11-07,131.97999572753906,133.27999877929688,131.13999938964844,132.39999389648438,19223800,0.0,0.0,132.39999389648438
2023-11-08,132.36000061035156,133.5399932861328,132.16000366210938,133.25999450683594,15093600,0.0,0.0,133.25999450683594
2023-11-09,133.36000061035156,133.9600067138672,131.50999450683594,131.69000244140625,17976500,0.0,0.0,131.69000244140625
2023-11-10,131.52999877929688,134.27000427246094,130.8699951171875,134.05999755859375,20872900,0.0,0.0,134.05999755859375
2023-11-13,133.36000061035156,134.11000061035156,132.77000427246094,133.63999938964844,16409900,0.0,0.0,133.63999938964844
2023-11-14,135.64999389648438,137.24000549316406,135.10000610351562,135.42999267578125,22317300,0.0,0.0,135.42999267578125
2023-11-15,136.63999938964844,136.83999633789062,135.3300018310547,136.3800048828125,15840900,0.0,0.0,136.3800048828125
2023-11-16,136.9600067138672,138.8800048828125,136.0800018310547,138.6999969482422,17615100,0.0,0.0,138.6999969482422
2023-11-17,137.82000732421875,138.0,135.47999572753906,136.94000244140625,25565300,0.0,0.0,136.94000244140625
2023-11-20,135.5,138.4250030517578,135.49000549316406,137.9199981689453,19569400,0.0,0.0,137.9199981689453
2023-11-21,137.94000244140625,138.96499633789062,137.7050018310547,138.6199951171875,17648100,0.0,0.0,138.6199951171875
2023-11-22,139.10000610351562,141.10000610351562,139.0,140.02000427246094,17306400,0.0,0.0,140.02000427246094
2023-11-24,139.5399932861328,139.677001953125,137.47000122070312,138.22000122070312,8828600,0.0,0.0,138.22000122070312
2023-11-27,137.57000732421875,139.6300048828125,137.5399932861328,138.0500030517578,17886400,0.0,0.0,138.0500030517578
2023-11-28,137.6300048828125,138.66000366210938,137.0399932861328,138.6199951171875,17046900,0.0,0.0,138.6199951171875
2023-11-29,138.98500061035156,139.6699981689453,136.2949981689453,136.39999389648438,21014700,0.0,0.0,136.39999389648438
2023-11-30,136.39999389648438,136.9600067138672,132.7899932861328,133.9199981689453,29913500,0.0,0.0,133.9199981689453
2023-12-01,133.32000732421875,133.5,132.15199279785156,133.32000732421875,24268000,0.0,0.0,133.32000732421875
2023-12-04,131.29400634765625,131.4499969482422,129.39999389648438,130.6300048828125,24117100,0.0,0.0,130.6300048828125
2023-12-05,130.3699951171875,133.5399932861328,129.72999572753906,132.38999938964844,19235100,0.0,0.0,132.38999938964844
2023-12-06,132.89999389648438,133.30999755859375,131.30999755859375,131.42999267578125,16360600,0.0,0.0,131.42999267578125
2023-12-07,136.60000610351562,140.0,136.22999572753906,138.4499969482422,38419400,0.0,0.0,138.4499969482422
2023-12-08,135.66000366210938,137.99000549316406,135.57000732421875,136.63999938964844,23016100,0.0,0.0,136.63999938964844
2023-12-11,133.82000732421875,134.7899932861328,132.88999938964844,134.6999969482422,24502900,0.0,0.0,134.6999969482422
2023-12-12,133.27000427246094,134.5399932861328,132.8300018310547,133.63999938964844,26584000,0.0,0.0,133.63999938964844
2023-12-13,134.5449981689453,134.77999877929688,132.9499969482422,133.97000122070312,25414500,0.0,0.0,133.97000122070312
2023-12-14,134.77000427246094,135.03500366210938,131.05999755859375,133.1999969482422,29619100,0.0,0.0,133.1999969482422
2023-12-15,132.9199981689453,134.8300018310547,132.6300048828125,133.83999633789062,58594000,0.0,0.0,133.83999633789062
2023-12-18,133.86000061035156,138.3800048828125,133.77000427246094,137.19000244140625,25699800,0.0,0.0,137.19000244140625
2023-12-19,138.0,138.77000427246094,137.4499969482422,138.10000610351562,20661000,0.0,0.0,138.10000610351562
2023-12-20,140.3300018310547,143.0780029296875,139.41000366210938,139.66000366210938,33507300,0.0,0.0,139.66000366210938
2023-12-21,140.77000427246094,142.02999877929688,140.47300720214844,141.8000030517578,18101500,0.0,0.0,141.8000030517578
2023-12-22,142.1300048828125,143.25,142.05499267578125,142.72000122070312,18513500,0.0,0.0,142.72000122070312
2023-12-26,142.97999572753906,143.94500732421875,142.5,142.82000732421875,11170100,0.0,0.0,142.82000732421875
2023-12-27,142.8300018310547,143.32000732421875,141.05099487304688,141.44000244140625,17288400,0.0,0.0,141.44000244140625
2023-12-28,141.85000610351562,142.27000427246094,140.8280029296875,141.27999877929688,12192500,0.0,0.0,141.27999877929688
2023-12-29,140.67999267578125,141.43499755859375,139.89999389648438,140.92999267578125,14881000,0.0,0.0,140.92999267578125
2024-01-02,139.60000610351562,140.61500549316406,137.74000549316406,139.55999755859375,20071900,0.0,0.0,139.55999755859375
2024-01-03,138.60000610351562,141.08999633789062,138.42999267578125,140.36000061035156,18974300,0.0,0.0,140.36000061035156
2024-01-04,139.85000610351562,140.63499450683594,138.00999450683594,138.0399932861328,18253300,0.0,0.0,138.0399932861328
2024-01-05,138.3520050048828,138.80999755859375,136.85000610351562,137.38999938964844,15439500,0.0,0.0,137.38999938964844
2024-01-08,138.0,140.63999938964844,137.8800048828125,140.52999877929688,17645300,0.0,0.0,140.52999877929688
2024-01-09,140.05999755859375,142.8000030517578,139.7899932861328,142.55999755859375,19579700,0.0,0.0,142.55999755859375
2024-01-10,142.52000427246094,144.52499389648438,142.4600067138672,143.8000030517578,16641900,0.0,0.0,143.8000030517578
2024-01-11,144.89500427246094,146.66000366210938,142.21499633789062,143.6699981689453,17471100,0.0,0.0,143.6699981689453
2024-01-12,144.33999633789062,144.74000549316406,143.36000061035156,144.24000549316406,13998700,0.0,0.0,144.24000549316406
2024-01-16,143.42999267578125,145.83999633789062,143.05599975585938,144.0800018310547,19198900,0.0,0.0,144.0800018310547
2024-01-17,142.91000366210938,143.41000366210938,140.50999450683594,142.88999938964844,17884500,0.0,0.0,142.88999938964844
2024-01-18,143.44000244140625,145.5850067138672,143.35000610351562,144.99000549316406,18876800,0.0,0.0,144.99000549316406
2024-01-19,146.30499267578125,148.0399932861328,145.8000030517578,147.97000122070312,27181000,0.0,0.0,147.97000122070312
2024-01-22,148.7100067138672,150.01499938964844,147.5800018310547,147.7100067138672,21829200,0.0,0.0,147.7100067138672
2024-01-23,147.72000122070312,148.86000061035156,147.19000244140625,148.67999267578125,14113600,0.0,0.0,148.67999267578125
2024-01-24,150.2899932861328,151.57000732421875,149.83999633789062,150.35000610351562,19245000,0.0,0.0,150.35000610351562
2024-01-25,151.74000549316406,154.75999450683594,151.22000122070312,153.63999938964844,21495100,0.0,0.0,153.63999938964844
2024-01-26,152.8699951171875,154.11000061035156,152.8000030517578,153.7899932861328,19494500,0.0,0.0,153.7899932861328
2024-01-29,153.63999938964844,155.1999969482422,152.9199981689453,154.83999633789062,20909300,0.0,0.0,154.83999633789062
2024-01-30,154.00999450683594,155.0399932861328,152.77499389648438,153.0500030517578,26578900,0.0,0.0,153.0500030517578
2024-01-31,145.38999938964844,145.58999633789062,141.5500030517578,141.8000030517578,43908600,0.0,0.0,141.8000030517578
2024-02-01,143.69000244140625,144.6199951171875,142.25999450683594,142.7100067138672,25526900,0.0,0.0,142.7100067138672
2024-02-02,140.88999938964844,143.8800048828125,138.1699981689453,143.5399932861328,42136100,0.0,0.0,143.5399932861328
2024-02-05,144.0399932861328,146.6699981689453,143.91000366210938,144.92999267578125,29254400,0.0,0.0,144.92999267578125
2024-02-06,145.9600067138672,146.74000549316406,144.52000427246094,145.41000366210938,21517700,0.0,0.0,145.41000366210938
2024-02-07,146.1199951171875,147.0,145.2100067138672,146.67999267578125,21436100,0.0,0.0,146.67999267578125
2024-02-08,146.97000122070312,147.61000061035156,146.4199981689453,147.22000122070312,18241300,0.0,0.0,147.22000122070312
2024-02-09,147.9499969482422,150.69500732421875,147.42999267578125,150.22000122070312,21877700,0.0,0.0,150.22000122070312
2024-02-12,149.5399932861328,150.58999633789062,148.55999755859375,148.72999572753906,17236100,0.0,0.0,148.72999572753906
2024-02-13,146.07000732421875,148.0399932861328,145.11000061035156,146.3699951171875,18138500,0.0,0.0,146.3699951171875
2024-02-14,147.3699951171875,147.8300018310547,145.55499267578125,147.13999938964844,16651800,0.0,0.0,147.13999938964844
2024-02-15,144.4600067138672,144.75999450683594,141.8800048828125,143.94000244140625,26724300,0.0,0.0,143.94000244140625
2024-02-16,144.2100067138672,144.47999572753906,141.52000427246094,141.75999450683594,21865100,0.0,0.0,141.75999450683594
2024-02-20,140.94000244140625,143.32899475097656,140.8000030517578,142.1999969482422,18625600,0.0,0.0,142.1999969482422
2024-02-21,142.63999938964844,143.97999572753906,141.91000366210938,143.83999633789062,16440800,0.0,0.0,143.83999633789062
2024-02-22,146.1199951171875,146.1999969482422,144.00999450683594,145.32000732421875,23024700,0.0,0.0,145.32000732421875
2024-02-23,144.97000122070312,145.9550018310547,144.7899932861328,145.2899932861328,14519400,0.0,0.0,145.2899932861328
2024-02-26,143.4499969482422,143.83999633789062,138.74000549316406,138.75,33513000,0.0,0.0,138.75
2024-02-27,139.41000366210938,140.49000549316406,138.5,140.10000610351562,22364000,0.0,0.0,140.10000610351562
2024-02-28,139.10000610351562,139.27999877929688,136.63999938964844,137.42999267578125,30628700,0.0,0.0,137.42999267578125
2024-02-29,138.35000610351562,139.9499969482422,137.57000732421875,139.77999877929688,35485000,0.0,0.0,139.77999877929688
2024-03-01,139.61000061035156,140.0,137.97500610351562,138.0800018310547,28551500,0.0,0.0,138.0800018310547
2024-03-04,136.5399932861328,136.6300048828125,132.86000061035156,134.1999969482422,43571500,0.0,0.0,134.1999969482422
2024-03-05,132.74000549316406,134.02000427246094,131.5500030517578,133.77999877929688,28447600,0.0,0.0,133.77999877929688
2024-03-06,134.24000549316406,134.74000549316406,131.9499969482422,132.55999755859375,23175200,0.0,0.0,132.55999755859375
2024-03-07,133.88999938964844,135.82000732421875,132.66000366210938,135.24000549316406,24107300,0.0,0.0,135.24000549316406
2024-03-08,135.03500366210938,138.98500061035156,134.8000030517578,136.2899932861328,26495200,0.0,0.0,136.2899932861328
2024-03-11,137.07000732421875,139.97999572753906,137.07000732421875,138.94000244140625,22536400,0.0,0.0,138.94000244140625
2024-03-12,138.25,140.27999877929688,138.2100067138672,139.6199951171875,19019700,0.0,0.0,139.6199951171875
2024-03-13,140.05999755859375,142.19000244140625,140.00999450683594,140.77000427246094,19637000,0.0,0.0,140.77000427246094
2024-03-14,142.3000030517578,144.72999572753906,141.48500061035156,144.33999633789062,36117900,0.0,0.0,144.33999633789062
2024-03-15,143.41000366210938,144.33999633789062,141.1300048828125,142.1699981689453,41039500,0.0,0.0,142.1699981689453
2024-03-18,149.3699951171875,152.92999267578125,148.13999938964844,148.47999572753906,47676700,0.0,0.0,148.47999572753906
2024-03-19,148.97999572753906,149.6199951171875,147.00999450683594,147.9199981689453,17748400,0.0,0.0,147.9199981689453
2024-03-20,148.7899932861328,149.75999450683594,147.6649932861328,149.67999267578125,17730000,0.0,0.0,149.67999267578125
2024-03-21,150.32000732421875,151.30499267578125,148.00999450683594,148.74000549316406,19843900,0.0,0.0,148.74000549316406
2024-03-22,150.24000549316406,152.55999755859375,150.08999633789062,151.77000427246094,19252900,0.0,0.0,151.77000427246094
2024-03-25,150.9499969482422,151.45599365234375,148.8000030517578,151.14999389648438,15114700,0.0,0.0,151.14999389648438
2024-03-26,151.24000549316406,153.1999969482422,151.02999877929688,151.6999969482422,19312700,0.0,0.0,151.6999969482422
2024-03-27,152.14500427246094,152.69000244140625,150.1300048828125,151.94000244140625,16622000,0.0,0.0,151.94000244140625
2024-03-28,152.0,152.6699981689453,151.3300018310547,152.25999450683594,21105600,0.0,0.0,152.25999450683594
2024-04-01,151.8300018310547,157.0,151.64999389648438,156.5,24469800,0.0,0.0,156.5
2024-04-02,154.75,155.99000549316406,153.4600067138672,155.8699951171875,17598100,0.0,0.0,155.8699951171875
2024-04-03,154.9199981689453,156.5500030517578,154.1320037841797,156.3699951171875,17266200,0.0,0.0,156.3699951171875
2024-04-04,155.0800018310547,156.17999267578125,151.8800048828125,151.94000244140625,24184800,0.0,0.0,151.94000244140625
2024-04-05,151.67999267578125,154.83999633789062,151.08099365234375,153.94000244140625,16297300,0.0,0.0,153.94000244140625
2024-04-08,154.01499938964844,156.65499877929688,153.99000549316406,156.13999938964844,16641500,0.0,0.0,156.13999938964844
2024-04-09,157.35000610351562,159.88999938964844,156.63999938964844,158.13999938964844,21521500,0.0,0.0,158.13999938964844
2024-04-10,157.8800048828125,158.16000366210938,156.1999969482422,157.66000366210938,16339200,0.0,0.0,157.66000366210938
2024-04-11,158.33999633789062,161.1199951171875,157.92999267578125,160.7899932861328,17841700,0.0,0.0,160.7899932861328
2024-04-12,159.40499877929688,161.6999969482422,158.60000610351562,159.19000244140625,16989800,0.0,0.0,159.19000244140625
2024-04-15,160.27999877929688,160.8300018310547,156.14999389648438,156.3300018310547,21140900,0.0,0.0,156.3300018310547
2024-04-16,155.63999938964844,157.22999572753906,155.0500030517578,156.0,15413200,0.0,0.0,156.0
2024-04-17,157.19000244140625,158.68099975585938,156.13499450683594,156.8800048828125,16237800,0.0,0.0,156.8800048828125
2024-04-18,156.9250030517578,158.48500061035156,156.2100067138672,157.4600067138672,14016100,0.0,0.0,157.4600067138672
2024-04-19,157.75,157.99000549316406,153.91000366210938,155.72000122070312,21479900,0.0,0.0,155.72000122070312
2024-04-22,156.00999450683594,159.18499755859375,155.66000366210938,157.9499969482422,17243900,0.0,0.0,157.9499969482422
2024-04-23,158.58999633789062,160.47999572753906,157.96499633789062,159.9199981689453,16115400,0.0,0.0,159.9199981689453
2024-04-24,159.08999633789062,161.38999938964844,158.82000732421875,161.10000610351562,19485700,0.0,0.0,161.10000610351562
2024-04-25,153.36000061035156,158.27999877929688,152.76800537109375,157.9499969482422,36197800,0.0,0.0,157.9499969482422
2024-04-26,175.99000549316406,176.4199981689453,171.39999389648438,173.69000244140625,56500800,0.0,0.0,173.69000244140625
2024-04-29,170.77000427246094,171.3800048828125,167.05999755859375,167.89999389648438,35914600,0.0,0.0,167.89999389648438
2024-04-30,167.3800048828125,169.8699951171875,164.5,164.63999938964844,29420800,0.0,0.0,164.63999938964844
2024-05-01,166.17999267578125,168.80999755859375,164.89999389648438,165.57000732421875,25223200,0.0,0.0,165.57000732421875
2024-05-02,166.6699981689453,168.52999877929688,165.69000244140625,168.4600067138672,17041100,0.0,0.0,168.4600067138672
2024-05-03,169.5399932861328,169.85000610351562,164.97999572753906,168.99000549316406,22767100,0.0,0.0,168.99000549316406
2024-05-06,169.22000122070312,169.89999389648438,167.88999938964844,169.8300018310547,15147900,0.0,0.0,169.8300018310547
2024-05-07,170.1199951171875,173.47000122070312,170.0,172.97999572753906,21102400,0.0,0.0,172.97999572753906
2024-05-08,170.75,171.90899658203125,170.52200317382812,171.16000366210938,14569900,0.0,0.0,171.16000366210938
2024-05-09,171.14999389648438,172.44000244140625,169.92999267578125,171.5800018310547,11937700,0.0,0.0,171.5800018310547
2024-05-10,169.69000244140625,171.33999633789062,167.91000366210938,170.2899932861328,18740500,0.0,0.0,170.2899932861328
2024-05-13,165.8470001220703,170.9499969482422,165.75999450683594,170.89999389648438,19648600,0.0,0.0,170.89999389648438
2024-05-14,171.58999633789062,172.77999877929688,170.4199981689453,171.92999267578125,18729500,0.0,0.0,171.92999267578125
2024-05-15,172.3000030517578,174.04600524902344,172.02999877929688,173.8800048828125,20958200,0.0,0.0,173.8800048828125
2024-05-16,174.60000610351562,176.33999633789062,174.0500030517578,175.42999267578125,17247300,0.0,0.0,175.42999267578125
2024-05-17,175.5500030517578,177.4949951171875,174.97999572753906,177.2899932861328,16546400,0.0,0.0,177.2899932861328
2024-05-20,177.30999755859375,179.9499969482422,177.22500610351562,178.4600067138672,17495100,0.0,0.0,178.4600067138672
2024-05-21,178.39999389648438,179.82000732421875,177.30999755859375,179.5399932861328,14706000,0.0,0.0,179.5399932861328
2024-05-22,178.39999389648438,178.8520050048828,176.77999877929688,178.0,16189400,0.0,0.0,178.0
2024-05-23,178.77999877929688,179.91000366210938,174.5399932861328,175.05999755859375,14928400,0.0,0.0,175.05999755859375
2024-05-24,176.52000427246094,177.3040008544922,175.1999969482422,176.3300018310547,11403600,0.0,0.0,176.3300018310547
2024-05-28,175.74000549316406,178.50999450683594,175.67999267578125,178.02000427246094,15655300,0.0,0.0,178.02000427246094
2024-05-29,176.80999755859375,178.22999572753906,176.25999450683594,177.39999389648438,15023800,0.0,0.0,177.39999389648438
2024-05-30,176.69000244140625,176.69000244140625,173.22999572753906,173.55999755859375,18826300,0.0,0.0,173.55999755859375
2024-05-31,173.39999389648438,174.4199981689453,170.97000122070312,173.9600067138672,28085200,0.0,0.0,173.9600067138672
2024-06-03,173.8800048828125,175.86000061035156,172.4499969482422,174.4199981689453,20742800,0.0,0.0,174.4199981689453
2024-06-04,174.4499969482422,175.19000244140625,173.22000122070312,175.1300048828125,14066600,0.0,0.0,175.1300048828125
2024-06-05,176.53500366210938,177.97000122070312,175.2899932861328,177.07000732421875,15233900,0.0,0.0,177.07000732421875
2024-06-06,177.42999267578125,178.7100067138672,177.2100067138672,178.35000610351562,14255800,0.0,0.0,178.35000610351562
2024-06-07,178.4600067138672,179.4199981689453,175.7899932861328,175.9499969482422,14716300,0.0,0.0,175.9499969482422
2024-06-10,176.4499969482422,178.47000122070312,174.3800048828125,176.6300048828125,17099800,0.0,0.2,176.6300048828125
2024-06-11,177.72000122070312,178.38999938964844,175.44000244140625,178.19000244140625,14402400,0.0,0.0,178.19000244140625
2024-06-12,179.75,182.0800018310547,177.77999877929688,179.55999755859375,18600400,0.0,0.0,179.55999755859375
2024-06-13,177.83999633789062,178.50999450683594,176.66000366210938,176.74000549316406,15956900,0.0,0.0,176.74000549316406
2024-06-14,175.8520050048828,178.72999572753906,175.8520050048828,178.3699951171875,12361600,0.0,0.0,178.3699951171875
2024-06-17,176.97999572753906,179.9199981689453,176.49000549316406,178.77999877929688,15272900,0.0,0.0,178.77999877929688
2024-06-18,178.7899932861328,178.91000366210938,175.6199951171875,176.4499969482422,15640300,0.0,0.0,176.4499969482422
2024-06-20,176.7100067138672,178.74000549316406,176.4600067138672,177.7100067138672,16753200,0.0,0.0,177.7100067138672
2024-06-21,178.49000549316406,182.51199340820312,178.05999755859375,180.25999450683594,58903200,0.0,0.0,180.25999450683594
2024-06-24,181.27999877929688,182.0800018310547,180.22999572753906,180.7899932861328,18198300,0.0,0.0,180.7899932861328
2024-06-25,181.14500427246094,185.75,181.10499572753906,185.5800018310547,18797000,0.0,0.0,185.5800018310547
2024-06-26,184.1999969482422,185.92999267578125,183.99000549316406,185.3699951171875,13375700,0.0,0.0,185.3699951171875
2024-06-27,185.64500427246094,187.5,185.4499969482422,186.86000061035156,13025700,0.0,0.0,186.86000061035156
2024-06-28,185.72000122070312,186.5800018310547,183.3249969482422,183.4199981689453,23032400,0.0,0.0,183.4199981689453
2024-07-01,184.47999572753906,185.33999633789062,182.72999572753906,184.49000549316406,11815900,0.0,0.0,184.49000549316406
2024-07-02,183.47000122070312,186.9499969482422,183.05999755859375,186.61000061035156,12555500,0.0,0.0,186.61000061035156
2024-07-03,186.3000030517578,187.6199951171875,185.38499450683594,187.38999938964844,7409100,0.0,0.0,187.38999938964844
2024-07-05,187.32000732421875,192.25999450683594,187.32000732421875,191.9600067138672,14303400,0.0,0.0,191.9600067138672
2024-07-08,191.36500549316406,191.6790008544922,189.32000732421875,190.47999572753906,12097600,0.0,0.0,190.47999572753906
2024-07-09,191.75,192.86000061035156,190.22999572753906,190.44000244140625,10198500,0.0,0.0,190.44000244140625
2024-07-10,190.75,193.30999755859375,190.6199951171875,192.66000366210938,12052900,0.0,0.0,192.66000366210938
2024-07-11,191.33999633789062,192.41000366210938,186.82000732421875,187.3000030517578,16452000,0.0,0.0,187.3000030517578
2024-07-12,186.9199981689453,188.69000244140625,186.13999938964844,186.77999877929688,14449100,0.0,0.0,186.77999877929688
2024-07-15,186.49000549316406,189.89999389648438,186.49000549316406,188.19000244140625,12186000,0.0,0.0,188.19000244140625
2024-07-16,188.9600067138672,190.33999633789062,185.1199951171875,185.5,12760100,0.0,0.0,185.5
2024-07-17,184.67999267578125,185.22999572753906,181.6199951171875,182.6199951171875,17376600,0.0,0.0,182.6199951171875
2024-07-18,183.5399932861328,184.0500030517578,178.2100067138672,179.22000122070312,17877200,0.0,0.0,179.22000122070312
2024-07-19,180.3699951171875,181.97000122070312,178.86000061035156,179.38999938964844,14485900,0.0,0.0,179.38999938964844
2024-07-22,182.35000610351562,184.3000030517578,181.89999389648438,183.35000610351562,16303900,0.0,0.0,183.35000610351562
2024-07-23,183.83999633789062,185.22000122070312,183.3300018310547,183.60000610351562,23772600,0.0,0.0,183.60000610351562
2024-07-24,175.38999938964844,177.9499969482422,173.57000732421875,174.3699951171875,31250700,0.0,0.0,174.3699951171875
2024-07-25,174.25,175.1999969482422,169.0500030517578,169.16000366210938,28967900,0.0,0.0,169.16000366210938
2024-07-26,168.77000427246094,169.83999633789062,165.86500549316406,168.67999267578125,25150100,0.0,0.0,168.67999267578125
2024-07-29,170.5,172.16000366210938,169.72000122070312,171.1300048828125,13768900,0.0,0.0,171.1300048828125
2024-07-30,171.8300018310547,172.9499969482422,170.1199951171875,171.86000061035156,13681400,0.0,0.0,171.86000061035156
2024-07-31,174.9199981689453,175.91000366210938,171.72000122070312,173.14999389648438,15650200,0.0,0.0,173.14999389648438
2024-08-01,171.97999572753906,175.67999267578125,170.50999450683594,172.4499969482422,17177800,0.0,0.0,172.4499969482422
2024-08-02,168.19000244140625,170.2100067138672,166.38999938964844,168.39999389648438,18907800,0.0,0.0,168.39999389648438
2024-08-05,157.3699951171875,165.94000244140625,156.60000610351562,160.63999938964844,34907800,0.0,0.0,160.63999938964844
2024-08-06,160.94500732421875,162.35000610351562,158.1300048828125,160.5399932861328,36146500,0.0,0.0,160.5399932861328
2024-08-07,163.24000549316406,164.7899932861328,160.24000549316406,160.75,19334200,0.0,0.0,160.75
2024-08-08,162.343994140625,165.5,162.02999877929688,163.83999633789062,15733600,0.0,0.0,163.83999633789062
2024-08-09,161.64500427246094,165.52000427246094,160.92999267578125,165.38999938964844,13549200,0.0,0.0,165.38999938964844
2024-08-12,165.9949951171875,166.6999969482422,163.5500030517578,163.9499969482422,12435000,0.0,0.0,163.9499969482422
2024-08-13,165.18499755859375,166.5399932861328,164.77000427246094,165.92999267578125,12717600,0.0,0.0,165.92999267578125
2024-08-14,164.2100067138672,164.9600067138672,159.52999877929688,162.02999877929688,22515900,0.0,0.0,162.02999877929688
2024-08-15,162.2100067138672,163.52000427246094,161.49000549316406,163.1699981689453,18392500,0.0,0.0,163.1699981689453
2024-08-16,163.41000366210938,166.9499969482422,163.0800018310547,164.74000549316406,16853100,0.0,0.0,164.74000549316406
2024-08-19,167.0,168.47000122070312,166.08999633789062,168.39999389648438,13100800,0.0,0.0,168.39999389648438
2024-08-20,168.74000549316406,170.41000366210938,168.66000366210938,168.9600067138672,12622500,0.0,0.0,168.9600067138672
2024-08-21,166.99000549316406,168.63999938964844,166.57000732421875,167.6300048828125,15269600,0.0,0.0,167.6300048828125
2024-08-22,169.0399932861328,169.4199981689453,165.02999877929688,165.49000549316406,19123800,0.0,0.0,165.49000549316406
2024-08-23,166.5500030517578,167.9499969482422,165.66000366210938,167.42999267578125,14281600,0.0,0.0,167.42999267578125
2024-08-26,168.15499877929688,169.3800048828125,166.32000732421875,167.92999267578125,11990300,0.0,0.0,167.92999267578125
2024-08-27,167.61000061035156,168.2449951171875,166.16000366210938,166.3800048828125,13718200,0.0,0.0,166.3800048828125
2024-08-28,166.77999877929688,167.38999938964844,163.27999877929688,164.5,15208700,0.0,0.0,164.5
2024-08-29,166.05999755859375,167.6300048828125,161.98199462890625,163.39999389648438,17133800,0.0,0.0,163.39999389648438
2024-08-30,164.22000122070312,165.27999877929688,163.41000366210938,165.11000061035156,18498800,0.0,0.0,165.11000061035156
2024-09-03,163.31500244140625,163.3800048828125,157.85499572753906,158.61000061035156,26533100,0.0,0.0,158.61000061035156
2024-09-04,158.0749969482422,160.39999389648438,157.44000244140625,157.80999755859375,17410700,0.0,0.0,157.80999755859375
2024-09-05,157.77999877929688,161.01499938964844,157.52000427246094,158.60000610351562,14139500,0.0,0.0,158.60000610351562
2024-09-06,158.69000244140625,159.22000122070312,151.93499755859375,152.1300048828125,24999100,0.0,0.0,152.1300048828125
2024-09-09,153.6300048828125,154.63999938964844,148.1999969482422,149.5399932861328,28057700,0.0,0.2,149.5399932861328
2024-09-10,151.4499969482422,152.3000030517578,149.54299926757812,150.00999450683594,20401800,0.0,0.0,150.00999450683594
2024-09-11,151.08999633789062,152.47999572753906,148.6999969482422,152.14999389648438,18991500,0.0,0.0,152.14999389648438
2024-09-12,154.80999755859375,155.61000061035156,153.5,155.5399932861328,20980800,0.0,0.0,155.5399932861328
2024-09-13,156.36199951171875,159.27499389648438,156.11000061035156,158.3699951171875,16733900,0.0,0.0,158.3699951171875
2024-09-16,158.3300018310547,159.24000549316406,157.61000061035156,158.99000549316406,14157600,0.0,0.0,158.99000549316406
2024-09-17,160.08999633789062,161.58999633789062,159.41000366210938,160.27999877929688,12064800,0.0,0.0,160.27999877929688
2024-09-18,160.85000610351562,161.6300048828125,159.66000366210938,160.80999755859375,16756500,0.0,0.0,160.80999755859375
2024-09-19,164.82000732421875,164.99000549316406,162.52200317382812,163.24000549316406,17548200,0.0,0.0,163.24000549316406
2024-09-20,164.52000427246094,164.75,163.17999267578125,164.63999938964844,46362700,0.0,0.0,164.63999938964844
2024-09-23,165.33999633789062,166.61000061035156,162.9499969482422,163.07000732421875,15648400,0.0,0.0,163.07000732421875
2024-09-24,164.25,164.5500030517578,162.02999877929688,163.63999938964844,18774100,0.0,0.0,163.63999938964844
2024-09-25,162.97000122070312,164.2169952392578,162.77499389648438,162.99000549316406,13607900,0.0,0.0,162.99000549316406
2024-09-26,165.02999877929688,165.5,163.5,163.8300018310547,18234500,0.0,0.0,163.8300018310547
2024-09-27,163.91000366210938,166.97000122070312,163.8300018310547,165.2899932861328,13604300,0.0,0.0,165.2899932861328
2024-09-30,164.77999877929688,167.36000061035156,164.63999938964844,167.19000244140625,14070100,0.0,0.0,167.19000244140625
2024-10-01,168.86000061035156,170.44000244140625,165.89999389648438,168.4199981689453,18629500,0.0,0.0,168.4199981689453
2024-10-02,167.75999450683594,168.8800048828125,166.25,167.30999755859375,12745000,0.0,0.0,167.30999755859375
2024-10-03,165.82000732421875,167.91000366210938,165.3699951171875,167.2100067138672,11004300,0.0,0.0,167.2100067138672
2024-10-04,169.33999633789062,169.5500030517578,166.9600067138672,168.55999755859375,11422100,0.0,0.0,168.55999755859375
2024-10-07,169.13999938964844,169.89999389648438,164.1300048828125,164.38999938964844,14034700,0.0,0.0,164.38999938964844
2024-10-08,165.42999267578125,166.10000610351562,164.30999755859375,165.6999969482422,11723900,0.0,0.0,165.6999969482422
2024-10-09,164.85499572753906,166.25999450683594,161.1199951171875,163.05999755859375,19666400,0.0,0.0,163.05999755859375
2024-10-10,162.11000061035156,164.31100463867188,161.63999938964844,163.17999267578125,12900500,0.0,0.0,163.17999267578125
2024-10-11,163.3300018310547,165.27000427246094,162.5,164.52000427246094,10946000,0.0,0.0,164.52000427246094
2024-10-14,164.91000366210938,167.6199951171875,164.77999877929688,166.35000610351562,9981800,0.0,0.0,166.35000610351562
2024-10-15,167.13999938964844,169.08999633789062,166.0500030517578,166.89999389648438,14829300,0.0,0.0,166.89999389648438
2024-10-16,166.02999877929688,167.27999877929688,165.21600341796875,166.74000549316406,9968500,0.0,0.0,166.74000549316406
2024-10-17,167.3800048828125,167.92999267578125,164.3699951171875,164.50999450683594,15113400,0.0,0.0,164.50999450683594
2024-10-18,164.8699951171875,166.3699951171875,164.75,165.0500030517578,13091300,0.0,0.0,165.0500030517578
2024-10-21,164.5800018310547,166.22000122070312,164.30499267578125,165.8000030517578,11384000,0.0,0.0,165.8000030517578
2024-10-22,164.6999969482422,167.47000122070312,164.6699981689453,166.82000732421875,11958600,0.0,0.0,166.82000732421875
2024-10-23,166.42999267578125,167.60000610351562,163.63299560546875,164.47999572753906,12754300,0.0,0.0,164.47999572753906
2024-10-24,164.58999633789062,165.0500030517578,162.77000427246094,164.52999877929688,12764400,0.0,0.0,164.52999877929688
2024-10-25,165.36500549316406,167.39999389648438,165.22999572753906,166.99000549316406,14566400,0.0,0.0,166.99000549316406
2024-10-28,170.58999633789062,170.6060028076172,165.7899932861328,168.33999633789062,20858300,0.0,0.0,168.33999633789062
2024-10-29,169.38499450683594,171.86000061035156,168.66000366210938,171.13999938964844,28916100,0.0,0.0,171.13999938964844
2024-10-30,182.41000366210938,183.7899932861328,175.7449951171875,176.13999938964844,49698300,0.0,0.0,176.13999938964844
2024-10-31,174.72000122070312,178.4199981689453,172.55999755859375,172.69000244140625,32801900,0.0,0.0,172.69000244140625
2024-11-01,171.5399932861328,173.82000732421875,170.30999755859375,172.64999389648438,21752900,0.0,0.0,172.64999389648438
2024-11-04,171.24000549316406,171.9199981689453,169.48500061035156,170.67999267578125,16194000,0.0,0.0,170.67999267578125
2024-11-05,170.8300018310547,172.0970001220703,170.3699951171875,171.41000366210938,12518300,0.0,0.0,171.41000366210938
2024-11-06,175.35000610351562,178.63999938964844,175.0399932861328,178.3300018310547,27061500,0.0,0.0,178.3300018310547
2024-11-07,179.11000061035156,182.5800018310547,178.88999938964844,182.27999877929688,16730400,0.0,0.0,182.27999877929688
2024-11-08,182.0,182.35000610351562,179.57000732421875,179.86000061035156,15021500,0.0,0.0,179.86000061035156
2024-11-11,180.07000732421875,182.0850067138672,179.99000549316406,181.97000122070312,12503400,0.0,0.0,181.97000122070312
2024-11-12,181.3800048828125,184.02499389648438,180.99000549316406,183.32000732421875,14065800,0.0,0.0,183.32000732421875
2024-11-13,182.14999389648438,182.61500549316406,180.1199951171875,180.49000549316406,13969700,0.0,0.0,180.49000549316406
2024-11-14,179.75,180.44500732421875,176.02999877929688,177.35000610351562,17925800,0.0,0.0,177.35000610351562
2024-11-15,175.63999938964844,175.8800048828125,172.7449951171875,173.88999938964844,21708900,0.0,0.0,173.88999938964844
2024-11-18,174.9550018310547,176.91000366210938,174.4199981689453,176.8000030517578,18662800,0.0,0.0,176.8000030517578
2024-11-19,175.23500061035156,180.1699981689453,175.11599731445312,179.5800018310547,15392900,0.0,0.0,179.5800018310547
2024-11-20,178.8300018310547,179.11000061035156,175.3300018310547,177.3300018310547,15729800,0.0,0.0,177.3300018310547
2024-11-21,175.4550018310547,175.5800018310547,165.30999755859375,169.24000549316406,38839400,0.0,0.0,169.24000549316406
2024-11-22,167.16000366210938,168.26499938964844,165.7100067138672,166.57000732421875,24497000,0.0,0.0,166.57000732421875
2024-11-25,167.99000549316406,170.4600067138672,167.39999389648438,169.42999267578125,21395700,0.0,0.0,169.42999267578125
2024-11-26,169.49000549316406,171.4949951171875,169.42999267578125,170.6199951171875,14937500,0.0,0.0,170.6199951171875
2024-11-27,170.67999267578125,171.13999938964844,169.6699981689453,170.82000732421875,12433400,0.0,0.0,170.82000732421875
2024-11-29,170.05999755859375,170.8699951171875,168.75,170.49000549316406,9250700,0.0,0.0,170.49000549316406
2024-12-02,170.32000732421875,173.60000610351562,170.27000427246094,172.97999572753906,16593400,0.0,0.0,172.97999572753906
2024-12-03,173.1199951171875,174.32000732421875,172.50999450683594,173.02000427246094,15721500,0.0,0.0,173.02000427246094
2024-12-04,172.77999877929688,176.42999267578125,172.75,176.08999633789062,18239800,0.0,0.0,176.08999633789062
2024-12-05,177.32000732421875,177.7100067138672,174.00999450683594,174.30999755859375,16145500,0.0,0.0,174.30999755859375
2024-12-06,173.8800048828125,176.83900451660156,173.5500030517578,176.49000549316406,13319500,0.0,0.0,176.49000549316406
2024-12-09,175.71499633789062,178.0399932861328,175.39999389648438,177.10000610351562,19887800,0.0,0.2,177.10000610351562
2024-12-10,184.53500366210938,188.02999877929688,182.6699981689453,186.52999877929688,34317400,0.0,0.0,186.52999877929688
2024-12-11,186.6999969482422,196.88999938964844,186.25999450683594,196.7100067138672,41664500,0.0,0.0,196.7100067138672
2024-12-12,196.3000030517578,196.7050018310547,193.27999877929688,193.6300048828125,25197800,0.0,0.0,193.6300048828125
2024-12-13,192.7100067138672,194.33999633789062,191.25999450683594,191.3800048828125,18883200,0.0,0.0,191.3800048828125
2024-12-16,194.36500549316406,200.63999938964844,194.11000061035156,198.16000366210938,32248600,0.0,0.0,198.16000366210938
2024-12-17,198.52999877929688,202.8800048828125,196.69000244140625,197.1199951171875,24129500,0.0,0.0,197.1199951171875
2024-12-18,196.8300018310547,198.69000244140625,189.27999877929688,190.14999389648438,27638400,0.0,0.0,190.14999389648438
2024-12-19,193.27999877929688,194.60000610351562,189.52000427246094,189.6999969482422,26981200,0.0,0.0,189.6999969482422
2024-12-20,187.00999450683594,194.13499450683594,186.3699951171875,192.9600067138672,45319700,0.0,0.0,192.9600067138672
2024-12-23,194.02999877929688,196.49000549316406,191.6300048828125,195.99000549316406,15235900,0.0,0.0,195.99000549316406
2024-12-24,196.1699981689453,197.6699981689453,195.197998046875,197.57000732421875,6809800,0.0,0.0,197.57000732421875
2024-12-26,196.74000549316406,198.16000366210938,195.8699951171875,197.10000610351562,7907900,0.0,0.0,197.10000610351562
2024-12-27,196.47000122070312,196.8000030517578,191.9720001220703,194.0399932861328,14693000,0.0,0.0,194.0399932861328
2024-12-30,190.86500549316406,193.77999877929688,190.36000061035156,192.69000244140625,12209500,0.0,0.0,192.69000244140625
2024-12-31,192.44500732421875,193.25,189.5800018310547,190.44000244140625,14355200,0.0,0.0,190.44000244140625
2025-01-02,191.48500061035156,193.1999969482422,188.7100067138672,190.6300048828125,17545200,0.0,0.0,190.6300048828125
2025-01-03,192.72500610351562,194.5,191.35000610351562,193.1300048828125,12875000,0.0,0.0,193.1300048828125
2025-01-06,195.14999389648438,199.55999755859375,195.05999755859375,197.9600067138672,19483300,0.0,0.0,197.9600067138672
2025-01-07,198.27000427246094,202.13999938964844,195.94000244140625,196.7100067138672,16966800,0.0,0.0,196.7100067138672
2025-01-08,193.9499969482422,197.63999938964844,193.75,195.38999938964844,14335300,0.0,0.0,195.38999938964844
2025-01-10,195.4199981689453,197.6199951171875,191.60000610351562,193.1699981689453,20753800,0.0,0.0,193.1699981689453
2025-01-13,191.35000610351562,192.49000549316406,188.66000366210938,192.2899932861328,13169100,0.0,0.0,192.2899932861328
2025-01-14,192.5,193.27000427246094,189.63999938964844,191.0500030517578,13651200,0.0,0.0,191.0500030517578
2025-01-15,194.35000610351562,197.8000030517578,193.3300018310547,196.97999572753906,12894900,0.0,0.0,196.97999572753906
2025-01-16,195.8249969482422,196.97999572753906,194.3000030517578,194.41000366210938,13449600,0.0,0.0,194.41000366210938
2025-01-17,198.0500030517578,198.80999755859375,195.30999755859375,197.5500030517578,22109100,0.0,0.0,197.5500030517578
2025-01-21,200.50999450683594,203.83999633789062,199.44000244140625,199.6300048828125,19005200,0.0,0.0,199.6300048828125
2025-01-22,200.5500030517578,202.1199951171875,199.1999969482422,200.02999877929688,15477400,0.0,0.0,200.02999877929688
2025-01-23,199.97999572753906,201.94000244140625,196.82000732421875,199.5800018310547,15170800,0.0,0.0,199.5800018310547
2025-01-24,199.85000610351562,202.57000732421875,199.78399658203125,201.89999389648438,12732400,0.0,0.0,201.89999389648438
2025-01-27,194.19000244140625,198.6699981689453,192.6999969482422,193.77000427246094,24970200,0.0,0.0,193.77000427246094
2025-01-28,194.64999389648438,197.22999572753906,192.61000061035156,197.07000732421875,15939200,0.0,0.0,197.07000732421875
2025-01-29,197.3699951171875,198.4600067138672,195.19000244140625,197.17999267578125,12287800,0.0,0.0,197.17999267578125
2025-01-30,199.75999450683594,203.23800659179688,199.4720001220703,202.6300048828125,14571500,0.0,0.0,202.6300048828125
2025-01-31,203.71499633789062,207.0800018310547,203.5800018310547,205.60000610351562,17060300,0.0,0.0,205.60000610351562
2025-02-03,202.21499633789062,205.22000122070312,201.66000366210938,202.63999938964844,16719500,0.0,0.0,202.63999938964844
2025-02-04,204.5,208.6999969482422,204.25999450683594,207.7100067138672,28285400,0.0,0.0,207.7100067138672
2025-02-05,193.10000610351562,194.5500030517578,189.91000366210938,193.3000030517578,43666400,0.0,0.0,193.3000030517578
2025-02-06,190.99000549316406,193.8300018310547,190.49000549316406,193.30999755859375,20816600,0.0,0.0,193.30999755859375
2025-02-07,192.74000549316406,193.01499938964844,185.10000610351562,187.13999938964844,29565700,0.0,0.0,187.13999938964844
2025-02-10,189.05999755859375,189.99000549316406,187.61000061035156,188.1999969482422,16606000,0.0,0.0,188.1999969482422
2025-02-11,186.8350067138672,188.8000030517578,186.0800018310547,187.07000732421875,13028100,0.0,0.0,187.07000732421875
2025-02-12,185.22999572753906,186.8300018310547,183.6300048828125,185.42999267578125,17632300,0.0,0.0,185.42999267578125
2025-02-13,185.92999267578125,187.99000549316406,184.8800048828125,187.8800048828125,12729300,0.0,0.0,187.8800048828125
2025-02-14,186.8300018310547,188.14999389648438,186.11000061035156,186.8699951171875,12714200,0.0,0.0,186.8699951171875
2025-02-18,187.44000244140625,187.77999877929688,183.5800018310547,185.8000030517578,19796000,0.0,0.0,185.8000030517578
2025-02-19,186.18499755859375,187.36000061035156,185.5,187.1300048828125,13120500,0.0,0.0,187.1300048828125
2025-02-20,186.5,187.1199951171875,184.60000610351562,186.63999938964844,12063800,0.0,0.0,186.63999938964844
2025-02-21,187.2899932861328,187.47000122070312,181.1300048828125,181.5800018310547,19520800,0.0,0.0,181.5800018310547
2025-02-24,183.8000030517578,185.08999633789062,180.8800048828125,181.19000244140625,18734000,0.0,0.0,181.19000244140625
2025-02-25,180.15499877929688,180.75999450683594,176.77000427246094,177.3699951171875,20832500,0.0,0.0,177.3699951171875
2025-02-26,176.94500732421875,178.0800018310547,173.58999633789062,174.6999969482422,23637200,0.0,0.0,174.6999969482422
2025-02-27,175.94000244140625,176.58999633789062,169.7519989013672,170.2100067138672,25930500,0.0,0.0,170.2100067138672
2025-02-28,170.3000030517578,172.5,168.38999938964844,172.22000122070312,30049800,0.0,0.0,172.22000122070312
2025-03-03,173.72999572753906,175.0,167.63999938964844,168.66000366210938,24122000,0.0,0.0,168.66000366210938
2025-03-04,167.94000244140625,175.1649932861328,167.5399932861328,172.61000061035156,30711400,0.0,0.0,172.61000061035156
2025-03-05,172.32000732421875,175.75,170.92999267578125,174.99000549316406,18848000,0.0,0.0,174.99000549316406
2025-03-06,172.5500030517578,176.72999572753906,172.50799560546875,174.2100067138672,19082400,0.0,0.0,174.2100067138672
2025-03-07,173.24200439453125,176.89999389648438,172.25,175.75,16395300,0.0,0.0,175.75
2025-03-10,170.16000366210938,170.4499969482422,165.56500244140625,167.80999755859375,28990700,0.0,0.2,167.80999755859375
2025-03-11,166.67999267578125,168.65499877929688,163.24000549316406,165.97999572753906,23705900,0.0,0.0,165.97999572753906
2025-03-12,168.47000122070312,169.52999877929688,165.47999572753906,169.0,19880100,0.0,0.0,169.0
2025-03-13,167.97999572753906,168.1199951171875,164.07000732421875,164.72999572753906,15206200,0.0,0.0,164.72999572753906
2025-03-14,165.31500244140625,168.25,164.50999450683594,167.6199951171875,18611100,0.0,0.0,167.6199951171875
2025-03-17,167.3249969482422,168.4600067138672,165.80999755859375,166.57000732421875,17839100,0.0,0.0,166.57000732421875
2025-03-18,165.9600067138672,166.44000244140625,158.8000030517578,162.6699981689453,24616800,0.0,0.0,162.6699981689453
2025-03-19,163.9149932861328,168.13299560546875,163.0500030517578,166.27999877929688,24955700,0.0,0.0,166.27999877929688
2025-03-20,163.8249969482422,167.02999877929688,163.13999938964844,165.0500030517578,19981500,0.0,0.0,165.0500030517578
2025-03-21,163.3800048828125,166.47000122070312,163.02999877929688,166.25,29882100,0.0,0.0,166.25
2025-03-24,169.26499938964844,170.5,167.44000244140625,169.92999267578125,18742800,0.0,0.0,169.92999267578125
2025-03-25,171.17999267578125,172.91000366210938,170.5500030517578,172.7899932861328,13841600,0.0,0.0,172.7899932861328
2025-03-26,171.3000030517578,171.94000244140625,166.86099243164062,167.13999938964844,22498000,0.0,0.0,167.13999938964844
2025-03-27,166.7100067138672,167.44000244140625,163.85000610351562,164.0800018310547,21571200,0.0,0.0,164.0800018310547
2025-03-28,162.36000061035156,163.80999755859375,155.33900451660156,156.05999755859375,34866500,0.0,0.0,156.05999755859375
2025-03-31,154.80999755859375,157.1300048828125,152.2100067138672,156.22999572753906,33591600,0.0,0.0,156.22999572753906
2025-04-01,155.3000030517578,160.0800018310547,155.2550048828125,158.8800048828125,20111400,0.0,0.0,158.8800048828125
2025-04-02,156.9600067138672,160.27499389648438,156.52999877929688,158.86000061035156,17113300,0.0,0.0,158.86000061035156
2025-04-03,152.8350067138672,154.68699645996094,152.17999267578125,152.6300048828125,28416100,0.0,0.0,152.6300048828125
2025-04-04,149.89999389648438,153.08999633789062,147.5399932861328,147.74000549316406,39832200,0.0,0.0,147.74000549316406
2025-04-07,143.38999938964844,154.92999267578125,142.66000366210938,149.24000549316406,47823000,0.0,0.0,149.24000549316406
2025-04-08,153.5749969482422,154.44000244140625,145.2100067138672,146.5800018310547,35304400,0.0,0.0,146.5800018310547
2025-04-09,146.3300018310547,161.8699951171875,145.80999755859375,161.05999755859375,46479500,0.0,0.0,161.05999755859375
2025-04-10,158.75999450683594,160.02999877929688,152.1999969482422,155.3699951171875,35270500,0.0,0.0,155.3699951171875
2025-04-11,155.5850067138672,159.86000061035156,155.5850067138672,159.39999389648438,22582000,0.0,0.0,159.39999389648438
2025-04-14,162.30999755859375,164.02999877929688,159.9199981689453,161.47000122070312,18255900,0.0,0.0,161.47000122070312
2025-04-15,161.57000732421875,162.0500030517578,157.64500427246094,158.67999267578125,15690800,0.0,0.0,158.67999267578125
2025-04-16,155.47000122070312,158.17999267578125,153.91000366210938,155.5,16921500,0.0,0.0,155.5
2025-04-17,156.61000061035156,157.07000732421875,150.89999389648438,153.36000061035156,19513400,0.0,0.0,153.36000061035156
2025-04-21,150.96499633789062,151.05999755859375,148.39999389648438,149.86000061035156,16147800,0.0,0.0,149.86000061035156
2025-04-22,151.07000732421875,154.61000061035156,150.8699951171875,153.89999389648438,15910300,0.0,0.0,153.89999389648438
2025-04-23,157.91000366210938,160.02000427246094,156.35000610351562,157.72000122070312,18575700,0.0,0.0,157.72000122070312
2025-04-24,158.52499389648438,161.7100067138672,158.08999633789062,161.47000122070312,30787500,0.0,0.0,161.47000122070312
2025-04-25,167.10000610351562,168.24000549316406,163.0,163.85000610351562,35148100,0.0,0.0,163.85000610351562
2025-04-28,164.25999450683594,164.9499969482422,160.3800048828125,162.4199981689453,20871200,0.0,0.0,162.4199981689453
2025-04-29,162.0449981689453,162.67999267578125,159.38999938964844,162.05999755859375,15955200,0.0,0.0,162.05999755859375
2025-04-30,159.86000061035156,161.37399291992188,157.15499877929688,160.88999938964844,20639500,0.0,0.0,160.88999938964844
2025-05-01,162.52000427246094,163.94000244140625,160.92999267578125,162.7899932861328,21904300,0.0,0.0,162.7899932861328
2025-05-02,164.9550018310547,166.6999969482422,163.66000366210938,165.80999755859375,16844900,0.0,0.0,165.80999755859375
2025-05-05,164.51499938964844,167.10000610351562,164.47000122070312,166.0500030517578,15309300,0.0,0.0,166.0500030517578
2025-05-06,163.9600067138672,166.74000549316406,163.1300048828125,165.1999969482422,10691900,0.0,0.0,165.1999969482422
2025-05-07,166.07000732421875,166.99000549316406,149.49000549316406,152.8000030517578,78729800,0.0,0.0,152.8000030517578
2025-05-08,155.9199981689453,157.41000366210938,154.10000610351562,155.75,38387500,0.0,0.0,155.75
2025-05-09,155.5500030517578,156.42999267578125,153.8300018310547,154.3800048828125,22871000,0.0,0.0,154.3800048828125
2025-05-12,159.10000610351562,160.44000244140625,157.88999938964844,159.5800018310547,31884900,0.0,0.0,159.5800018310547
2025-05-13,159.9199981689453,162.05999755859375,157.5800018310547,160.88999938964844,24944300,0.0,0.0,160.88999938964844
2025-05-14,161.30999755859375,168.33999633789062,160.92999267578125,166.80999755859375,31769200,0.0,0.0,166.80999755859375
2025-05-15,167.13999938964844,167.50999450683594,163.83999633789062,165.39999389648438,22717600,0.0,0.0,165.39999389648438
2025-05-16,168.92999267578125,170.64999389648438,166.9499969482422,167.42999267578125,36271400,0.0,0.0,167.42999267578125
2025-05-19,165.71499633789062,167.9499969482422,165.4149932861328,167.8699951171875,21374700,0.0,0.0,167.8699951171875
2025-05-20,167.75999450683594,169.67999267578125,164.25999450683594,165.32000732421875,33563300,0.0,0.0,165.32000732421875
2025-05-21,164.9499969482422,174.52999877929688,164.88999938964844,170.05999755859375,45567600,0.0,0.0,170.05999755859375
2025-05-22,173.35000610351562,178.1300048828125,171.8800048828125,171.97999572753906,45024100,0.0,0.0,171.97999572753906
2025-05-23,170.27999877929688,171.2050018310547,169.25999450683594,169.58999633789062,24963600,0.0,0.0,169.58999633789062
2025-05-27,171.3000030517578,174.2899932861328,171.2100067138672,173.97999572753906,24341300,0.0,0.0,173.97999572753906
2025-05-28,173.97999572753906,176.47999572753906,173.01499938964844,173.3800048828125,25999200,0.0,0.0,173.3800048828125
2025-05-29,175.0,175.39999389648438,171.77999877929688,172.9600067138672,21174700,0.0,0.0,172.9600067138672
2025-05-30,172.41000366210938,173.44000244140625,168.52499389648438,172.85000610351562,36258300,0.0,0.0,172.85000610351562
2025-06-02,169.00999450683594,171.06199645996094,168.64999389648438,170.3699951171875,24742900,0.0,0.0,170.3699951171875
2025-06-03,168.86500549316406,169.8000030517578,166.67999267578125,167.7100067138672,25386700,0.0,0.0,167.7100067138672
2025-06-04,168.27999877929688,169.5800018310547,167.7949981689453,169.38999938964844,18508700,0.0,0.0,169.38999938964844
2025-06-05,171.6199951171875,172.36000061035156,169.35000610351562,169.80999755859375,25375400,0.0,0.0,169.80999755859375
2025-06-06,172.3000030517578,175.8300018310547,172.3000030517578,174.9199981689453,22258100,0.0,0.0,174.9199981689453
2025-06-09,175.8699951171875,177.9149932861328,175.66000366210938,177.6300048828125,18817600,0.0,0.21,177.6300048828125
2025-06-10,177.75999450683594,182.44500732421875,176.47500610351562,180.00999450683594,32908000,0.0,0.0,180.00999450683594
2025-06-11,181.22999572753906,181.75,178.0,178.7899932861328,18994400,0.0,0.0,178.7899932861328
2025-06-12,177.47999572753906,178.1300048828125,176.11000061035156,176.97000122070312,17345900,0.0,0.0,176.97000122070312
2025-06-13,173.5800018310547,178.34300231933594,173.57000732421875,175.8800048828125,20873200,0.0,0.0,175.8800048828125
2025-06-16,175.90499877929688,178.2449951171875,175.82000732421875,177.94000244140625,18132500,0.0,0.0,177.94000244140625
2025-06-17,177.0,178.71499633789062,175.94000244140625,177.22999572753906,17656100,0.0,0.0,177.22999572753906
2025-06-18,177.27999877929688,177.82400512695312,172.83999633789062,173.97999572753906,32531800,0.0,0.0,173.97999572753906
2025-06-20,174.86500549316406,175.36500549316406,166.27000427246094,167.72999572753906,55402600,0.0,0.0,167.72999572753906
2025-06-23,167.32000732421875,168.47999572753906,163.3300018310547,166.00999450683594,36975600,0.0,0.0,166.00999450683594
2025-06-24,167.68499755859375,169.25,166.91000366210938,167.74000549316406,27310300,0.0,0.0,167.74000549316406
2025-06-25,168.64999389648438,173.36000061035156,168.56100463867188,171.49000549316406,23627400,0.0,0.0,171.49000549316406
2025-06-26,173.38499450683594,174.64999389648438,170.86000061035156,174.42999267578125,25909100,0.0,0.0,174.42999267578125
2025-06-27,174.6300048828125,178.83999633789062,172.7100067138672,178.27000427246094,74053100,0.0,0.0,178.27000427246094
2025-06-30,180.78500366210938,181.5800018310547,175.5,177.38999938964844,43964600,0.0,0.0,177.38999938964844
2025-07-01,176.80499267578125,177.22000122070312,174.66000366210938,176.91000366210938,25778500,0.0,0.0,176.91000366210938
2025-07-02,176.5449981689453,179.93499755859375,176.08999633789062,179.75999450683594,19325900,0.0,0.0,179.75999450683594
2025-07-03,179.82000732421875,180.77000427246094,178.19000244140625,180.5500030517578,13287400,0.0,0.0,180.5500030517578
2025-07-07,180.13499450683594,180.33999633789062,176.63999938964844,177.55999755859375,20991400,0.0,0.0,177.55999755859375
2025-07-08,178.77999877929688,178.7899932861328,173.9199981689453,175.16000366210938,24108600,0.0,0.0,175.16000366210938
2025-07-09,176.11000061035156,180.27999877929688,173.8800048828125,177.66000366210938,31288000,0.0,0.0,177.66000366210938
2025-07-10,176.6699981689453,179.58999633789062,175.74000549316406,178.6999969482422,24693700,0.0,0.0,178.6999969482422
2025-07-11,177.91000366210938,182.61000061035156,177.54100036621094,181.30999755859375,23975700,0.0,0.0,181.30999755859375
2025-07-14,182.07000732421875,184.72999572753906,180.71099853515625,182.80999755859375,20990400,0.0,0.0,182.80999755859375
2025-07-15,183.94000244140625,185.41000366210938,182.38999938964844,183.10000610351562,23911600,0.0,0.0,183.10000610351562
2025-07-16,184.32000732421875,185.3350067138672,183.0800018310547,183.77000427246094,21152600,0.0,0.0,183.77000427246094
2025-07-17,183.11500549316406,185.18699645996094,181.5,184.6999969482422,21654400,0.0,0.0,184.6999969482422
2025-07-18,186.6199951171875,187.36000061035156,184.72999572753906,185.94000244140625,21033400,0.0,0.0,185.94000244140625
2025-07-21,187.10000610351562,191.25999450683594,187.0500030517578,191.14999389648438,24665000,0.0,0.0,191.14999389648438
2025-07-22,192.4199981689453,193.36000061035156,188.4949951171875,192.11000061035156,26212900,0.0,0.0,192.11000061035156
2025-07-23,192.36000061035156,193.36000061035156,190.17999267578125,191.50999450683594,34068100,0.0,0.0,191.50999450683594
2025-07-24,198.11000061035156,198.97000122070312,191.9499969482422,193.1999969482422,45252100,0.0,0.0,193.1999969482422
2025-07-25,192.92999267578125,195.27499389648438,192.1300048828125,194.0800018310547,31101800,0.0,0.0,194.0800018310547
2025-07-28,194.41000366210938,194.82000732421875,191.85499572753906,193.4199981689453,25553500,0.0,0.0,193.4199981689453
2025-07-29,193.3000030517578,196.66000366210938,192.99000549316406,196.42999267578125,31891600,0.0,0.0,196.42999267578125
2025-07-30,196.3000030517578,198.47999572753906,195.55999755859375,197.44000244140625,21150500,0.0,0.0,197.44000244140625
2025-07-31,196.60000610351562,196.8300018310547,192.0800018310547,192.86000061035156,27852000,0.0,0.0,192.86000061035156
2025-08-01,189.77999877929688,191.6179962158203,188.6999969482422,189.9499969482422,21236700,0.0,0.0,189.9499969482422
2025-08-04,191.1750030517578,196.0800018310547,190.9199981689453,195.75,23386000,0.0,0.0,195.75
2025-08-05,195.5449981689453,198.6999969482422,194.6750030517578,195.32000732421875,19010200,0.0,0.0,195.32000732421875
2025-08-06,195.25,197.3800048828125,194.4669952392578,196.9199981689453,15383700,0.0,0.0,196.9199981689453
2025-08-07,197.7100067138672,198.3699951171875,195.22000122070312,197.27999877929688,14660600,0.0,0.0,197.27999877929688
2025-08-08,197.97999572753906,203.42999267578125,197.89999389648438,202.08999633789062,24379900,0.0,0.0,202.08999633789062
2025-08-11,201.55499267578125,202.16000366210938,199.8000030517578,201.6300048828125,16690200,0.0,0.0,201.6300048828125
2025-08-12,202.09500122070312,205.1300048828125,201.39999389648438,204.16000366210938,19854000,0.0,0.0,204.16000366210938
2025-08-13,204.97999572753906,205.42999267578125,198.63999938964844,203.02999877929688,19573000,0.0,0.0,203.02999877929688
2025-08-14,202.55999755859375,205.4199981689453,202.3249969482422,203.82000732421875,17777100,0.0,0.0,203.82000732421875
2025-08-15,204.72000122070312,207.3300018310547,202.0850067138672,204.91000366210938,21111400,0.0,0.0,204.91000366210938
2025-08-18,205.07000732421875,206.13999938964844,203.41000366210938,204.2899932861328,13000200,0.0,0.0,204.2899932861328
2025-08-19,203.90499877929688,204.2899932861328,200.92999267578125,202.49000549316406,13476600,0.0,0.0,202.49000549316406
2025-08-20,201.67999267578125,202.1699981689453,197.4600067138672,200.19000244140625,13971700,0.0,0.0,200.19000244140625
2025-08-21,200.72000122070312,203.36000061035156,200.39999389648438,200.6199951171875,11768900,0.0,0.0,200.6199951171875
2025-08-22,203.9600067138672,209.22999572753906,202.1300048828125,206.72000122070312,25723700,0.0,0.0,206.72000122070312
2025-08-25,207.0,211.08999633789062,205.9499969482422,209.16000366210938,22788800,0.0,0.0,209.16000366210938
2025-08-26,208.3699951171875,208.4600067138672,206.4499969482422,207.9499969482422,23051000,0.0,0.0,207.9499969482422
2025-08-27,206.4600067138672,209.57000732421875,206.38999938964844,208.2100067138672,15249000,0.0,0.0,208.2100067138672
2025-08-28,207.83999633789062,212.89999389648438,207.60000610351562,212.3699951171875,20915700,0.0,0.0,212.3699951171875
2025-08-29,211.27000427246094,215.33999633789062,210.97000122070312,213.52999877929688,24682200,0.0,0.0,213.52999877929688
2025-09-02,208.99000549316406,212.36900329589844,206.9600067138672,211.99000549316406,28900100,0.0,0.0,211.99000549316406
2025-09-03,226.47999572753906,231.8000030517578,225.1199951171875,231.10000610351562,72250300,0.0,0.0,231.10000610351562
2025-09-04,230.15499877929688,232.77000427246094,226.75999450683594,232.66000366210938,32196000,0.0,0.0,232.66000366210938
2025-09-05,232.66000366210938,236.1300048828125,232.3800048828125,235.1699981689453,26127700,0.0,0.0,235.1699981689453
2025-09-08,235.7899932861328,238.39999389648438,233.72999572753906,234.16000366210938,23128800,0.0,0.21,234.16000366210938
2025-09-09,234.19000244140625,240.58999633789062,233.3800048828125,239.94000244140625,22854800,0.0,0.0,239.94000244140625
2025-09-10,239.25,242.0800018310547,238.11000061035156,239.55999755859375,19990100,0.0,0.0,239.55999755859375
2025-09-11,240.13999938964844,242.57000732421875,236.5800018310547,240.77999877929688,21308600,0.0,0.0,240.77999877929688
2025-09-12,240.8000030517578,242.42300415039062,238.5,241.3800048828125,14536600,0.0,0.0,241.3800048828125
2025-09-15,245.13999938964844,252.75,244.97999572753906,251.75999450683594,29935200,0.0,0.0,251.75999450683594
2025-09-16,252.3300018310547,253.22999572753906,249.71499633789062,251.4199981689453,24493500,0.0,0.0,251.4199981689453
2025-09-17,251.4600067138672,251.9499969482422,246.5800018310547,249.85000610351562,20491300,0.0,0.0,249.85000610351562
2025-09-18,251.86000061035156,254.13999938964844,250.11000061035156,252.3300018310547,21166400,0.0,0.0,252.3300018310547
2025-09-19,253.39999389648438,256.70001220703125,252.0679931640625,255.24000549316406,41616800,0.0,0.0,255.24000549316406
2025-09-22,254.77999877929688,256.30999755859375,250.80999755859375,252.8800048828125,20079000,0.0,0.0,252.8800048828125
2025-09-23,253.65499877929688,254.77000427246094,251.08999633789062,252.33999633789062,17521100,0.0,0.0,252.33999633789062
2025-09-24,252.14999389648438,252.9600067138672,247.22000122070312,247.8300018310547,16958500,0.0,0.0,247.8300018310547
2025-09-25,244.83999633789062,247.31500244140625,241.64999389648438,246.57000732421875,17379800,0.0,0.0,246.57000732421875
2025-09-26,247.78500366210938,250.1199951171875,246.63999938964844,247.17999267578125,16594600,0.0,0.0,247.17999267578125
2025-09-29,248.27499389648438,251.6479949951172,243.1999969482422,244.36000061035156,23157200,0.0,0.0,244.36000061035156
2025-09-30,243.05999755859375,243.6750030517578,239.5709991455078,243.5500030517578,22541200,0.0,0.0,243.5500030517578
2025-10-01,241.17999267578125,247.14999389648438,239.1999969482422,245.5399932861328,23967700,0.0,0.0,245.5399932861328
2025-10-02,245.63999938964844,247.63499450683594,243.10499572753906,246.42999267578125,20657500,0.0,0.0,246.42999267578125
2025-10-03,245.22999572753906,247.1179962158203,242.47000122070312,246.4499969482422,19941400,0.0,0.0,246.4499969482422
2025-10-06,245.77999877929688,252.1999969482422,245.69000244140625,251.50999450683594,18309000,0.0,0.0,251.50999450683594
2025-10-07,248.92999267578125,251.5500030517578,246.80999755859375,247.1300048828125,13811200,0.0,0.0,247.1300048828125
2025-10-08,246.1999969482422,247.25999450683594,245.08999633789062,245.4600067138672,14136500,0.0,0.0,245.4600067138672
2025-10-09,245.05999755859375,245.55499267578125,239.67999267578125,242.2100067138672,19375700,0.0,0.0,242.2100067138672
2025-10-10,242.16000366210938,244.83999633789062,236.68499755859375,237.49000549316406,22449100,0.0,0.0,237.49000549316406
2025-10-13,241.02999877929688,244.99000549316406,240.75,244.63999938964844,12465000,0.0,0.0,244.63999938964844
2025-10-14,241.7550048828125,248.02499389648438,241.17799377441406,246.19000244140625,17705400,0.0,0.0,246.19000244140625
2025-10-15,248.0850067138672,252.75999450683594,246.7899932861328,251.7100067138672,16048100,0.0,0.0,251.7100067138672
2025-10-16,252.46499633789062,257.5799865722656,250.6699981689453,251.8800048828125,18946000,0.0,0.0,251.8800048828125
2025-10-17,251.35000610351562,254.8800048828125,248.58999633789062,253.7899932861328,17653800,0.0,0.0,253.7899932861328
2025-10-20,255.22999572753906,257.8800048828125,254.60000610351562,257.0199890136719,13726800,0.0,0.0,257.0199890136719
2025-10-21,255.25,255.3800048828125,244.6699981689453,251.33999633789062,27836400,0.0,0.0,251.33999633789062
2025-10-22,255.00999450683594,257.17999267578125,250.4510040283203,252.52999877929688,19650200,0.0,0.0,252.52999877929688
2025-10-23,253.6999969482422,255.86000061035156,252.76800537109375,253.72999572753906,13241300,0.0,0.0,253.72999572753906
2025-10-24,257.29998779296875,262.510009765625,256.1000061035156,260.510009765625,18406000,0.0,0.0,260.510009765625
2025-10-27,265.3599853515625,270.79998779296875,264.94000244140625,269.92999267578125,22987700,0.0,0.0,269.92999267578125
2025-10-28,270.20001220703125,271.3800048828125,267.1700134277344,268.42999267578125,20101200,0.0,0.0,268.42999267578125
2025-10-29,268.6099853515625,275.9700012207031,268.42999267578125,275.1700134277344,26287900,0.0,0.0,275.1700134277344
2025-10-30,291.7200012207031,291.92999267578125,280.45001220703125,281.8999938964844,48570000,0.0,0.0,281.8999938964844
2025-10-31,283.2049865722656,286.2850036621094,277.52301025390625,281.82000732421875,29932800,0.0,0.0,281.82000732421875
2025-11-03,282.4200134277344,285.94000244140625,280.3699951171875,284.1199951171875,19691800,0.0,0.0,284.1199951171875
2025-11-04,277.06500244140625,281.8340148925781,276.864990234375,278.05999755859375,18123700,0.0,0.0,278.05999755859375
2025-11-05,279.3800048828125,286.70001220703125,277.8800048828125,284.75,20063200,0.0,0.0,284.75
2025-11-06,285.7349853515625,288.80999755859375,281.6199951171875,285.3399963378906,23103800,0.0,0.0,285.3399963378906
2025-11-07,284.2099914550781,284.5,275.739990234375,279.70001220703125,21991100,0.0,0.0,279.70001220703125
2025-11-10,285.2650146484375,291.4599914550781,283.5400085449219,290.5899963378906,19508200,0.0,0.0,290.5899963378906
2025-11-11,288.20001220703125,292.3399963378906,287.8800048828125,291.739990234375,14156700,0.0,0.0,291.739990234375
2025-11-12,292.0849914550781,292.3599853515625,284.3800048828125,287.42999267578125,16998800,0.0,0.0,287.42999267578125
2025-11-13,282.9849853515625,283.510009765625,278.0,279.1199951171875,18060200,0.0,0.0,279.1199951171875
2025-11-14,271.8949890136719,279.1499938964844,271.4100036621094,276.9800109863281,18330500,0.0,0.0,276.9800109863281
2025-11-17,286.3999938964844,294.5199890136719,284.2300109863281,285.6000061035156,34286100,0.0,0.0,285.6000061035156
2025-11-18,288.4849853515625,289.43499755859375,279.010009765625,284.9599914550781,29702200,0.0,0.0,284.9599914550781
2025-11-19,287.68499755859375,304.25,287.6700134277344,292.989990234375,43123600,0.0,0.0,292.989990234375
2025-11-20,304.739990234375,306.8900146484375,289.1700134277344,289.9800109863281,34801400,0.0,0.0,289.9800109863281
2025-11-21,296.8699951171875,303.9599914550781,294.3599853515625,299.6499938964844,43670600,0.0,0.0,299.6499938964844
2025-11-24,311.010009765625,319.79998779296875,309.3999938964844,318.4700012207031,55311800,0.0,0.0,318.4700012207031
2025-11-25,326.79998779296875,328.6700134277344,317.8160095214844,323.6400146484375,50899300,0.0,0.0,323.6400146484375
2025-11-26,320.7799987792969,324.989990234375,317.20001220703125,320.2799987792969,29839600,0.0,0.0,320.2799987792969
2025-11-28,323.42999267578125,326.8800048828125,316.94000244140625,320.1199951171875,19695800,0.0,0.0,320.1199951171875
2025-12-01,317.4750061035156,319.6300048828125,313.9800109863281,315.1199951171875,28520600,0.0,0.0,315.1199951171875
2025-12-02,316.8999938964844,318.6000061035156,314.2200012207031,316.0199890136719,24668200,0.0,0.0,316.0199890136719
2025-12-03,316.0299987792969,322.0400085449219,314.2799987792969,320.6199951171875,32285100,0.0,0.0,320.6199951171875
2025-12-04,323.0450134277344,323.0989990234375,315.5899963378906,318.3900146484375,20831600,0.0,0.0,318.3900146484375
2025-12-05,320.0,323.8299865722656,319.9800109863281,322.0899963378906,15719900,0.0,0.0,322.0899963378906
2025-12-08,321.0299987792969,321.2300109863281,311.9100036621094,314.45001220703125,22006900,0.0,0.21,314.45001220703125
2025-12-09,313.1000061035156,318.7090148925781,312.6199951171875,317.75,14151300,0.0,0.0,317.75
2025-12-10,316.6199951171875,321.8699951171875,315.3999938964844,321.0,22764500,0.0,0.0,321.0
2025-12-11,321.1000061035156,321.989990234375,309.8800048828125,313.70001220703125,25912100,0.0,0.0,313.70001220703125
2025-12-12,314.7950134277344,316.1400146484375,306.9599914550781,310.5199890136719,21264800,0.0,0.0,310.5199890136719
2025-12-15,312.625,312.70001220703125,305.739990234375,309.32000732421875,22028900,0.0,0.0,309.32000732421875
2025-12-16,306.0,311.8450012207031,303.8299865722656,307.7300109863281,21285200,0.0,0.0,307.7300109863281
2025-12-17,309.010009765625,309.19500732421875,297.45001220703125,298.05999755859375,29120400,0.0,0.0,298.05999755859375
2025-12-18,303.05999755859375,305.260009765625,300.6300048828125,303.75,21040500,0.0,0.0,303.75
2025-12-19,303.2699890136719,308.989990234375,302.3399963378906,308.6099853515625,45234400,0.0,0.0,308.6099853515625
2025-12-22,311.2250061035156,311.70001220703125,306.5899963378906,311.3299865722656,14091400,0.0,0.0,311.3299865722656
2025-12-23,311.135009765625,316.29998779296875,310.75,315.67999267578125,13961400,0.0,0.0,315.67999267578125
2025-12-24,316.1499938964844,316.2900085449219,313.32000732421875,315.6700134277344,6138200,0.0,0.0,315.6700134277344
2025-12-26,315.9200134277344,316.55999755859375,313.7200012207031,314.9599914550781,6730900,0.0,0.0,314.9599914550781
2025-12-29,312.82000732421875,314.9700012207031,311.8999938964844,314.3900146484375,12317700,0.0,0.0,314.3900146484375
2025-12-30,313.4100036621094,317.70001220703125,313.25,314.54998779296875,11052500,0.0,0.0,314.54998779296875
2025-12-31,313.3699951171875,315.3900146484375,312.20001220703125,313.79998779296875,10821500,0.0,0.0,313.79998779296875
2026-01-02,317.5899963378906,322.91400146484375,310.6499938964844,315.32000732421875,22043700,0.0,0.0,315.32000732421875
2026-01-05,317.69500732421875,319.25,315.2489929199219,317.32000732421875,19934000,0.0,0.0,317.32000732421875
2026-01-06,317.30999755859375,321.55999755859375,312.3399963378906,314.54998779296875,18989900,0.0,0.0,314.54998779296875
2026-01-07,314.57000732421875,326.4649963378906,314.5,322.42999267578125,24681800,0.0,0.0,322.42999267578125
2026-01-08,329.2650146484375,330.5400085449219,321.989990234375,326.010009765625,21789600,0.0,0.0,326.010009765625
2026-01-09,327.489990234375,331.4800109863281,326.25,329.1400146484375,17917700,0.0,0.0,329.1400146484375
2026-01-12,326.5,334.44000244140625,325.510009765625,332.7300109863281,23893800,0.0,0.0,332.7300109863281
2026-01-13,335.2799987792969,341.20001220703125,334.3500061035156,336.42999267578125,24616700,0.0,0.0,336.42999267578125
2026-01-14,334.9849853515625,337.0299987792969,331.1400146484375,336.30999755859375,17839300,0.0,0.0,336.30999755859375
2026-01-15,338.05499267578125,338.1300048828125,331.2900085449219,333.1600036621094,16424900,0.0,0.0,333.1600036621094
2026-01-16,334.93499755859375,335.239990234375,328.1700134277344,330.3399963378906,21868600,0.0,0.0,330.3399963378906
2026-01-20,321.239990234375,328.0899963378906,320.8900146484375,322.1600036621094,27169900,0.0,0.0,322.1600036621094
2026-01-21,321.0950012207031,332.7250061035156,319.5400085449219,328.3800048828125,22791700,0.0,0.0,328.3800048828125
2026-01-22,334.2650146484375,335.2099914550781,328.8800048828125,330.8399963378906,19902100,0.0,0.0,330.8399963378906
2026-01-23,332.6549987792969,334.0299987792969,327.9700012207031,328.42999267578125,19110600,0.0,0.0,328.42999267578125
2026-01-26,328.20001220703125,336.3500061035156,327.489990234375,333.5899963378906,18502500,0.0,0.0,333.5899963378906
2026-01-27,335.6300048828125,338.2149963378906,333.75,335.0,16080900,0.0,0.0,335.0
2026-01-28,336.6099853515625,337.6300048828125,332.1300048828125,336.2799987792969,17538500,0.0,0.0,336.2799987792969
2026-01-29,340.3500061035156,342.2900085449219,326.7200012207031,338.6600036621094,24548300,0.0,0.0,338.6600036621094
2026-01-30,334.4599914550781,340.2900085449219,332.6400146484375,338.5299987792969,21740200,0.0,0.0,338.5299987792969
2026-02-02,336.54998779296875,345.1650085449219,336.010009765625,344.8999938964844,22775200,0.0,0.0,344.8999938964844
2026-02-03,348.5150146484375,350.1499938964844,338.5899963378906,340.70001220703125,25786500,0.0,0.0,340.70001220703125
2026-02-04,343.7550048828125,344.25,329.3699951171875,333.3399963378906,36991100,0.0,0.0,333.3399963378906
2026-02-05,313.20001220703125,332.6440124511719,306.9200134277344,331.3299865722656,51842000,0.0,0.0,331.3299865722656
2026-02-06,327.3500061035156,330.6400146484375,320.1499938964844,323.1000061035156,33877000,0.0,0.0,323.1000061035156
2026-02-09,321.239990234375,327.739990234375,317.70001220703125,324.3999938964844,26103300,0.0,0.0,324.3999938964844
2026-02-10,320.9100036621094,321.6300048828125,314.6600036621094,318.6300048828125,25281900,0.0,0.0,318.6300048828125
2026-02-11,318.9599914550781,321.0450134277344,310.1300048828125,311.3299865722656,24008100,0.0,0.0,311.3299865722656
2026-02-12,312.3500061035156,316.4800109863281,308.1499938964844,309.3699951171875,28194000,0.0,0.0,309.3699951171875
2026-02-13,307.9849853515625,308.8900146484375,303.8999938964844,306.0199890136719,20236000,0.0,0.0,306.0199890136719
2026-02-17,300.6400146484375,304.8900146484375,296.8999938964844,302.82000732421875,23750800,0.0,0.0,302.82000732421875
2026-02-18,302.4320068359375,305.9100036621094,301.9800109863281,303.94000244140625,15847700,0.0,0.0,303.94000244140625
2026-02-19,302.5199890136719,306.0299987792969,300.6700134277344,303.55999755859375,13448600,0.0,0.0,303.55999755859375
2026-02-20,304.79998779296875,316.760009765625,304.4200134277344,314.8999938964844,33663100,0.0,0.0,314.8999938964844
2026-02-23,319.1400146484375,319.4549865722656,309.989990234375,311.69000244140625,17641200,0.0,0.0,311.69000244140625
2026-02-24,310.6400146484375,312.3699951171875,306.0899963378906,310.9200134277344,15040700,0.0,0.0,310.9200134277344
2026-02-25,312.1199951171875,313.6600036621094,309.3599853515625,313.0299987792969,20209100,0.0,0.0,313.0299987792969
2026-02-26,312.80499267578125,313.0,302.4100036621094,307.1499938964844,22380000,0.0,0.0,307.1499938964844
2026-02-27,303.94000244140625,312.0799865722656,303.59100341796875,311.42999267578125,33389200,0.0,0.0,311.42999267578125
2026-03-02,302.9649963378906,308.1400146484375,301.05999755859375,306.3599853515625,21854400,0.0,0.0,306.3599853515625
2026-03-03,298.4200134277344,303.94000244140625,296.6990051269531,303.55999755859375,20361100,0.0,0.0,303.55999755859375
2026-03-04,302.68499755859375,305.4599914550781,300.79998779296875,303.45001220703125,20015600,0.0,0.0,303.45001220703125
2026-03-05,303.20001220703125,303.3699951171875,298.07000732421875,300.9100036621094,22643900,0.0,0.0,300.9100036621094
2026-03-06,296.0719909667969,300.3299865722656,295.25,298.29998779296875,17598000,0.0,0.0,298.29998779296875
2026-03-09,294.135009765625,306.5,293.92999267578125,306.010009765625,19632700,0.0,0.21,306.010009765625
2026-03-10,305.875,309.1499938964844,305.30999755859375,306.92999267578125,14386400,0.0,0.0,306.92999267578125
2026-03-11,306.29998779296875,311.0690002441406,305.8399963378906,308.4200134277344,13376700,0.0,0.0,308.4200134277344
2026-03-12,306.2099914550781,308.6400146484375,300.8399963378906,303.2099914550781,15610200,0.0,0.0,303.2099914550781
2026-03-13,306.6549987792969,307.260009765625,299.7799987792969,301.4599914550781,16857500,0.0,0.0,301.4599914550781
