Date,Open,High,Low,Close,Volume,dividend,Adj Close
2016-03-01,22.270000457763672,22.770000457763672,22.260000228881836,22.719999313354492,310900,0.0,22.719999313354492
2016-03-02,22.75,22.920000076293945,22.579999923706055,22.920000076293945,128200,0.0,22.920000076293945
2016-03-03,22.90999984741211,23.110000610351562,22.729999542236328,23.110000610351562,121700,0.0,23.110000610351562
2016-03-04,23.1299991607666,23.440000534057617,22.954999923706055,23.229999542236328,193400,0.0,23.229999542236328
2016-03-07,23.079999923706055,23.5,23.0,23.420000076293945,185400,0.0,23.420000076293945
2016-03-08,23.329999923706055,23.389999389648438,22.8799991607666,22.8799991607666,206600,0.0,22.8799991607666
2016-03-09,23.040000915527344,23.204999923706055,22.96500015258789,23.079999923706055,91300,0.0,23.079999923706055
2016-03-10,23.209999084472656,23.290000915527344,22.520000457763672,22.799999237060547,403700,0.0,22.799999237060547
2016-03-11,22.989999771118164,23.489999771118164,22.972000122070312,23.489999771118164,166900,0.0,23.489999771118164
2016-03-14,23.510000228881836,23.559999465942383,23.229999542236328,23.34000015258789,148100,0.0,23.34000015258789
2016-03-15,23.219999313354492,23.219999313354492,22.729999542236328,22.770000457763672,278900,0.0,22.770000457763672
2016-03-16,22.700000762939453,23.059999465942383,22.68000030517578,23.030000686645508,131000,0.0,23.030000686645508
2016-03-17,23.020000457763672,23.469999313354492,22.96500015258789,23.420000076293945,204700,0.0,23.420000076293945
2016-03-18,23.399999618530273,23.65999984741211,23.399999618530273,23.600000381469727,143600,0.0,23.600000381469727
2016-03-21,23.65999984741211,23.791000366210938,23.579999923706055,23.68000030517578,180100,0.0,23.68000030517578
2016-03-22,23.559999465942383,23.850000381469727,23.559999465942383,23.670000076293945,188200,0.0,23.670000076293945
2016-03-23,23.639999389648438,23.659000396728516,23.1200008392334,23.1200008392334,136600,0.0,23.1200008392334
2016-03-24,23.010000228881836,23.1200008392334,22.84000015258789,23.1200008392334,149900,0.0,23.1200008392334
2016-03-28,23.18000030517578,23.235000610351562,22.889999389648438,23.1299991607666,77500,0.0,23.1299991607666
2016-03-29,23.149999618530273,23.68199920654297,23.1299991607666,23.6299991607666,155200,0.0,23.6299991607666
2016-03-30,23.75,23.950000762939453,23.68899917602539,23.809999465942383,190800,0.0,23.809999465942383
2016-03-31,23.780000686645508,24.030000686645508,23.600000381469727,23.969999313354492,152100,0.0,23.969999313354492
2016-04-01,23.780000686645508,24.030000686645508,23.549999237060547,24.020000457763672,130300,0.0,24.020000457763672
2016-04-04,24.059999465942383,24.229999542236328,24.01799964904785,24.020000457763672,115000,0.0,24.020000457763672
2016-04-05,23.790000915527344,23.84000015258789,23.559999465942383,23.559999465942383,160400,0.0,23.559999465942383
2016-04-06,23.6299991607666,23.969999313354492,23.579999923706055,23.969999313354492,287100,0.0,23.969999313354492
2016-04-07,23.75,23.825000762939453,23.3799991607666,23.450000762939453,232000,0.0,23.450000762939453
2016-04-08,23.770000457763672,23.780000686645508,23.3700008392334,23.469999313354492,153600,0.0,23.469999313354492
2016-04-11,23.530000686645508,23.729999542236328,23.139999389648438,23.139999389648438,134500,0.0,23.139999389648438
2016-04-12,23.040000915527344,23.077999114990234,22.719999313354492,22.920000076293945,344400,0.0,22.920000076293945
2016-04-13,23.010000228881836,23.559999465942383,23.010000228881836,23.540000915527344,245700,0.0,23.540000915527344
2016-04-14,23.6200008392334,23.6200008392334,23.398000717163086,23.479999542236328,129200,0.0,23.479999542236328
2016-04-15,23.469999313354492,23.48699951171875,23.347000122070312,23.440000534057617,149000,0.0,23.440000534057617
2016-04-18,23.270000457763672,23.700000762939453,23.25,23.68000030517578,128700,0.0,23.68000030517578
2016-04-19,23.719999313354492,23.75200080871582,23.260000228881836,23.399999618530273,154600,0.0,23.399999618530273
2016-04-20,23.290000915527344,23.58300018310547,23.239999771118164,23.440000534057617,190400,0.0,23.440000534057617
2016-04-21,23.360000610351562,23.6299991607666,23.360000610351562,23.520000457763672,189700,0.0,23.520000457763672
2016-04-22,23.6200008392334,23.780000686645508,23.489999771118164,23.760000228881836,121200,0.0,23.760000228881836
2016-04-25,23.760000228881836,23.920000076293945,23.729999542236328,23.850000381469727,135400,0.0,23.850000381469727
2016-04-26,23.850000381469727,23.959999084472656,23.700000762939453,23.90999984741211,95200,0.0,23.90999984741211
2016-04-27,24.0,24.360000610351562,24.0,24.34000015258789,293400,0.0,24.34000015258789
2016-04-28,24.200000762939453,24.5,23.969999313354492,24.0,259700,0.0,24.0
2016-04-29,23.670000076293945,24.06999969482422,23.56999969482422,23.780000686645508,160600,0.0,23.780000686645508
2016-05-02,23.81999969482422,24.059999465942383,23.739999771118164,24.059999465942383,137800,0.0,24.059999465942383
2016-05-03,23.719999313354492,23.75,23.440000534057617,23.549999237060547,195700,0.0,23.549999237060547
2016-05-04,23.43000030517578,23.450000762939453,23.1200008392334,23.219999313354492,247200,0.0,23.219999313354492
2016-05-05,23.309999465942383,23.360000610351562,23.030000686645508,23.030000686645508,269300,0.0,23.030000686645508
2016-05-06,22.520000457763672,22.75,22.09000015258789,22.56999969482422,339900,0.0,22.56999969482422
2016-05-09,22.479999542236328,22.719999313354492,22.46500015258789,22.649999618530273,239100,0.0,22.649999618530273
2016-05-10,22.690000534057617,22.959999084472656,22.520000457763672,22.959999084472656,176000,0.0,22.959999084472656
2016-05-11,23.0,23.079999923706055,22.760000228881836,22.760000228881836,258100,0.0,22.760000228881836
2016-05-12,23.049999237060547,23.149999618530273,22.639999389648438,22.850000381469727,175100,0.0,22.850000381469727
2016-05-13,22.799999237060547,23.040000915527344,22.740999221801758,22.809999465942383,162800,0.0,22.809999465942383
2016-05-16,22.729999542236328,23.110000610351562,22.729999542236328,23.030000686645508,174800,0.0,23.030000686645508
2016-05-17,22.899999618530273,23.139999389648438,22.709999084472656,22.790000915527344,201000,0.0,22.790000915527344
2016-05-18,22.649999618530273,23.15999984741211,22.649999618530273,23.040000915527344,299000,0.0,23.040000915527344
2016-05-19,23.040000915527344,23.290000915527344,22.795000076293945,23.040000915527344,400300,0.0,23.040000915527344
2016-05-20,23.18000030517578,23.440000534057617,23.0,23.440000534057617,292700,0.0,23.440000534057617
2016-05-23,23.350000381469727,23.64699935913086,23.299999237060547,23.459999084472656,221800,0.0,23.459999084472656
2016-05-24,23.540000915527344,24.030000686645508,23.489999771118164,24.010000228881836,328100,0.0,24.010000228881836
2016-05-25,24.139999389648438,24.149999618530273,23.976999282836914,24.110000610351562,198300,0.0,24.110000610351562
2016-05-26,24.020000457763672,24.225000381469727,24.020000457763672,24.190000534057617,170300,0.0,24.190000534057617
2016-05-27,23.979999542236328,24.049999237060547,23.829999923706055,24.040000915527344,155400,0.0,24.040000915527344
2016-05-31,23.950000762939453,24.270000457763672,23.799999237060547,24.229999542236328,159600,0.0,24.229999542236328
2016-06-01,24.06999969482422,24.45800018310547,24.06999969482422,24.420000076293945,122800,0.0,24.420000076293945
2016-06-02,24.309999465942383,24.709999084472656,24.309999465942383,24.700000762939453,146700,0.0,24.700000762939453
2016-06-03,24.5,24.639999389648438,24.34000015258789,24.549999237060547,201100,0.0,24.549999237060547
2016-06-06,24.530000686645508,24.6299991607666,24.399999618530273,24.559999465942383,112900,0.0,24.559999465942383
2016-06-07,24.549999237060547,24.690000534057617,24.520000457763672,24.670000076293945,206700,0.0,24.670000076293945
2016-06-08,24.6299991607666,24.799999237060547,24.6299991607666,24.75,155800,0.0,24.75
2016-06-09,24.6299991607666,24.6299991607666,24.389999389648438,24.459999084472656,197000,0.0,24.459999084472656
2016-06-10,24.139999389648438,24.233999252319336,24.030000686645508,24.079999923706055,173400,0.0,24.079999923706055
2016-06-13,23.969999313354492,24.360000610351562,23.969999313354492,24.09000015258789,197700,0.0,24.09000015258789
2016-06-14,23.989999771118164,24.209999084472656,23.93000030517578,24.079999923706055,248000,0.0,24.079999923706055
2016-06-15,24.059999465942383,24.356000900268555,23.979999542236328,24.1299991607666,315400,0.0,24.1299991607666
2016-06-16,24.010000228881836,24.219999313354492,23.719999313354492,24.200000762939453,244600,0.0,24.200000762939453
2016-06-17,24.139999389648438,24.260000228881836,24.030000686645508,24.06999969482422,199900,0.0,24.06999969482422
2016-06-20,24.079999923706055,24.520000457763672,24.079999923706055,24.31999969482422,289800,0.07,24.31999969482422
2016-06-21,24.399999618530273,24.55500030517578,24.389999389648438,24.520000457763672,159700,0.0,24.520000457763672
2016-06-22,24.479999542236328,24.506000518798828,24.170000076293945,24.170000076293945,163900,0.0,24.170000076293945
2016-06-23,24.290000915527344,24.799999237060547,24.290000915527344,24.799999237060547,391800,0.0,24.799999237060547
2016-06-24,23.670000076293945,23.90999984741211,23.3799991607666,23.389999389648438,232000,0.0,23.389999389648438
2016-06-27,23.139999389648438,23.229999542236328,22.3799991607666,22.469999313354492,249000,0.0,22.469999313354492
2016-06-28,22.75,23.06999969482422,22.700000762939453,22.860000610351562,211900,0.0,22.860000610351562
2016-06-29,23.190000534057617,23.42099952697754,23.09000015258789,23.389999389648438,367200,0.0,23.389999389648438
2016-06-30,23.549999237060547,23.889999389648438,23.40999984741211,23.889999389648438,129900,0.0,23.889999389648438
2016-07-01,23.860000610351562,24.139999389648438,23.725000381469727,24.010000228881836,121300,0.0,24.010000228881836
2016-07-05,23.5,23.950000762939453,23.110000610351562,23.690000534057617,166800,0.0,23.690000534057617
2016-07-06,23.5,23.860000610351562,23.40999984741211,23.860000610351562,176200,0.0,23.860000610351562
2016-07-07,24.1299991607666,24.350000381469727,24.1299991607666,24.200000762939453,164900,0.0,24.200000762939453
2016-07-08,24.3799991607666,24.8799991607666,24.3799991607666,24.8700008392334,173900,0.0,24.8700008392334
2016-07-11,25.0,25.280000686645508,25.0,25.18000030517578,324100,0.0,25.18000030517578
2016-07-12,25.139999389648438,25.33300018310547,24.979999542236328,25.290000915527344,191600,0.0,25.290000915527344
2016-07-13,25.280000686645508,25.36400032043457,25.079999923706055,25.190000534057617,137500,0.0,25.190000534057617
2016-07-14,25.309999465942383,25.3799991607666,25.209999084472656,25.229999542236328,141200,0.0,25.229999542236328
2016-07-15,25.209999084472656,25.229999542236328,25.059999465942383,25.100000381469727,90100,0.0,25.100000381469727
2016-07-18,25.190000534057617,25.350000381469727,25.15999984741211,25.239999771118164,133200,0.0,25.239999771118164
2016-07-19,25.209999084472656,25.360000610351562,25.149999618530273,25.200000762939453,243200,0.0,25.200000762939453
2016-07-20,25.229999542236328,25.579999923706055,25.229999542236328,25.549999237060547,211300,0.0,25.549999237060547
2016-07-21,25.489999771118164,25.56999969482422,25.139999389648438,25.209999084472656,174000,0.0,25.209999084472656
2016-07-22,25.440000534057617,25.729999542236328,25.270000457763672,25.719999313354492,151400,0.0,25.719999313354492
2016-07-25,25.649999618530273,25.8700008392334,25.600000381469727,25.81999969482422,158200,0.0,25.81999969482422
2016-07-26,25.709999084472656,25.989999771118164,25.709999084472656,25.8700008392334,139500,0.0,25.8700008392334
2016-07-27,25.940000534057617,25.969999313354492,25.733999252319336,25.780000686645508,116800,0.0,25.780000686645508
2016-07-28,25.780000686645508,26.1299991607666,25.777000427246094,26.110000610351562,153600,0.0,26.110000610351562
2016-07-29,25.920000076293945,25.950000762939453,25.670000076293945,25.93000030517578,143000,0.0,25.93000030517578
2016-08-01,25.940000534057617,26.01300048828125,25.75,25.790000915527344,174400,0.0,25.790000915527344
2016-08-02,25.739999771118164,25.780000686645508,25.420000076293945,25.540000915527344,149900,0.0,25.540000915527344
2016-08-03,25.469999313354492,25.649999618530273,25.399999618530273,25.649999618530273,163900,0.0,25.649999618530273
2016-08-04,25.670000076293945,25.996000289916992,25.670000076293945,25.709999084472656,115200,0.0,25.709999084472656
2016-08-05,25.690000534057617,25.850000381469727,25.610000610351562,25.84000015258789,96300,0.0,25.84000015258789
2016-08-08,25.829999923706055,25.860000610351562,25.670000076293945,25.670000076293945,107700,0.0,25.670000076293945
2016-08-09,25.649999618530273,25.889999389648438,25.649999618530273,25.850000381469727,129000,0.0,25.850000381469727
2016-08-10,25.850000381469727,25.8700008392334,25.68000030517578,25.780000686645508,205700,0.0,25.780000686645508
2016-08-11,25.860000610351562,26.02899932861328,25.790000915527344,25.989999771118164,117900,0.0,25.989999771118164
2016-08-12,25.940000534057617,25.940000534057617,25.84000015258789,25.920000076293945,81600,0.0,25.920000076293945
2016-08-15,25.950000762939453,26.329999923706055,25.950000762939453,26.270000457763672,225900,0.0,26.270000457763672
2016-08-16,26.15999984741211,26.5,26.149999618530273,26.43000030517578,253300,0.0,26.43000030517578
2016-08-17,26.3700008392334,26.40999984741211,26.101999282836914,26.229999542236328,151800,0.0,26.229999542236328
2016-08-18,26.18000030517578,26.59000015258789,26.18000030517578,26.59000015258789,232600,0.0,26.59000015258789
2016-08-19,26.440000534057617,26.770000457763672,26.40999984741211,26.75,162000,0.0,26.75
2016-08-22,26.729999542236328,26.780000686645508,26.6200008392334,26.709999084472656,103800,0.0,26.709999084472656
2016-08-23,26.809999465942383,27.100000381469727,26.809999465942383,27.049999237060547,136300,0.0,27.049999237060547
2016-08-24,27.010000228881836,27.134000778198242,26.81999969482422,26.850000381469727,163300,0.0,26.850000381469727
2016-08-25,26.729999542236328,27.0,26.729999542236328,26.959999084472656,183800,0.0,26.959999084472656
2016-08-26,26.959999084472656,27.059999465942383,26.68400001525879,26.809999465942383,187500,0.0,26.809999465942383
2016-08-29,26.829999923706055,27.059999465942383,26.829999923706055,26.950000762939453,124700,0.0,26.950000762939453
2016-08-30,26.950000762939453,27.049999237060547,26.809999465942383,26.889999389648438,135200,0.0,26.889999389648438
2016-08-31,26.81999969482422,26.81999969482422,26.510000228881836,26.739999771118164,149600,0.0,26.739999771118164
2016-09-01,26.739999771118164,27.100000381469727,26.739999771118164,27.09000015258789,335500,0.0,27.09000015258789
2016-09-02,27.239999771118164,27.450000762939453,27.183000564575195,27.440000534057617,293300,0.0,27.440000534057617
2016-09-06,27.450000762939453,27.718000411987305,27.420000076293945,27.690000534057617,1455400,0.0,27.690000534057617
2016-09-07,27.739999771118164,27.8799991607666,27.600000381469727,27.68000030517578,353000,0.0,27.68000030517578
2016-09-08,27.690000534057617,27.759000778198242,27.594999313354492,27.6299991607666,138200,0.0,27.6299991607666
2016-09-09,27.459999084472656,27.510000228881836,27.010000228881836,27.010000228881836,280300,0.0,27.010000228881836
2016-09-12,26.799999237060547,27.290000915527344,26.75,27.280000686645508,183600,0.0,27.280000686645508
2016-09-13,27.049999237060547,27.1200008392334,26.65999984741211,26.739999771118164,211900,0.12,26.739999771118164
2016-09-14,26.700000762939453,26.969999313354492,26.687000274658203,26.760000228881836,183400,0.0,26.760000228881836
2016-09-15,26.719999313354492,26.950000762939453,26.719999313354492,26.940000534057617,128400,0.0,26.940000534057617
2016-09-16,26.889999389648438,26.920000076293945,26.719999313354492,26.850000381469727,123800,0.0,26.850000381469727
2016-09-19,27.010000228881836,27.333999633789062,27.0,27.09000015258789,139900,0.0,27.09000015258789
2016-09-20,27.110000610351562,27.18000030517578,26.920000076293945,26.920000076293945,137700,0.0,26.920000076293945
2016-09-21,26.959999084472656,27.329999923706055,26.959999084472656,27.329999923706055,184900,0.0,27.329999923706055
2016-09-22,27.510000228881836,27.663999557495117,27.485000610351562,27.639999389648438,172300,0.0,27.639999389648438
2016-09-23,27.899999618530273,27.950000762939453,27.700000762939453,27.760000228881836,219200,0.0,27.760000228881836
2016-09-26,27.59000015258789,27.660999298095703,27.459999084472656,27.479999542236328,199700,0.0,27.479999542236328
2016-09-27,27.450000762939453,27.799999237060547,27.3700008392334,27.780000686645508,196300,0.0,27.780000686645508
2016-09-28,27.899999618530273,27.950000762939453,27.709999084472656,27.950000762939453,275600,0.0,27.950000762939453
2016-09-29,27.950000762939453,27.950000762939453,27.600000381469727,27.610000610351562,329600,0.0,27.610000610351562
2016-09-30,27.760000228881836,27.950000762939453,27.68000030517578,27.899999618530273,247600,0.0,27.899999618530273
2016-10-03,27.899999618530273,27.950000762939453,27.760000228881836,27.90999984741211,185100,0.0,27.90999984741211
2016-10-04,27.989999771118164,28.08300018310547,27.829999923706055,27.940000534057617,346900,0.0,27.940000534057617
2016-10-05,27.90999984741211,28.270000457763672,27.90999984741211,28.040000915527344,300700,0.0,28.040000915527344
2016-10-06,28.010000228881836,28.010000228881836,27.65999984741211,27.719999313354492,185700,0.0,27.719999313354492
2016-10-07,27.639999389648438,27.7450008392334,27.420000076293945,27.549999237060547,145800,0.0,27.549999237060547
2016-10-10,27.639999389648438,27.750999450683594,27.5310001373291,27.549999237060547,94400,0.0,27.549999237060547
2016-10-11,27.420000076293945,27.510000228881836,27.0,27.059999465942383,227700,0.0,27.059999465942383
2016-10-12,26.639999389648438,26.969999313354492,26.600000381469727,26.829999923706055,301800,0.0,26.829999923706055
2016-10-13,26.610000610351562,26.674999237060547,26.385000228881836,26.56999969482422,269500,0.0,26.56999969482422
2016-10-14,26.6299991607666,26.850000381469727,26.45800018310547,26.469999313354492,222900,0.0,26.469999313354492
2016-10-17,26.5,26.530000686645508,26.25,26.270000457763672,199800,0.0,26.270000457763672
2016-10-18,26.5,26.559999465942383,26.39699935913086,26.440000534057617,118200,0.0,26.440000534057617
2016-10-19,26.139999389648438,26.18000030517578,26.030000686645508,26.06999969482422,188300,0.0,26.06999969482422
2016-10-20,26.059999465942383,26.079999923706055,25.84000015258789,25.979999542236328,164000,0.0,25.979999542236328
2016-10-21,26.09000015258789,26.305999755859375,26.020000457763672,26.270000457763672,289200,0.0,26.270000457763672
2016-10-24,26.40999984741211,26.549999237060547,26.3700008392334,26.5,159300,0.0,26.5
2016-10-25,26.59000015258789,26.59000015258789,26.270000457763672,26.31999969482422,115500,0.0,26.31999969482422
2016-10-26,26.329999923706055,26.639999389648438,26.329999923706055,26.420000076293945,94800,0.0,26.420000076293945
2016-10-27,26.459999084472656,26.56999969482422,26.170000076293945,26.170000076293945,83200,0.0,26.170000076293945
2016-10-28,26.1299991607666,26.61199951171875,26.1299991607666,26.3799991607666,195100,0.0,26.3799991607666
2016-10-31,26.31999969482422,26.549999237060547,26.31999969482422,26.540000915527344,154600,0.0,26.540000915527344
2016-11-01,26.469999313354492,26.479999542236328,26.100000381469727,26.270000457763672,163800,0.0,26.270000457763672
2016-11-02,26.229999542236328,26.25,25.860000610351562,25.8700008392334,169900,0.0,25.8700008392334
2016-11-03,25.75,26.190000534057617,25.75,25.979999542236328,119100,0.0,25.979999542236328
2016-11-04,26.149999618530273,26.190000534057617,25.8700008392334,25.8700008392334,153000,0.0,25.8700008392334
2016-11-07,26.350000381469727,26.799999237060547,26.350000381469727,26.790000915527344,237300,0.0,26.790000915527344
2016-11-08,26.790000915527344,26.816999435424805,26.469999313354492,26.6200008392334,105000,0.0,26.6200008392334
2016-11-09,26.200000762939453,27.149999618530273,26.100000381469727,27.09000015258789,178600,0.0,27.09000015258789
2016-11-10,27.3700008392334,27.690000534057617,26.860000610351562,27.09000015258789,313100,0.0,27.09000015258789
2016-11-11,27.020000457763672,27.75,27.020000457763672,27.75,247200,0.0,27.75
2016-11-14,27.850000381469727,28.131000518798828,27.702999114990234,27.739999771118164,246300,0.0,27.739999771118164
2016-11-15,27.799999237060547,27.929000854492188,27.739999771118164,27.829999923706055,434400,0.0,27.829999923706055
2016-11-16,27.829999923706055,27.969999313354492,27.719999313354492,27.950000762939453,98300,0.0,27.950000762939453
2016-11-17,27.969999313354492,28.020000457763672,27.829999923706055,27.979999542236328,139000,0.0,27.979999542236328
2016-11-18,28.06999969482422,28.079999923706055,27.84000015258789,27.850000381469727,232000,0.0,27.850000381469727
2016-11-21,28.09000015258789,28.09000015258789,27.829999923706055,28.0,148000,0.0,28.0
2016-11-22,27.6200008392334,27.739999771118164,27.520000457763672,27.709999084472656,642200,0.0,27.709999084472656
2016-11-23,27.709999084472656,27.709999084472656,27.56599998474121,27.6200008392334,146400,0.0,27.6200008392334
2016-11-25,27.6200008392334,27.700000762939453,27.599000930786133,27.68000030517578,75600,0.0,27.68000030517578
2016-11-28,27.739999771118164,27.739999771118164,27.25,27.270000457763672,140100,0.0,27.270000457763672
2016-11-29,27.219999313354492,27.5,27.219999313354492,27.329999923706055,126800,0.0,27.329999923706055
2016-11-30,27.40999984741211,27.461000442504883,27.079999923706055,27.079999923706055,86100,0.0,27.079999923706055
2016-12-01,27.09000015258789,27.170000076293945,26.18000030517578,26.25,394000,0.0,26.25
2016-12-02,26.290000915527344,26.399999618530273,26.113000869750977,26.399999618530273,132100,0.0,26.399999618530273
2016-12-05,26.459999084472656,26.8700008392334,26.459999084472656,26.809999465942383,124000,0.0,26.809999465942383
2016-12-06,27.020000457763672,27.069000244140625,26.761999130249023,27.010000228881836,128500,0.0,27.010000228881836
2016-12-07,27.09000015258789,27.332000732421875,26.93899917602539,27.299999237060547,430100,0.0,27.299999237060547
2016-12-08,27.270000457763672,27.670000076293945,27.270000457763672,27.530000686645508,253800,0.0,27.530000686645508
2016-12-09,27.600000381469727,27.780000686645508,27.5310001373291,27.610000610351562,152100,0.0,27.610000610351562
2016-12-12,27.549999237060547,27.549999237060547,27.049999237060547,27.1299991607666,167100,0.0,27.1299991607666
2016-12-13,27.209999084472656,27.420000076293945,27.209999084472656,27.309999465942383,260800,0.0,27.309999465942383
2016-12-14,27.290000915527344,27.420000076293945,27.059999465942383,27.059999465942383,226200,0.0,27.059999465942383
2016-12-15,27.100000381469727,27.31999969482422,27.027000427246094,27.110000610351562,313000,0.0,27.110000610351562
2016-12-16,27.040000915527344,27.19700050354004,26.90999984741211,26.959999084472656,179400,0.0,26.959999084472656
2016-12-19,27.059999465942383,27.280000686645508,26.90999984741211,27.219999313354492,241500,0.0,27.219999313354492
2016-12-20,27.209999084472656,27.360000610351562,27.100000381469727,27.209999084472656,418600,0.0,27.209999084472656
2016-12-21,27.1200008392334,27.209999084472656,26.850000381469727,26.959999084472656,152500,0.0,26.959999084472656
2016-12-22,26.8700008392334,26.899999618530273,26.549999237060547,26.559999465942383,197900,0.0,26.559999465942383
2016-12-23,26.549999237060547,26.81999969482422,26.549999237060547,26.81999969482422,100500,0.0,26.81999969482422
2016-12-27,26.799999237060547,27.030000686645508,26.777999877929688,27.010000228881836,242300,0.0,27.010000228881836
2016-12-28,26.8799991607666,26.940000534057617,26.469999313354492,26.489999771118164,217300,0.134,26.489999771118164
2016-12-29,26.520000457763672,26.690000534057617,26.389999389648438,26.479999542236328,176600,0.0,26.479999542236328
2016-12-30,26.510000228881836,26.600000381469727,26.395000457763672,26.440000534057617,155700,0.0,26.440000534057617
2017-01-03,26.56999969482422,26.829999923706055,26.489999771118164,26.65999984741211,382900,0.0,26.65999984741211
2017-01-04,26.719999313354492,27.1299991607666,26.719999313354492,27.110000610351562,750200,0.0,27.110000610351562
2017-01-05,27.1200008392334,27.350000381469727,27.100000381469727,27.280000686645508,220100,0.0,27.280000686645508
2017-01-06,27.31999969482422,27.549999237060547,27.17300033569336,27.469999313354492,575900,0.0,27.469999313354492
2017-01-09,27.489999771118164,27.5,27.290000915527344,27.450000762939453,279500,0.0,27.450000762939453
2017-01-10,27.579999923706055,27.760000228881836,27.43000030517578,27.65999984741211,591900,0.0,27.65999984741211
2017-01-11,27.68000030517578,27.950000762939453,27.59000015258789,27.93000030517578,911700,0.0,27.93000030517578
2017-01-12,27.8799991607666,27.8799991607666,27.469999313354492,27.739999771118164,767300,0.0,27.739999771118164
2017-01-13,27.84000015258789,28.1200008392334,27.84000015258789,28.1200008392334,613600,0.0,28.1200008392334
2017-01-17,28.190000534057617,28.190000534057617,27.649999618530273,27.690000534057617,376200,0.0,27.690000534057617
2017-01-18,27.729999542236328,27.780000686645508,27.610000610351562,27.770000457763672,551500,0.0,27.770000457763672
2017-01-19,27.889999389648438,28.09000015258789,27.829999923706055,27.93000030517578,215600,0.0,27.93000030517578
2017-01-20,28.030000686645508,28.059999465942383,27.8799991607666,27.959999084472656,273300,0.0,27.959999084472656
2017-01-23,27.969999313354492,28.079999923706055,27.700000762939453,27.850000381469727,478800,0.0,27.850000381469727
2017-01-24,27.93000030517578,28.209999084472656,27.8700008392334,28.209999084472656,452900,0.0,28.209999084472656
2017-01-25,28.3799991607666,28.68000030517578,28.3799991607666,28.5,1353200,0.0,28.5
2017-01-26,28.540000915527344,28.649999618530273,28.25,28.3700008392334,499000,0.0,28.3700008392334
2017-01-27,28.1200008392334,28.149999618530273,27.979999542236328,28.059999465942383,437000,0.0,28.059999465942383
2017-01-30,28.059999465942383,28.059999465942383,27.714000701904297,27.979999542236328,819200,0.0,27.979999542236328
2017-01-31,28.0,28.450000762939453,27.958999633789062,28.450000762939453,1008900,0.0,28.450000762939453
2017-02-01,28.510000228881836,28.530000686645508,28.190000534057617,28.290000915527344,729600,0.0,28.290000915527344
2017-02-02,28.31999969482422,28.450000762939453,28.1299991607666,28.440000534057617,538600,0.0,28.440000534057617
2017-02-03,28.540000915527344,28.809999465942383,28.440000534057617,28.799999237060547,531200,0.0,28.799999237060547
2017-02-06,28.700000762939453,28.760000228881836,28.600000381469727,28.690000534057617,588000,0.0,28.690000534057617
2017-02-07,28.780000686645508,28.989999771118164,28.700000762939453,28.860000610351562,749900,0.0,28.860000610351562
2017-02-08,28.940000534057617,28.940000534057617,28.708999633789062,28.8799991607666,384400,0.0,28.8799991607666
2017-02-09,28.93000030517578,29.32699966430664,28.889999389648438,29.270000457763672,574200,0.0,29.270000457763672
2017-02-10,29.209999084472656,29.37299919128418,29.100000381469727,29.229999542236328,595100,0.0,29.229999542236328
2017-02-13,29.3700008392334,29.5,29.309999465942383,29.420000076293945,470600,0.0,29.420000076293945
2017-02-14,29.350000381469727,29.540000915527344,29.242000579833984,29.440000534057617,488600,0.0,29.440000534057617
2017-02-15,29.360000610351562,29.479999542236328,29.25,29.40999984741211,376200,0.0,29.40999984741211
2017-02-16,29.489999771118164,29.5,29.138999938964844,29.270000457763672,673400,0.0,29.270000457763672
2017-02-17,29.280000686645508,29.610000610351562,29.15999984741211,29.610000610351562,551400,0.0,29.610000610351562
2017-02-21,29.739999771118164,29.850000381469727,29.64699935913086,29.84000015258789,511300,0.0,29.84000015258789
2017-02-22,29.850000381469727,29.889999389648438,29.649999618530273,29.65999984741211,422200,0.0,29.65999984741211
2017-02-23,29.68000030517578,29.700000762939453,29.3799991607666,29.43000030517578,385400,0.0,29.43000030517578
2017-02-24,29.260000228881836,29.389999389648438,29.100000381469727,29.3799991607666,640700,0.0,29.3799991607666
2017-02-27,29.329999923706055,29.469999313354492,29.260000228881836,29.43000030517578,329200,0.0,29.43000030517578
2017-02-28,29.389999389648438,29.389999389648438,29.020000457763672,29.049999237060547,355500,0.0,29.049999237060547
2017-03-01,28.709999084472656,29.03499984741211,28.709999084472656,28.969999313354492,598300,0.0,28.969999313354492
2017-03-02,28.969999313354492,29.010000228881836,28.75,28.760000228881836,433600,0.0,28.760000228881836
2017-03-03,28.739999771118164,28.809999465942383,28.6299991607666,28.770000457763672,348900,0.0,28.770000457763672
2017-03-06,28.709999084472656,28.709999084472656,28.5,28.520000457763672,380300,0.0,28.520000457763672
2017-03-07,28.5,28.608999252319336,28.450000762939453,28.450000762939453,317700,0.0,28.450000762939453
2017-03-08,28.510000228881836,28.639999389648438,28.459999084472656,28.5,266000,0.0,28.5
2017-03-09,28.549999237060547,28.549999237060547,28.270000457763672,28.389999389648438,289500,0.0,28.389999389648438
2017-03-10,28.5,28.729999542236328,28.485000610351562,28.719999313354492,471600,0.0,28.719999313354492
2017-03-13,28.719999313354492,28.90999984741211,28.600000381469727,28.8799991607666,421500,0.0,28.8799991607666
2017-03-14,28.829999923706055,28.829999923706055,28.479999542236328,28.600000381469727,317700,0.0,28.600000381469727
2017-03-15,28.739999771118164,28.920000076293945,28.594999313354492,28.899999618530273,200800,0.0,28.899999618530273
2017-03-16,28.969999313354492,29.15999984741211,28.957000732421875,29.15999984741211,245200,0.0,29.15999984741211
2017-03-17,29.170000076293945,29.219999313354492,29.020000457763672,29.110000610351562,221500,0.0,29.110000610351562
2017-03-20,29.25,29.399999618530273,29.18000030517578,29.260000228881836,244800,0.0,29.260000228881836
2017-03-21,29.459999084472656,29.479999542236328,28.700000762939453,28.719999313354492,518800,0.0,28.719999313354492
2017-03-22,28.639999389648438,28.799999237060547,28.56999969482422,28.780000686645508,315600,0.0,28.780000686645508
2017-03-23,28.979999542236328,29.201000213623047,28.920000076293945,29.030000686645508,200500,0.0,29.030000686645508
2017-03-24,29.110000610351562,29.2810001373291,28.979999542236328,29.06999969482422,234000,0.0,29.06999969482422
2017-03-27,29.1200008392334,29.3700008392334,28.90999984741211,29.34000015258789,286000,0.0,29.34000015258789
2017-03-28,29.15999984741211,29.270000457763672,29.100000381469727,29.190000534057617,215700,0.0,29.190000534057617
2017-03-29,29.350000381469727,29.520000457763672,29.309999465942383,29.510000228881836,245500,0.0,29.510000228881836
2017-03-30,29.600000381469727,29.652999877929688,29.360000610351562,29.3799991607666,127400,0.0,29.3799991607666
2017-03-31,29.5,29.59000015258789,29.440000534057617,29.520000457763672,272300,0.0,29.520000457763672
2017-04-03,29.540000915527344,29.639999389648438,29.101999282836914,29.229999542236328,247300,0.0,29.229999542236328
2017-04-04,28.989999771118164,29.040000915527344,28.812999725341797,28.829999923706055,363600,0.0,28.829999923706055
2017-04-05,29.09000015258789,29.360000610351562,28.8799991607666,28.950000762939453,185600,0.0,28.950000762939453
2017-04-06,29.0,29.020000457763672,28.770000457763672,29.020000457763672,425300,0.0,29.020000457763672
2017-04-07,29.079999923706055,29.1299991607666,28.920000076293945,29.059999465942383,228300,0.0,29.059999465942383
2017-04-10,29.059999465942383,29.200000762939453,28.950000762939453,29.010000228881836,143200,0.0,29.010000228881836
2017-04-11,28.969999313354492,29.079999923706055,28.799999237060547,29.079999923706055,151800,0.0,29.079999923706055
2017-04-12,28.979999542236328,29.01300048828125,28.739999771118164,28.760000228881836,410600,0.0,28.760000228881836
2017-04-13,28.600000381469727,28.770000457763672,28.5,28.5,185500,0.0,28.5
2017-04-17,28.559999465942383,28.84000015258789,28.559999465942383,28.84000015258789,97500,0.0,28.84000015258789
2017-04-18,28.670000076293945,28.790000915527344,28.489999771118164,28.639999389648438,224600,0.0,28.639999389648438
2017-04-19,28.84000015258789,28.899999618530273,28.726999282836914,28.799999237060547,91800,0.0,28.799999237060547
2017-04-20,28.790000915527344,28.850000381469727,28.559999465942383,28.690000534057617,142700,0.0,28.690000534057617
2017-04-21,28.770000457763672,28.899999618530273,28.700000762939453,28.899999618530273,153800,0.0,28.899999618530273
2017-04-24,29.030000686645508,29.1200008392334,28.920000076293945,29.09000015258789,204400,0.0,29.09000015258789
2017-04-25,29.229999542236328,29.43000030517578,29.2189998626709,29.260000228881836,1135900,0.0,29.260000228881836
2017-04-26,29.260000228881836,29.469999313354492,29.260000228881836,29.3799991607666,186800,0.0,29.3799991607666
2017-04-27,29.3700008392334,29.43000030517578,29.25,29.31999969482422,101600,0.0,29.31999969482422
2017-04-28,28.950000762939453,29.020000457763672,28.649999618530273,28.940000534057617,384700,0.0,28.940000534057617
2017-05-01,29.09000015258789,29.190000534057617,28.899999618530273,29.1299991607666,143500,0.0,29.1299991607666
2017-05-02,29.030000686645508,29.138999938964844,28.920000076293945,29.059999465942383,221100,0.0,29.059999465942383
2017-05-03,29.1299991607666,29.25,29.000999450683594,29.100000381469727,95000,0.0,29.100000381469727
2017-05-04,29.190000534057617,29.3799991607666,29.160999298095703,29.3799991607666,168900,0.0,29.3799991607666
2017-05-05,29.5,29.860000610351562,29.450000762939453,29.860000610351562,258200,0.0,29.860000610351562
2017-05-08,29.8799991607666,29.979000091552734,29.790000915527344,29.959999084472656,500600,0.0,29.959999084472656
2017-05-09,29.989999771118164,30.0,29.850000381469727,29.950000762939453,289600,0.0,29.950000762939453
2017-05-10,29.940000534057617,30.100000381469727,29.8799991607666,30.100000381469727,210400,0.0,30.100000381469727
2017-05-11,29.940000534057617,29.979999542236328,29.6299991607666,29.760000228881836,269600,0.0,29.760000228881836
2017-05-12,29.6299991607666,29.770000457763672,29.520000457763672,29.739999771118164,386800,0.0,29.739999771118164
2017-05-15,31.0,31.0,30.43000030517578,30.690000534057617,2912300,0.0,30.690000534057617
2017-05-16,30.850000381469727,30.850000381469727,30.530000686645508,30.649999618530273,1011900,0.0,30.649999618530273
2017-05-17,30.5,30.5,29.799999237060547,29.799999237060547,986000,0.0,29.799999237060547
2017-05-18,29.770000457763672,29.860000610351562,29.5,29.690000534057617,531400,0.0,29.690000534057617
2017-05-19,29.889999389648438,29.979999542236328,29.790000915527344,29.850000381469727,429500,0.0,29.850000381469727
2017-05-22,29.860000610351562,30.290000915527344,29.860000610351562,30.25,556100,0.0,30.25
2017-05-23,30.31999969482422,30.469999313354492,30.1200008392334,30.34000015258789,414700,0.0,30.34000015258789
2017-05-24,30.399999618530273,30.43000030517578,30.260000228881836,30.43000030517578,400800,0.0,30.43000030517578
2017-05-25,30.549999237060547,30.68000030517578,30.469999313354492,30.489999771118164,635300,0.0,30.489999771118164
2017-05-26,30.440000534057617,30.489999771118164,30.299999237060547,30.459999084472656,397900,0.0,30.459999084472656
2017-05-30,30.5,30.75,30.34000015258789,30.3700008392334,607800,0.0,30.3700008392334
2017-05-31,30.489999771118164,30.489999771118164,30.054000854492188,30.329999923706055,260300,0.0,30.329999923706055
2017-06-01,30.670000076293945,31.0,30.610000610351562,31.0,334100,0.0,31.0
2017-06-02,30.969999313354492,31.190000534057617,30.950000762939453,31.100000381469727,531900,0.0,31.100000381469727
2017-06-05,31.200000762939453,31.260000228881836,31.10300064086914,31.139999389648438,344000,0.0,31.139999389648438
2017-06-06,31.100000381469727,31.260000228881836,30.917999267578125,31.1299991607666,338300,0.0,31.1299991607666
2017-06-07,31.309999465942383,31.350000381469727,30.950000762939453,31.110000610351562,538000,0.0,31.110000610351562
2017-06-08,31.149999618530273,31.31999969482422,30.950000762939453,31.290000915527344,327500,0.0,31.290000915527344
2017-06-09,31.299999237060547,31.350000381469727,30.06999969482422,30.329999923706055,741800,0.0,30.329999923706055
2017-06-12,30.200000762939453,30.3700008392334,29.610000610351562,30.309999465942383,489000,0.0,30.309999465942383
2017-06-13,30.40999984741211,30.510000228881836,30.238000869750977,30.489999771118164,354900,0.0,30.489999771118164
2017-06-14,30.600000381469727,30.600000381469727,30.09000015258789,30.290000915527344,768100,0.0,30.290000915527344
2017-06-15,30.0,30.1299991607666,29.850000381469727,30.079999923706055,289600,0.0,30.079999923706055
2017-06-16,30.110000610351562,30.110000610351562,29.81999969482422,29.969999313354492,449100,0.0,29.969999313354492
2017-06-19,30.25,30.270000457763672,30.0,30.229999542236328,299800,0.0,30.229999542236328
2017-06-20,30.299999237060547,30.34000015258789,29.899999618530273,29.899999618530273,227700,0.0,29.899999618530273
2017-06-21,29.969999313354492,30.209999084472656,29.950000762939453,30.110000610351562,250600,0.0,30.110000610351562
2017-06-22,30.18000030517578,30.440000534057617,30.167999267578125,30.360000610351562,371500,0.0,30.360000610351562
2017-06-23,30.399999618530273,30.559999465942383,30.260000228881836,30.530000686645508,267200,0.0,30.530000686645508
2017-06-26,30.6200008392334,30.719999313354492,30.35099983215332,30.399999618530273,249200,0.0,30.399999618530273
2017-06-27,30.3700008392334,30.479999542236328,30.030000686645508,30.040000915527344,812900,0.0,30.040000915527344
2017-06-28,30.09000015258789,30.549999237060547,29.979999542236328,30.510000228881836,526300,0.0,30.510000228881836
2017-06-29,30.489999771118164,30.489999771118164,29.700000762939453,29.959999084472656,451900,0.0,29.959999084472656
2017-06-30,30.010000228881836,30.15999984741211,29.920000076293945,30.020000457763672,188000,0.0,30.020000457763672
2017-07-03,30.059999465942383,30.15999984741211,29.75,29.790000915527344,188100,0.0,29.790000915527344
2017-07-05,29.739999771118164,30.009000778198242,29.729999542236328,29.93000030517578,289000,0.0,29.93000030517578
2017-07-06,29.739999771118164,29.770000457763672,29.469999313354492,29.5,260900,0.0,29.5
2017-07-07,29.670000076293945,30.100000381469727,29.610000610351562,30.079999923706055,232600,0.0,30.079999923706055
2017-07-10,30.079999923706055,30.25,29.979999542236328,30.15999984741211,376200,0.0,30.15999984741211
2017-07-11,30.040000915527344,30.3700008392334,30.010000228881836,30.350000381469727,463500,0.0,30.350000381469727
2017-07-12,30.469999313354492,30.75,30.40999984741211,30.690000534057617,333900,0.0,30.690000534057617
2017-07-13,30.729999542236328,30.739999771118164,30.549999237060547,30.65999984741211,275900,0.0,30.65999984741211
2017-07-14,30.280000686645508,30.3799991607666,30.1299991607666,30.350000381469727,403900,0.0,30.350000381469727
2017-07-17,30.3799991607666,30.440000534057617,30.239999771118164,30.40999984741211,236200,0.0,30.40999984741211
2017-07-18,30.329999923706055,30.450000762939453,30.184999465942383,30.450000762939453,194500,0.0,30.450000762939453
2017-07-19,30.520000457763672,30.8700008392334,30.450000762939453,30.799999237060547,333200,0.0,30.799999237060547
2017-07-20,30.75,30.75,30.56999969482422,30.700000762939453,227900,0.0,30.700000762939453
2017-07-21,30.68000030517578,30.68000030517578,30.3700008392334,30.3799991607666,406500,0.0,30.3799991607666
2017-07-24,30.309999465942383,30.37700080871582,30.184999465942383,30.360000610351562,488900,0.0,30.360000610351562
2017-07-25,30.290000915527344,30.643999099731445,30.28499984741211,30.56999969482422,161600,0.0,30.56999969482422
2017-07-26,30.459999084472656,30.459999084472656,30.1200008392334,30.200000762939453,221300,0.0,30.200000762939453
2017-07-27,30.079999923706055,30.22100067138672,29.3799991607666,29.709999084472656,393100,0.0,29.709999084472656
2017-07-28,29.770000457763672,29.770000457763672,29.520000457763672,29.520000457763672,238300,0.0,29.520000457763672
2017-07-31,29.59000015258789,29.59000015258789,29.150999069213867,29.239999771118164,340200,0.0,29.239999771118164
2017-08-01,29.34000015258789,29.530000686645508,29.25,29.469999313354492,507900,0.0,29.469999313354492
2017-08-02,29.59000015258789,29.6299991607666,29.014999389648438,29.149999618530273,388200,0.0,29.149999618530273
2017-08-03,29.270000457763672,29.46500015258789,29.229999542236328,29.3700008392334,255600,0.0,29.3700008392334
2017-08-04,29.399999618530273,29.459999084472656,29.280000686645508,29.290000915527344,233700,0.0,29.290000915527344
2017-08-07,29.34000015258789,29.399999618530273,29.18000030517578,29.350000381469727,174200,0.0,29.350000381469727
2017-08-08,29.299999237060547,29.40999984741211,29.04800033569336,29.09000015258789,273300,0.0,29.09000015258789
2017-08-09,29.0,29.100000381469727,28.8799991607666,29.040000915527344,222000,0.0,29.040000915527344
2017-08-10,28.90999984741211,28.959999084472656,28.3799991607666,28.3799991607666,508000,0.0,28.3799991607666
2017-08-11,28.420000076293945,28.731000900268555,28.420000076293945,28.709999084472656,337300,0.0,28.709999084472656
2017-08-14,28.799999237060547,29.049999237060547,28.799999237060547,29.049999237060547,235000,0.0,29.049999237060547
2017-08-15,29.079999923706055,29.100000381469727,28.920000076293945,28.959999084472656,160900,0.0,28.959999084472656
2017-08-16,28.979999542236328,29.22599983215332,28.979999542236328,29.190000534057617,169900,0.0,29.190000534057617
2017-08-17,29.1200008392334,29.134000778198242,28.639999389648438,28.639999389648438,331200,0.0,28.639999389648438
2017-08-18,28.6200008392334,28.739999771118164,28.520000457763672,28.639999389648438,238100,0.0,28.639999389648438
2017-08-21,28.639999389648438,28.690000534057617,28.5,28.65999984741211,187400,0.0,28.65999984741211
2017-08-22,28.770000457763672,29.049999237060547,28.770000457763672,29.030000686645508,160400,0.0,29.030000686645508
2017-08-23,28.8799991607666,29.020000457763672,28.84000015258789,28.8700008392334,132900,0.0,28.8700008392334
2017-08-24,29.030000686645508,29.18000030517578,29.0,29.110000610351562,139300,0.0,29.110000610351562
2017-08-25,29.350000381469727,29.413999557495117,29.100000381469727,29.100000381469727,107600,0.0,29.100000381469727
2017-08-28,29.110000610351562,29.170000076293945,29.020000457763672,29.15999984741211,285400,0.0,29.15999984741211
2017-08-29,28.979999542236328,29.18000030517578,28.860000610351562,29.1299991607666,175400,0.0,29.1299991607666
2017-08-30,29.100000381469727,29.469999313354492,29.079999923706055,29.469999313354492,163800,0.0,29.469999313354492
2017-08-31,29.510000228881836,29.780000686645508,29.510000228881836,29.739999771118164,292200,0.0,29.739999771118164
2017-09-01,29.979999542236328,30.040000915527344,29.850000381469727,30.010000228881836,181900,0.0,30.010000228881836
2017-09-05,29.809999465942383,29.959999084472656,29.459999084472656,29.639999389648438,246100,0.0,29.639999389648438
2017-09-06,29.719999313354492,29.780000686645508,29.549999237060547,29.700000762939453,185000,0.0,29.700000762939453
2017-09-07,29.81999969482422,29.916000366210938,29.759000778198242,29.829999923706055,200700,0.0,29.829999923706055
2017-09-08,30.200000762939453,30.229999542236328,29.795000076293945,29.829999923706055,409700,0.0,29.829999923706055
2017-09-11,30.100000381469727,30.299999237060547,30.030000686645508,30.219999313354492,367800,0.0,30.219999313354492
2017-09-12,30.260000228881836,30.350000381469727,30.16900062561035,30.350000381469727,202300,0.0,30.350000381469727
2017-09-13,30.360000610351562,30.3700008392334,30.190000534057617,30.200000762939453,126500,0.0,30.200000762939453
2017-09-14,30.200000762939453,30.26099967956543,29.985000610351562,30.190000534057617,264500,0.0,30.190000534057617
2017-09-15,30.15999984741211,30.242000579833984,30.049999237060547,30.15999984741211,296900,0.0,30.15999984741211
2017-09-18,30.149999618530273,30.290000915527344,30.121999740600586,30.260000228881836,184700,0.0,30.260000228881836
2017-09-19,30.290000915527344,30.3799991607666,30.219999313354492,30.31999969482422,152600,0.0,30.31999969482422
2017-09-20,30.31999969482422,30.31999969482422,30.030000686645508,30.209999084472656,229100,0.0,30.209999084472656
2017-09-21,30.229999542236328,30.25,29.989999771118164,30.079999923706055,266600,0.0,30.079999923706055
2017-09-22,30.09000015258789,30.290000915527344,30.040000915527344,30.270000457763672,174900,0.0,30.270000457763672
2017-09-25,30.170000076293945,30.204999923706055,29.709999084472656,29.81999969482422,860700,0.0,29.81999969482422
2017-09-26,29.90999984741211,30.030000686645508,29.790000915527344,29.84000015258789,316500,0.0,29.84000015258789
2017-09-27,29.959999084472656,30.270000457763672,29.959999084472656,30.110000610351562,183500,0.0,30.110000610351562
2017-09-28,30.170000076293945,30.170000076293945,29.950000762939453,29.979999542236328,160000,0.0,29.979999542236328
2017-09-29,30.059999465942383,30.190000534057617,30.020000457763672,30.100000381469727,124000,0.0,30.100000381469727
2017-10-02,30.049999237060547,30.388999938964844,30.020000457763672,30.34000015258789,234100,0.0,30.34000015258789
2017-10-03,30.34000015258789,30.5,30.34000015258789,30.489999771118164,702100,0.0,30.489999771118164
2017-10-04,30.520000457763672,30.674999237060547,30.420000076293945,30.670000076293945,183900,0.0,30.670000076293945
2017-10-05,30.709999084472656,30.920000076293945,30.65999984741211,30.920000076293945,193500,0.0,30.920000076293945
2017-10-06,30.899999618530273,31.040000915527344,30.739999771118164,31.040000915527344,253500,0.0,31.040000915527344
2017-10-09,31.100000381469727,31.100000381469727,30.76300048828125,30.84000015258789,296000,0.0,30.84000015258789
2017-10-10,30.8799991607666,30.90999984741211,30.594999313354492,30.65999984741211,264700,0.0,30.65999984741211
2017-10-11,30.520000457763672,30.520000457763672,30.35099983215332,30.43000030517578,305900,0.0,30.43000030517578
2017-10-12,30.329999923706055,30.389999389648438,30.200000762939453,30.270000457763672,231100,0.0,30.270000457763672
2017-10-13,30.420000076293945,30.44099998474121,30.299999237060547,30.399999618530273,249500,0.0,30.399999618530273
2017-10-16,30.389999389648438,30.389999389648438,30.209999084472656,30.25,255700,0.0,30.25
2017-10-17,30.170000076293945,30.290000915527344,30.1200008392334,30.149999618530273,205100,0.0,30.149999618530273
2017-10-18,30.18000030517578,30.325000762939453,30.110000610351562,30.280000686645508,351600,0.0,30.280000686645508
2017-10-19,30.170000076293945,30.329999923706055,30.079999923706055,30.31999969482422,229200,0.0,30.31999969482422
2017-10-20,30.469999313354492,30.649999618530273,30.469999313354492,30.610000610351562,364100,0.0,30.610000610351562
2017-10-23,30.690000534057617,30.75,30.47100067138672,30.479999542236328,289800,0.0,30.479999542236328
2017-10-24,30.530000686645508,30.62299919128418,30.440000534057617,30.540000915527344,161100,0.0,30.540000915527344
2017-10-25,30.59000015258789,30.7450008392334,30.290000915527344,30.399999618530273,240200,0.0,30.399999618530273
2017-10-26,30.489999771118164,30.559999465942383,30.399999618530273,30.540000915527344,288400,0.0,30.540000915527344
2017-10-27,30.600000381469727,30.81999969482422,30.559999465942383,30.6299991607666,263700,0.0,30.6299991607666
2017-10-30,30.600000381469727,30.6299991607666,30.420000076293945,30.579999923706055,394800,0.0,30.579999923706055
2017-10-31,30.59000015258789,30.832000732421875,30.59000015258789,30.729999542236328,415500,0.0,30.729999542236328
2017-11-01,30.81999969482422,30.84000015258789,30.440000534057617,30.56999969482422,299400,0.0,30.56999969482422
2017-11-02,30.34000015258789,30.389999389648438,30.1200008392334,30.3700008392334,313600,0.0,30.3700008392334
2017-11-03,30.229999542236328,30.399999618530273,30.149999618530273,30.399999618530273,181200,0.0,30.399999618530273
2017-11-06,30.31999969482422,30.461999893188477,30.31999969482422,30.389999389648438,207900,0.0,30.389999389648438
2017-11-07,30.450000762939453,30.48900032043457,30.100000381469727,30.149999618530273,179400,0.0,30.149999618530273
2017-11-08,30.170000076293945,30.45599937438965,30.15999984741211,30.40999984741211,120100,0.0,30.40999984741211
2017-11-09,30.229999542236328,30.260000228881836,29.81100082397461,30.0,307500,0.0,30.0
2017-11-10,29.90999984741211,30.0,29.860000610351562,29.959999084472656,143700,0.0,29.959999084472656
2017-11-13,29.760000228881836,29.850000381469727,29.549999237060547,29.719999313354492,179200,0.0,29.719999313354492
2017-11-14,29.6200008392334,29.799999237060547,29.6200008392334,29.770000457763672,192700,0.0,29.770000457763672
2017-11-15,29.600000381469727,29.799999237060547,29.500999450683594,29.649999618530273,156900,0.0,29.649999618530273
2017-11-16,29.899999618530273,30.299999237060547,29.860000610351562,30.200000762939453,144300,0.0,30.200000762939453
2017-11-17,30.299999237060547,30.420000076293945,30.209999084472656,30.420000076293945,463800,0.0,30.420000076293945
2017-11-20,30.3700008392334,30.68899917602539,30.3700008392334,30.6299991607666,484200,0.0,30.6299991607666
2017-11-21,30.950000762939453,31.15999984741211,30.899999618530273,31.06999969482422,437700,0.0,31.06999969482422
2017-11-22,31.15999984741211,31.329999923706055,31.149999618530273,31.239999771118164,220800,0.0,31.239999771118164
2017-11-24,31.309999465942383,31.339000701904297,31.214000701904297,31.329999923706055,86500,0.0,31.329999923706055
2017-11-27,31.450000762939453,31.719999313354492,31.450000762939453,31.530000686645508,476200,0.0,31.530000686645508
2017-11-28,31.5,31.690000534057617,31.420000076293945,31.6299991607666,225200,0.0,31.6299991607666
2017-11-29,31.649999618530273,31.809999465942383,31.246999740600586,31.31999969482422,235000,0.0,31.31999969482422
2017-11-30,31.299999237060547,31.479999542236328,31.18000030517578,31.40999984741211,237000,0.0,31.40999984741211
2017-12-01,31.399999618530273,31.399999618530273,30.8799991607666,31.389999389648438,210300,0.0,31.389999389648438
2017-12-04,31.559999465942383,31.729999542236328,30.850000381469727,30.850000381469727,255100,0.0,30.850000381469727
2017-12-05,30.850000381469727,30.959999084472656,30.649999618530273,30.65999984741211,508000,0.0,30.65999984741211
2017-12-06,30.59000015258789,30.739999771118164,30.559999465942383,30.639999389648438,230700,0.0,30.639999389648438
2017-12-07,30.6299991607666,31.010000228881836,30.6299991607666,30.969999313354492,179800,0.0,30.969999313354492
2017-12-08,31.1299991607666,31.40999984741211,31.1299991607666,31.170000076293945,266000,0.0,31.170000076293945
2017-12-11,31.329999923706055,31.40999984741211,31.110000610351562,31.389999389648438,311500,0.0,31.389999389648438
2017-12-12,31.360000610351562,31.459999084472656,31.209999084472656,31.25,138700,0.0,31.25
2017-12-13,31.270000457763672,31.5,31.270000457763672,31.34000015258789,206400,0.0,31.34000015258789
2017-12-14,31.3799991607666,31.5,31.33799934387207,31.34000015258789,207100,0.0,31.34000015258789
2017-12-15,31.3799991607666,31.715999603271484,31.368999481201172,31.6200008392334,209900,0.0,31.6200008392334
2017-12-18,31.969999313354492,32.220001220703125,31.969999313354492,32.04999923706055,302500,0.0,32.04999923706055
2017-12-19,32.060001373291016,32.5,32.0,32.11000061035156,497300,0.0,32.11000061035156
2017-12-20,32.15999984741211,32.15999984741211,31.829999923706055,31.93000030517578,280600,0.0,31.93000030517578
2017-12-21,31.940000534057617,32.025001525878906,31.829999923706055,31.84000015258789,174800,0.0,31.84000015258789
2017-12-22,31.860000610351562,31.90999984741211,31.709999084472656,31.739999771118164,284000,0.0,31.739999771118164
2017-12-26,31.739999771118164,31.84000015258789,31.649999618530273,31.739999771118164,91200,0.004,31.739999771118164
2017-12-27,31.780000686645508,31.878999710083008,31.719999313354492,31.829999923706055,108200,0.0,31.829999923706055
2017-12-28,31.899999618530273,31.899999618530273,31.725000381469727,31.84000015258789,197400,0.0,31.84000015258789
2017-12-29,31.93000030517578,31.93000030517578,31.639999389648438,31.639999389648438,130900,0.0,31.639999389648438
2018-01-02,31.729999542236328,32.15999984741211,31.729999542236328,32.15999984741211,189700,0.0,32.15999984741211
2018-01-03,32.209999084472656,32.47999954223633,32.19499969482422,32.47999954223633,353100,0.0,32.47999954223633
2018-01-04,32.619998931884766,32.766998291015625,32.599998474121094,32.630001068115234,607500,0.0,32.630001068115234
2018-01-05,32.75,32.79999923706055,32.599998474121094,32.720001220703125,323600,0.0,32.720001220703125
2018-01-08,32.77000045776367,33.02000045776367,32.66999816894531,33.0099983215332,240200,0.0,33.0099983215332
2018-01-09,32.97999954223633,33.025001525878906,32.73899841308594,32.939998626708984,235700,0.0,32.939998626708984
2018-01-10,32.86000061035156,32.900001525878906,32.74300003051758,32.86000061035156,222500,0.0,32.86000061035156
2018-01-11,32.86000061035156,33.18000030517578,32.86000061035156,33.18000030517578,429300,0.0,33.18000030517578
2018-01-12,33.220001220703125,33.38999938964844,33.09000015258789,33.38999938964844,784100,0.0,33.38999938964844
2018-01-16,33.34000015258789,33.619998931884766,32.810001373291016,32.88999938964844,330200,0.0,32.88999938964844
2018-01-17,32.959999084472656,33.15999984741211,32.86000061035156,33.130001068115234,202300,0.0,33.130001068115234
2018-01-18,33.0,33.13999938964844,32.95000076293945,33.04999923706055,145300,0.0,33.04999923706055
2018-01-19,33.13999938964844,33.25,33.119998931884766,33.220001220703125,175200,0.0,33.220001220703125
2018-01-22,33.22999954223633,33.2400016784668,33.0,33.2400016784668,296900,0.0,33.2400016784668
2018-01-23,33.2599983215332,33.45899963378906,33.20000076293945,33.45000076293945,182200,0.0,33.45000076293945
2018-01-24,33.459999084472656,33.599998474121094,33.22999954223633,33.33000183105469,274800,0.0,33.33000183105469
2018-01-25,33.400001525878906,33.41999816894531,33.165000915527344,33.2400016784668,119900,0.0,33.2400016784668
2018-01-26,33.380001068115234,33.709999084472656,33.36000061035156,33.689998626708984,208600,0.0,33.689998626708984
2018-01-29,33.650001525878906,33.72999954223633,33.47999954223633,33.5,148500,0.0,33.5
2018-01-30,33.400001525878906,33.459999084472656,33.2400016784668,33.290000915527344,140500,0.0,33.290000915527344
2018-01-31,33.119998931884766,33.34400177001953,33.095001220703125,33.18000030517578,153500,0.0,33.18000030517578
2018-02-01,33.0099983215332,33.5,32.98099899291992,33.369998931884766,152300,0.0,33.369998931884766
2018-02-02,33.18000030517578,33.18000030517578,32.7599983215332,32.7599983215332,153100,0.0,32.7599983215332
2018-02-05,32.459999084472656,32.895999908447266,31.65999984741211,31.690000534057617,419100,0.0,31.690000534057617
2018-02-06,31.15999984741211,32.18600082397461,30.760000228881836,32.099998474121094,715200,0.0,32.099998474121094
2018-02-07,32.13999938964844,32.2599983215332,31.8700008392334,31.959999084472656,164900,0.0,31.959999084472656
2018-02-08,31.649999618530273,31.79800033569336,30.90999984741211,30.950000762939453,216700,0.0,30.950000762939453
2018-02-09,31.3799991607666,31.940000534057617,30.541000366210938,31.719999313354492,641700,0.0,31.719999313354492
2018-02-12,31.8700008392334,32.119998931884766,31.6299991607666,31.989999771118164,143400,0.0,31.989999771118164
2018-02-13,31.850000381469727,32.459999084472656,31.850000381469727,32.41999816894531,182100,0.0,32.41999816894531
2018-02-14,32.310001373291016,33.040000915527344,32.275001525878906,33.0,281500,0.0,33.0
2018-02-15,33.40999984741211,33.84000015258789,33.290000915527344,33.790000915527344,294000,0.0,33.790000915527344
2018-02-16,33.86000061035156,34.099998474121094,33.827999114990234,33.86000061035156,349700,0.0,33.86000061035156
2018-02-20,33.869998931884766,34.18000030517578,33.709999084472656,33.88999938964844,188800,0.0,33.88999938964844
2018-02-21,34.0,34.44200134277344,33.86000061035156,33.88999938964844,250200,0.0,33.88999938964844
2018-02-22,34.060001373291016,34.16999816894531,33.779998779296875,33.83000183105469,200200,0.0,33.83000183105469
2018-02-23,33.9900016784668,34.25,33.869998931884766,34.22999954223633,112900,0.0,34.22999954223633
2018-02-26,34.459999084472656,34.650001525878906,34.310001373291016,34.63999938964844,357400,0.0,34.63999938964844
2018-02-27,34.790000915527344,34.86000061035156,34.349998474121094,34.349998474121094,450700,0.0,34.349998474121094
2018-02-28,34.5099983215332,34.63999938964844,34.13999938964844,34.13999938964844,234700,0.0,34.13999938964844
2018-03-01,34.099998474121094,34.29999923706055,33.599998474121094,33.900001525878906,253000,0.0,33.900001525878906
2018-03-02,33.7599983215332,34.83000183105469,33.7599983215332,34.790000915527344,427400,0.0,34.790000915527344
2018-03-05,34.61000061035156,35.119998931884766,34.529998779296875,35.02000045776367,298800,0.0,35.02000045776367
2018-03-06,35.150001525878906,35.31100082397461,35.040000915527344,35.2400016784668,206800,0.0,35.2400016784668
2018-03-07,34.9900016784668,35.540000915527344,34.90999984741211,35.5,1367000,0.0,35.5
2018-03-08,35.84000015258789,35.90999984741211,35.619998931884766,35.90999984741211,276400,0.0,35.90999984741211
2018-03-09,36.150001525878906,36.2599983215332,36.018001556396484,36.18000030517578,388000,0.0,36.18000030517578
2018-03-12,36.290000915527344,36.310001373291016,36.060001373291016,36.18000030517578,271800,0.0,36.18000030517578
2018-03-13,36.31999969482422,36.38999938964844,35.81100082397461,35.900001525878906,239400,0.0,35.900001525878906
2018-03-14,35.959999084472656,36.099998474121094,35.79100036621094,35.880001068115234,239500,0.0,35.880001068115234
2018-03-15,36.0,36.209999084472656,35.83000183105469,35.970001220703125,202000,0.0,35.970001220703125
2018-03-16,36.04999923706055,36.16999816894531,35.70000076293945,35.70000076293945,442000,0.0,35.70000076293945
2018-03-19,35.4900016784668,35.4900016784668,34.55099868774414,34.93000030517578,435100,0.0,34.93000030517578
2018-03-20,34.849998474121094,35.130001068115234,34.83000183105469,35.08000183105469,167200,0.0,35.08000183105469
2018-03-21,35.16999816894531,35.54899978637695,35.15399932861328,35.29999923706055,151400,0.0,35.29999923706055
2018-03-22,35.0,35.20899963378906,34.599998474121094,34.630001068115234,221200,0.0,34.630001068115234
2018-03-23,34.61000061035156,34.650001525878906,33.900001525878906,33.90999984741211,195800,0.0,33.90999984741211
2018-03-26,34.38999938964844,34.779998779296875,34.16999816894531,34.72999954223633,336100,0.0,34.72999954223633
2018-03-27,34.91999816894531,35.040000915527344,33.779998779296875,33.939998626708984,541100,0.0,33.939998626708984
2018-03-28,33.95000076293945,34.06999969482422,33.52000045776367,33.619998931884766,320500,0.0,33.619998931884766
2018-03-29,33.900001525878906,34.5,33.790000915527344,34.27000045776367,219500,0.0,34.27000045776367
2018-04-02,34.400001525878906,34.49100112915039,33.75,33.970001220703125,217500,0.0,33.970001220703125
2018-04-03,34.11000061035156,34.52199935913086,34.055999755859375,34.470001220703125,413100,0.0,34.470001220703125
2018-04-04,33.9900016784668,34.959999084472656,33.83000183105469,34.900001525878906,302200,0.0,34.900001525878906
2018-04-05,35.16999816894531,35.54999923706055,35.16999816894531,35.38999938964844,348200,0.0,35.38999938964844
2018-04-06,35.16999816894531,35.459999084472656,34.630001068115234,34.810001373291016,257000,0.0,34.810001373291016
2018-04-09,34.970001220703125,35.349998474121094,34.84000015258789,34.86000061035156,289200,0.0,34.86000061035156
2018-04-10,35.220001220703125,35.52000045776367,34.970001220703125,35.38999938964844,244500,0.0,35.38999938964844
2018-04-11,35.11000061035156,35.83000183105469,35.099998474121094,35.56999969482422,254700,0.0,35.56999969482422
2018-04-12,35.77000045776367,36.185001373291016,35.650001525878906,36.08000183105469,392200,0.0,36.08000183105469
2018-04-13,36.2400016784668,36.27000045776367,35.779998779296875,35.95000076293945,398900,0.0,35.95000076293945
2018-04-16,36.060001373291016,36.47999954223633,36.029998779296875,36.31999969482422,475000,0.0,36.31999969482422
2018-04-17,36.41999816894531,37.012001037597656,36.38999938964844,36.90999984741211,1171200,0.0,36.90999984741211
2018-04-18,36.939998626708984,37.13199996948242,36.68000030517578,37.040000915527344,468800,0.0,37.040000915527344
2018-04-19,36.939998626708984,37.060001373291016,36.810001373291016,36.970001220703125,664700,0.0,36.970001220703125
2018-04-20,36.93000030517578,36.97999954223633,36.56999969482422,36.68000030517578,320200,0.0,36.68000030517578
2018-04-23,36.66999816894531,36.880001068115234,36.47999954223633,36.619998931884766,371700,0.0,36.619998931884766
2018-04-24,36.790000915527344,37.04399871826172,36.06800079345703,36.369998931884766,422300,0.0,36.369998931884766
2018-04-25,36.22999954223633,36.22999954223633,35.5099983215332,36.0,607600,0.0,36.0
2018-04-26,36.08000183105469,36.560001373291016,36.08000183105469,36.41999816894531,149400,0.0,36.41999816894531
2018-04-27,36.43000030517578,36.619998931884766,35.97999954223633,36.11000061035156,265100,0.0,36.11000061035156
2018-04-30,36.189998626708984,36.290000915527344,35.95000076293945,36.09000015258789,207900,0.0,36.09000015258789
2018-05-01,36.08000183105469,36.189998626708984,35.77000045776367,36.13999938964844,240800,0.0,36.13999938964844
2018-05-02,36.20000076293945,36.459999084472656,36.08100128173828,36.20000076293945,399300,0.0,36.20000076293945
2018-05-03,36.04999923706055,36.154998779296875,35.599998474121094,36.09000015258789,316900,0.0,36.09000015258789
2018-05-04,35.900001525878906,36.619998931884766,35.790000915527344,36.47999954223633,310900,0.0,36.47999954223633
2018-05-07,36.56999969482422,37.029998779296875,36.46500015258789,36.91999816894531,254200,0.0,36.91999816894531
2018-05-08,36.90999984741211,37.439998626708984,36.90999984741211,37.38999938964844,292100,0.0,37.38999938964844
2018-05-09,37.529998779296875,37.939998626708984,37.47999954223633,37.90999984741211,516300,0.0,37.90999984741211
2018-05-10,38.029998779296875,38.33000183105469,37.93000030517578,38.20000076293945,397700,0.0,38.20000076293945
2018-05-11,37.59000015258789,37.650001525878906,37.27000045776367,37.400001525878906,553700,0.0,37.400001525878906
2018-05-14,37.529998779296875,37.68899917602539,37.08000183105469,37.189998626708984,429300,0.0,37.189998626708984
2018-05-15,37.040000915527344,37.16999816894531,36.779998779296875,37.16699981689453,317300,0.0,37.16699981689453
2018-05-16,37.099998474121094,37.209999084472656,36.939998626708984,37.09000015258789,300900,0.0,37.09000015258789
2018-05-17,37.11000061035156,37.310001373291016,36.970001220703125,37.207000732421875,344200,0.0,37.207000732421875
2018-05-18,37.209999084472656,37.40999984741211,37.13999938964844,37.290000915527344,373300,0.0,37.290000915527344
2018-05-21,37.4900016784668,37.61000061035156,37.16899871826172,37.38999938964844,442400,0.0,37.38999938964844
2018-05-22,37.47999954223633,37.47999954223633,37.0,37.029998779296875,301100,0.0,37.029998779296875
2018-05-23,36.84000015258789,37.209999084472656,36.689998626708984,37.15999984741211,196200,0.0,37.15999984741211
2018-05-24,37.22999954223633,37.4900016784668,37.099998474121094,37.45000076293945,254500,0.0,37.45000076293945
2018-05-25,37.459999084472656,37.52000045776367,37.290000915527344,37.34000015258789,520400,0.0,37.34000015258789
2018-05-29,37.189998626708984,37.349998474121094,37.0,37.209999084472656,532500,0.0,37.209999084472656
2018-05-30,37.349998474121094,37.75,37.290000915527344,37.66999816894531,300200,0.0,37.66999816894531
2018-05-31,37.7400016784668,37.88999938964844,37.452999114990234,37.5,541600,0.0,37.5
2018-06-01,37.619998931884766,37.810001373291016,37.58000183105469,37.7599983215332,226200,0.0,37.7599983215332
2018-06-04,37.95000076293945,37.970001220703125,37.65999984741211,37.91999816894531,499700,0.0,37.91999816894531
2018-06-05,38.0099983215332,38.279998779296875,37.91999816894531,38.279998779296875,373600,0.0,38.279998779296875
2018-06-06,38.33000183105469,38.5,38.180999755859375,38.5,334600,0.0,38.5
2018-06-07,38.529998779296875,38.619998931884766,37.77000045776367,38.060001373291016,895600,0.0,38.060001373291016
2018-06-08,38.040000915527344,38.439998626708984,38.0,38.41999816894531,256600,0.0,38.41999816894531
2018-06-11,38.43000030517578,38.638999938964844,38.279998779296875,38.58000183105469,285000,0.0,38.58000183105469
2018-06-12,38.650001525878906,39.11000061035156,38.560001373291016,39.099998474121094,321200,0.0,39.099998474121094
2018-06-13,39.11000061035156,39.279998779296875,38.88800048828125,39.04999923706055,382900,0.0,39.04999923706055
2018-06-14,39.209999084472656,39.66999816894531,39.20000076293945,39.36000061035156,1415600,0.0,39.36000061035156
2018-06-15,39.029998779296875,39.2599983215332,38.810001373291016,39.02000045776367,311500,0.0,39.02000045776367
2018-06-18,38.79999923706055,39.220001220703125,38.72999954223633,39.18000030517578,330000,0.0,39.18000030517578
2018-06-19,38.779998779296875,38.88999938964844,38.290000915527344,38.7400016784668,435700,0.0,38.7400016784668
2018-06-20,38.97999954223633,39.11000061035156,38.810001373291016,38.84000015258789,228400,0.0,38.84000015258789
2018-06-21,38.88999938964844,39.0,38.349998474121094,38.470001220703125,377300,0.0,38.470001220703125
2018-06-22,38.52000045776367,38.54999923706055,37.750999450683594,37.810001373291016,340600,0.0,37.810001373291016
2018-06-25,37.599998474121094,37.599998474121094,36.63999938964844,36.97999954223633,663000,0.0,36.97999954223633
2018-06-26,36.970001220703125,37.29499816894531,36.88999938964844,37.13999938964844,425500,0.0,37.13999938964844
2018-06-27,37.189998626708984,37.33000183105469,36.41999816894531,36.43000030517578,543700,0.0,36.43000030517578
2018-06-28,36.31999969482422,36.93000030517578,36.22999954223633,36.86000061035156,628700,0.0,36.86000061035156
2018-06-29,37.0099983215332,37.290000915527344,36.959999084472656,37.0,255000,0.0,37.0
2018-07-02,36.66999816894531,37.349998474121094,36.6150016784668,37.29999923706055,318700,0.0,37.29999923706055
2018-07-03,37.5,37.551998138427734,37.2599983215332,37.279998779296875,275500,0.0,37.279998779296875
2018-07-05,37.189998626708984,37.29999923706055,36.900001525878906,37.27000045776367,302900,0.0,37.27000045776367
2018-07-06,37.27000045776367,37.7400016784668,37.13999938964844,37.689998626708984,253100,0.0,37.689998626708984
2018-07-09,37.93000030517578,38.099998474121094,37.68000030517578,37.95000076293945,428700,0.0,37.95000076293945
2018-07-10,38.040000915527344,38.119998931884766,37.869998931884766,37.97999954223633,227100,0.0,37.97999954223633
2018-07-11,37.7599983215332,38.19900131225586,37.61000061035156,38.09000015258789,402000,0.0,38.09000015258789
2018-07-12,38.380001068115234,39.029998779296875,38.380001068115234,38.970001220703125,476900,0.0,38.970001220703125
2018-07-13,39.060001373291016,39.13999938964844,38.7599983215332,38.91999816894531,1197500,0.0,38.91999816894531
2018-07-16,38.9900016784668,39.060001373291016,38.7400016784668,38.83000183105469,384300,0.0,38.83000183105469
2018-07-17,38.779998779296875,39.27000045776367,38.619998931884766,39.209999084472656,513500,0.0,39.209999084472656
2018-07-18,39.209999084472656,39.349998474121094,39.02000045776367,39.349998474121094,219800,0.0,39.349998474121094
2018-07-19,39.290000915527344,39.34000015258789,39.099998474121094,39.2599983215332,264800,0.0,39.2599983215332
2018-07-20,39.09000015258789,39.40999984741211,39.09000015258789,39.27000045776367,223100,0.0,39.27000045776367
2018-07-23,39.220001220703125,39.25,38.83000183105469,39.18000030517578,231500,0.0,39.18000030517578
2018-07-24,39.2599983215332,39.45000076293945,38.36000061035156,38.58000183105469,309700,0.0,38.58000183105469
2018-07-25,38.72999954223633,39.13999938964844,38.61000061035156,39.08000183105469,210300,0.0,39.08000183105469
2018-07-26,39.150001525878906,39.150001525878906,38.689998626708984,38.959999084472656,318400,0.0,38.959999084472656
2018-07-27,38.599998474121094,38.66999816894531,37.470001220703125,37.630001068115234,397600,0.0,37.630001068115234
2018-07-30,37.79999923706055,37.79999923706055,36.38999938964844,36.66999816894531,528800,0.0,36.66999816894531
2018-07-31,36.65999984741211,36.900001525878906,36.220001220703125,36.599998474121094,376000,0.0,36.599998474121094
2018-08-01,36.5,36.70000076293945,36.380001068115234,36.61000061035156,240300,0.0,36.61000061035156
2018-08-02,36.540000915527344,37.45500183105469,36.52000045776367,37.43000030517578,240700,0.0,37.43000030517578
2018-08-03,37.33000183105469,37.33000183105469,36.88999938964844,37.20000076293945,158000,0.0,37.20000076293945
2018-08-06,37.20000076293945,37.72999954223633,37.150001525878906,37.72999954223633,468500,0.0,37.72999954223633
2018-08-07,37.20000076293945,38.04999923706055,37.20000076293945,37.70000076293945,617900,0.0,37.70000076293945
2018-08-08,37.91999816894531,38.02000045776367,37.790000915527344,37.93000030517578,406200,0.0,37.93000030517578
2018-08-09,38.0099983215332,38.45000076293945,38.0099983215332,38.22999954223633,223300,0.0,38.22999954223633
2018-08-10,37.9900016784668,38.20399856567383,37.83000183105469,38.029998779296875,206000,0.0,38.029998779296875
2018-08-13,38.06999969482422,38.250999450683594,37.720001220703125,37.75,332200,0.0,37.75
2018-08-14,37.880001068115234,37.93600082397461,37.599998474121094,37.900001525878906,308200,0.0,37.900001525878906
2018-08-15,37.599998474121094,37.75,37.119998931884766,37.5099983215332,240500,0.0,37.5099983215332
2018-08-16,37.869998931884766,38.060001373291016,37.779998779296875,37.939998626708984,234100,0.0,37.939998626708984
2018-08-17,37.90999984741211,38.15999984741211,37.66899871826172,38.13999938964844,226700,0.0,38.13999938964844
2018-08-20,38.27000045776367,38.290000915527344,38.0,38.18000030517578,337500,0.0,38.18000030517578
2018-08-21,38.369998931884766,38.650001525878906,38.275001525878906,38.5099983215332,164600,0.0,38.5099983215332
2018-08-22,38.45000076293945,38.90999984741211,38.38999938964844,38.869998931884766,470700,0.0,38.869998931884766
2018-08-23,38.86000061035156,39.20000076293945,38.775001525878906,39.060001373291016,286400,0.0,39.060001373291016
2018-08-24,39.31999969482422,39.93000030517578,39.25,39.90999984741211,469100,0.0,39.90999984741211
2018-08-27,40.15999984741211,40.17900085449219,39.875,40.040000915527344,486600,0.0,40.040000915527344
2018-08-28,40.130001068115234,40.25,39.97999954223633,40.189998626708984,326300,0.0,40.189998626708984
2018-08-29,40.20000076293945,40.564998626708984,40.150001525878906,40.540000915527344,284400,0.0,40.540000915527344
2018-08-30,40.52000045776367,40.52000045776367,40.15999984741211,40.18000030517578,315300,0.0,40.18000030517578
2018-08-31,40.15999984741211,40.470001220703125,40.15999984741211,40.459999084472656,210500,0.0,40.459999084472656
2018-09-04,40.459999084472656,40.540000915527344,40.047000885009766,40.540000915527344,316800,0.0,40.540000915527344
2018-09-05,40.540000915527344,40.540000915527344,39.45000076293945,39.91999816894531,403400,0.0,39.91999816894531
2018-09-06,39.91999816894531,40.0099983215332,39.66999816894531,39.869998931884766,192900,0.0,39.869998931884766
2018-09-07,39.869998931884766,40.529998779296875,39.7400016784668,40.150001525878906,322900,0.0,40.150001525878906
2018-09-10,40.34000015258789,40.34000015258789,40.060001373291016,40.290000915527344,139300,0.0,40.290000915527344
2018-09-11,40.25,40.470001220703125,40.0099983215332,40.34000015258789,331600,0.0,40.34000015258789
2018-09-12,40.279998779296875,40.45100021362305,39.779998779296875,40.400001525878906,458500,0.0,40.400001525878906
2018-09-13,40.52000045776367,40.720001220703125,40.24100112915039,40.400001525878906,320100,0.0,40.400001525878906
2018-09-14,40.529998779296875,40.720001220703125,40.36000061035156,40.58000183105469,166700,0.0,40.58000183105469
2018-09-17,40.58000183105469,40.58000183105469,39.61199951171875,39.63999938964844,334800,0.0,39.63999938964844
2018-09-18,39.63999938964844,40.04999923706055,39.56999969482422,39.93000030517578,148700,0.0,39.93000030517578
2018-09-19,40.0,40.005001068115234,39.20000076293945,39.459999084472656,252300,0.0,39.459999084472656
2018-09-20,39.560001373291016,39.75,39.380001068115234,39.59000015258789,1075500,0.0,39.59000015258789
2018-09-21,39.720001220703125,39.720001220703125,39.349998474121094,39.47999954223633,214000,0.0,39.47999954223633
2018-09-24,39.400001525878906,39.7599983215332,39.13999938964844,39.63999938964844,285700,0.0,39.63999938964844
2018-09-25,39.79999923706055,40.189998626708984,39.68000030517578,40.119998931884766,291300,0.0,40.119998931884766
2018-09-26,40.22999954223633,40.290000915527344,39.83000183105469,39.869998931884766,198200,0.0,39.869998931884766
2018-09-27,40.11000061035156,40.11000061035156,39.888999938964844,39.959999084472656,221100,0.0,39.959999084472656
2018-09-28,39.869998931884766,40.23500061035156,39.869998931884766,40.130001068115234,173900,0.0,40.130001068115234
2018-10-01,40.43000030517578,40.43000030517578,39.54499816894531,39.63999938964844,295800,0.0,39.63999938964844
2018-10-02,39.52000045776367,39.54999923706055,38.7599983215332,38.86000061035156,436900,0.0,38.86000061035156
2018-10-03,38.869998931884766,39.2599983215332,38.86000061035156,39.029998779296875,194000,0.0,39.029998779296875
2018-10-04,39.04999923706055,39.04999923706055,38.13999938964844,38.2599983215332,1155400,0.0,38.2599983215332
2018-10-05,38.40999984741211,38.44300079345703,37.625,38.02000045776367,341900,0.0,38.02000045776367
2018-10-08,37.81999969482422,37.900001525878906,36.60499954223633,37.06999969482422,399200,0.0,37.06999969482422
2018-10-09,36.93000030517578,37.279998779296875,36.709999084472656,36.86000061035156,371400,0.0,36.86000061035156
2018-10-10,37.20000076293945,37.20000076293945,35.810001373291016,35.81999969482422,1257200,0.0,35.81999969482422
2018-10-11,35.63999938964844,36.279998779296875,35.209999084472656,35.34000015258789,1081100,0.0,35.34000015258789
2018-10-12,35.959999084472656,36.540000915527344,35.77000045776367,36.27000045776367,673700,0.0,36.27000045776367
2018-10-15,36.16999816894531,36.59000015258789,35.900001525878906,36.29999923706055,347700,0.0,36.29999923706055
2018-10-16,36.45000076293945,37.59000015258789,36.45000076293945,37.5099983215332,281200,0.0,37.5099983215332
2018-10-17,37.540000915527344,37.56999969482422,37.119998931884766,37.56999969482422,256400,0.0,37.56999969482422
2018-10-18,37.56999969482422,37.56999969482422,36.720001220703125,36.91999816894531,266500,0.0,36.91999816894531
2018-10-19,37.060001373291016,37.220001220703125,36.30799865722656,36.31999969482422,217100,0.0,36.31999969482422
2018-10-22,36.5099983215332,36.89500045776367,36.36000061035156,36.790000915527344,230000,0.0,36.790000915527344
2018-10-23,36.2400016784668,36.7599983215332,35.882999420166016,36.54999923706055,262700,0.0,36.54999923706055
2018-10-24,36.5099983215332,36.709999084472656,35.08000183105469,35.08000183105469,278900,0.0,35.08000183105469
2018-10-25,35.2400016784668,35.970001220703125,35.2400016784668,35.779998779296875,321400,0.0,35.779998779296875
2018-10-26,34.84000015258789,35.29999923706055,34.27000045776367,34.810001373291016,424200,0.0,34.810001373291016
2018-10-29,35.31999969482422,35.65999984741211,33.959999084472656,34.439998626708984,558100,0.0,34.439998626708984
2018-10-30,34.63999938964844,35.150001525878906,34.41999816894531,35.09000015258789,440500,0.0,35.09000015258789
2018-10-31,35.540000915527344,36.33000183105469,35.540000915527344,36.02000045776367,271800,0.0,36.02000045776367
2018-11-01,36.27000045776367,36.84000015258789,35.97999954223633,36.75,190500,0.0,36.75
2018-11-02,36.91999816894531,37.0,36.099998474121094,36.220001220703125,241600,0.0,36.220001220703125
2018-11-05,36.36000061035156,36.54999923706055,35.720001220703125,36.16999816894531,218100,0.0,36.16999816894531
2018-11-06,36.040000915527344,36.720001220703125,35.939998626708984,36.470001220703125,185200,0.0,36.470001220703125
2018-11-07,36.540000915527344,37.38999938964844,36.540000915527344,37.36000061035156,302700,0.0,37.36000061035156
2018-11-08,37.529998779296875,37.720001220703125,37.314998626708984,37.47999954223633,329500,0.0,37.47999954223633
2018-11-09,37.380001068115234,37.380001068115234,36.29999923706055,36.689998626708984,221100,0.0,36.689998626708984
2018-11-12,36.47999954223633,36.5,35.529998779296875,35.619998931884766,250200,0.0,35.619998931884766
2018-11-13,35.709999084472656,36.04899978637695,35.415000915527344,35.619998931884766,214900,0.0,35.619998931884766
2018-11-14,35.849998474121094,36.15999984741211,35.38999938964844,35.45000076293945,155800,0.0,35.45000076293945
2018-11-15,35.40999984741211,36.310001373291016,35.38999938964844,36.18000030517578,370400,0.0,36.18000030517578
2018-11-16,36.0099983215332,36.33000183105469,35.75,36.22999954223633,90700,0.0,36.22999954223633
2018-11-19,36.18000030517578,36.209999084472656,34.5099983215332,34.540000915527344,345100,0.0,34.540000915527344
2018-11-20,33.95000076293945,34.58000183105469,33.630001068115234,33.959999084472656,671600,0.0,33.959999084472656
2018-11-21,34.209999084472656,34.83000183105469,34.16999816894531,34.52000045776367,155800,0.0,34.52000045776367
2018-11-23,34.349998474121094,35.0,34.349998474121094,34.779998779296875,93500,0.0,34.779998779296875
2018-11-26,35.099998474121094,35.518001556396484,35.064998626708984,35.5099983215332,119800,0.0,35.5099983215332
2018-11-27,35.29999923706055,35.369998931884766,34.97999954223633,35.0099983215332,198900,0.0,35.0099983215332
2018-11-28,35.27000045776367,36.22999954223633,35.20000076293945,36.22999954223633,178900,0.0,36.22999954223633
2018-11-29,36.20000076293945,36.54800033569336,35.91999816894531,36.2599983215332,352000,0.0,36.2599983215332
2018-11-30,36.470001220703125,36.63999938964844,36.2599983215332,36.560001373291016,101600,0.0,36.560001373291016
2018-12-03,37.06999969482422,37.22999954223633,36.599998474121094,36.91999816894531,220400,0.0,36.91999816894531
2018-12-04,36.810001373291016,36.88999938964844,35.650001525878906,35.70000076293945,145600,0.0,35.70000076293945
2018-12-06,35.209999084472656,36.43000030517578,35.02000045776367,36.369998931884766,428700,0.0,36.369998931884766
2018-12-07,36.349998474121094,36.61399841308594,35.12200164794922,35.400001525878906,173200,0.0,35.400001525878906
2018-12-10,35.29999923706055,35.9900016784668,35.15999984741211,35.83000183105469,282800,0.0,35.83000183105469
2018-12-11,36.22999954223633,36.43000030517578,35.41600036621094,35.70000076293945,173300,0.0,35.70000076293945
2018-12-12,36.16999816894531,36.84400177001953,36.16999816894531,36.470001220703125,365500,0.0,36.470001220703125
2018-12-13,36.54999923706055,36.689998626708984,35.900001525878906,36.09000015258789,147800,0.0,36.09000015258789
2018-12-14,35.709999084472656,35.99599838256836,35.17900085449219,35.27000045776367,107200,0.0,35.27000045776367
2018-12-17,35.130001068115234,35.25,33.75,33.91999816894531,382700,0.0,33.91999816894531
2018-12-18,34.15999984741211,34.540000915527344,34.0629997253418,34.25,305100,0.0,34.25
2018-12-19,34.27000045776367,34.939998626708984,33.689998626708984,34.029998779296875,290500,0.0,34.029998779296875
2018-12-20,33.77000045776367,34.040000915527344,32.709999084472656,33.25,564100,0.0,33.25
2018-12-21,33.33000183105469,33.400001525878906,32.0099983215332,32.15999984741211,524500,0.0,32.15999984741211
2018-12-24,31.8700008392334,32.25,31.559999465942383,31.729999542236328,441800,0.03,31.729999542236328
2018-12-26,31.8799991607666,33.31999969482422,31.81100082397461,33.27000045776367,270700,0.0,33.27000045776367
2018-12-27,32.7599983215332,33.4900016784668,32.42599868774414,33.470001220703125,279300,0.0,33.470001220703125
2018-12-28,33.720001220703125,33.95500183105469,33.16999816894531,33.5099983215332,323000,0.0,33.5099983215332
2018-12-31,33.720001220703125,33.880001068115234,33.400001525878906,33.70000076293945,314000,0.0,33.70000076293945
2019-01-02,33.29999923706055,33.779998779296875,33.16999816894531,33.5099983215332,125300,0.0,33.5099983215332
2019-01-03,33.189998626708984,33.27899932861328,32.5,32.61000061035156,310400,0.0,32.61000061035156
2019-01-04,32.97999954223633,33.939998626708984,32.97999954223633,33.720001220703125,234700,0.0,33.720001220703125
2019-01-07,33.779998779296875,34.590999603271484,33.779998779296875,34.459999084472656,340200,0.0,34.459999084472656
2019-01-08,34.790000915527344,35.189998626708984,34.518001556396484,35.189998626708984,204700,0.0,35.189998626708984
2019-01-09,35.29999923706055,35.5620002746582,35.18000030517578,35.459999084472656,283900,0.0,35.459999084472656
2019-01-10,35.279998779296875,35.47999954223633,35.01499938964844,35.40999984741211,327700,0.0,35.40999984741211
2019-01-11,35.279998779296875,35.52399826049805,35.0099983215332,35.380001068115234,434000,0.0,35.380001068115234
2019-01-14,35.13999938964844,35.189998626708984,34.869998931884766,34.959999084472656,239600,0.0,34.959999084472656
2019-01-15,35.060001373291016,35.63999938964844,35.029998779296875,35.58000183105469,100900,0.0,35.58000183105469
2019-01-16,35.65999984741211,35.84000015258789,35.30099868774414,35.5099983215332,162600,0.0,35.5099983215332
2019-01-17,35.40999984741211,36.099998474121094,35.36600112915039,35.880001068115234,288800,0.0,35.880001068115234
2019-01-18,35.790000915527344,36.05799865722656,35.58000183105469,35.86000061035156,186800,0.0,35.86000061035156
2019-01-22,35.7599983215332,35.7599983215332,35.25899887084961,35.45000076293945,321800,0.0,35.45000076293945
2019-01-23,35.66999816894531,36.130001068115234,35.43000030517578,35.65999984741211,136000,0.0,35.65999984741211
2019-01-24,35.68000030517578,36.0,35.66999816894531,35.88999938964844,102000,0.0,35.88999938964844
2019-01-25,36.18000030517578,36.54499816894531,36.10100173950195,36.45000076293945,195800,0.0,36.45000076293945
2019-01-28,36.130001068115234,36.43000030517578,35.97999954223633,36.40999984741211,269800,0.0,36.40999984741211
2019-01-29,36.45000076293945,36.56100082397461,36.17499923706055,36.36000061035156,106200,0.0,36.36000061035156
2019-01-30,36.4900016784668,36.94300079345703,36.29999923706055,36.86000061035156,152200,0.0,36.86000061035156
2019-01-31,36.95000076293945,37.68000030517578,36.95000076293945,37.4900016784668,218700,0.0,37.4900016784668
2019-02-01,37.65999984741211,38.356998443603516,37.65999984741211,38.2400016784668,270200,0.0,38.2400016784668
2019-02-04,38.2599983215332,38.84000015258789,38.2400016784668,38.83000183105469,471000,0.0,38.83000183105469
2019-02-05,38.900001525878906,39.08000183105469,38.856998443603516,38.891998291015625,247600,0.0,38.891998291015625
2019-02-06,38.90999984741211,39.0,38.4109992980957,38.7599983215332,267400,0.0,38.7599983215332
2019-02-07,38.380001068115234,38.45100021362305,37.874000549316406,38.34000015258789,192400,0.0,38.34000015258789
2019-02-08,37.88999938964844,38.45000076293945,37.75199890136719,38.43000030517578,168100,0.0,38.43000030517578
2019-02-11,38.56999969482422,38.709999084472656,38.29999923706055,38.58000183105469,224600,0.0,38.58000183105469
2019-02-12,38.810001373291016,39.15999984741211,38.72999954223633,39.150001525878906,180700,0.0,39.150001525878906
2019-02-13,39.029998779296875,39.099998474121094,38.720001220703125,38.7599983215332,237200,0.0,38.7599983215332
2019-02-14,38.83000183105469,39.52000045776367,38.83000183105469,39.380001068115234,261300,0.0,39.380001068115234
2019-02-15,39.560001373291016,39.560001373291016,39.16999816894531,39.36000061035156,270400,0.0,39.36000061035156
2019-02-19,39.2400016784668,39.61000061035156,39.13999938964844,39.560001373291016,169600,0.0,39.560001373291016
2019-02-20,39.58000183105469,39.63999938964844,39.16999816894531,39.38999938964844,288800,0.0,39.38999938964844
2019-02-21,39.2599983215332,39.38999938964844,38.95000076293945,39.2599983215332,222000,0.0,39.2599983215332
2019-02-22,39.34000015258789,39.599998474121094,39.31999969482422,39.599998474121094,74300,0.0,39.599998474121094
2019-02-25,39.869998931884766,39.95000076293945,39.650001525878906,39.7400016784668,249500,0.0,39.7400016784668
2019-02-26,39.630001068115234,39.849998474121094,39.60300064086914,39.689998626708984,195200,0.0,39.689998626708984
2019-02-27,39.900001525878906,40.2400016784668,39.75,40.209999084472656,217800,0.0,40.209999084472656
2019-02-28,40.130001068115234,40.242000579833984,39.90299987792969,39.9900016784668,184200,0.0,39.9900016784668
2019-03-01,40.349998474121094,40.40399932861328,39.90700149536133,40.31999969482422,161800,0.0,40.31999969482422
2019-03-04,40.470001220703125,40.470001220703125,38.970001220703125,39.45000076293945,310500,0.0,39.45000076293945
2019-03-05,39.380001068115234,39.448001861572266,39.060001373291016,39.22999954223633,252300,0.0,39.22999954223633
2019-03-06,39.279998779296875,39.279998779296875,38.77799987792969,38.900001525878906,186100,0.0,38.900001525878906
2019-03-07,38.779998779296875,39.11000061035156,38.57099914550781,38.849998474121094,212900,0.0,38.849998474121094
2019-03-08,38.31999969482422,38.82400131225586,38.22999954223633,38.72999954223633,138900,0.0,38.72999954223633
2019-03-11,38.83000183105469,39.709999084472656,38.83000183105469,39.66999816894531,240800,0.0,39.66999816894531
2019-03-12,39.7400016784668,39.93000030517578,39.52000045776367,39.72999954223633,575600,0.0,39.72999954223633
2019-03-13,39.869998931884766,40.189998626708984,39.77399826049805,39.849998474121094,143500,0.0,39.849998474121094
2019-03-14,39.86000061035156,40.17499923706055,39.7400016784668,39.93000030517578,96700,0.0,39.93000030517578
2019-03-15,40.08000183105469,40.22999954223633,39.95000076293945,40.02000045776367,193200,0.0,40.02000045776367
2019-03-18,40.09000015258789,40.47999954223633,39.93000030517578,40.290000915527344,469100,0.0,40.290000915527344
2019-03-19,40.5,40.58000183105469,40.2599983215332,40.29999923706055,221900,0.0,40.29999923706055
2019-03-20,40.33000183105469,40.54999923706055,39.84000015258789,40.20000076293945,192900,0.0,40.20000076293945
2019-03-21,40.09000015258789,40.87900161743164,40.07400131225586,40.790000915527344,156300,0.0,40.790000915527344
2019-03-22,40.540000915527344,40.68000030517578,39.52000045776367,39.54999923706055,337700,0.0,39.54999923706055
2019-03-25,39.349998474121094,39.4900016784668,38.939998626708984,39.349998474121094,1022600,0.0,39.349998474121094
2019-03-26,39.650001525878906,40.040000915527344,39.59199905395508,39.77000045776367,301000,0.0,39.77000045776367
2019-03-27,39.83000183105469,39.86000061035156,38.84000015258789,39.2599983215332,215200,0.0,39.2599983215332
2019-03-28,39.349998474121094,39.72999954223633,39.222999572753906,39.5099983215332,246300,0.0,39.5099983215332
2019-03-29,39.869998931884766,40.03499984741211,39.720001220703125,40.0099983215332,173200,0.0,40.0099983215332
2019-04-01,40.369998931884766,40.5,39.97999954223633,40.40999984741211,280400,0.0,40.40999984741211
2019-04-02,40.40999984741211,40.43000030517578,40.0,40.29999923706055,198300,0.0,40.29999923706055
2019-04-03,40.63999938964844,40.83000183105469,40.44499969482422,40.5099983215332,130500,0.0,40.5099983215332
2019-04-04,40.540000915527344,40.540000915527344,39.323001861572266,39.70000076293945,469000,0.0,39.70000076293945
2019-04-05,39.75,40.130001068115234,39.75,39.95000076293945,115200,0.0,39.95000076293945
2019-04-08,39.9900016784668,40.22999954223633,39.6349983215332,40.22999954223633,269100,0.0,40.22999954223633
2019-04-09,40.06999969482422,40.37300109863281,40.029998779296875,40.16999816894531,214500,0.0,40.16999816894531
2019-04-10,40.25,40.650001525878906,40.16999816894531,40.61000061035156,293000,0.0,40.61000061035156
2019-04-11,40.77000045776367,40.797000885009766,40.4900016784668,40.630001068115234,112600,0.0,40.630001068115234
2019-04-12,40.90999984741211,41.06999969482422,40.709999084472656,41.060001373291016,437800,0.0,41.060001373291016
2019-04-15,41.040000915527344,41.369998931884766,40.900001525878906,41.11000061035156,311000,0.0,41.11000061035156
2019-04-16,41.310001373291016,41.400001525878906,40.8849983215332,41.0,192600,0.0,41.0
2019-04-17,41.220001220703125,41.2400016784668,40.47999954223633,40.619998931884766,241400,0.0,40.619998931884766
2019-04-18,40.40999984741211,40.40999984741211,39.7599983215332,40.189998626708984,263400,0.0,40.189998626708984
2019-04-22,40.20000076293945,40.654998779296875,40.20000076293945,40.619998931884766,82900,0.0,40.619998931884766
2019-04-23,40.709999084472656,41.23400115966797,40.66999816894531,41.189998626708984,208600,0.0,41.189998626708984
2019-04-24,41.20000076293945,41.459999084472656,41.20000076293945,41.31999969482422,160700,0.0,41.31999969482422
2019-04-25,41.349998474121094,41.470001220703125,41.0099983215332,41.439998626708984,112400,0.0,41.439998626708984
2019-04-26,41.400001525878906,41.63999938964844,41.17499923706055,41.540000915527344,103900,0.0,41.540000915527344
2019-04-29,41.61000061035156,41.9900016784668,41.560001373291016,41.779998779296875,283100,0.0,41.779998779296875
2019-04-30,41.83000183105469,41.86000061035156,41.38999938964844,41.81999969482422,182800,0.0,41.81999969482422
2019-05-01,41.869998931884766,41.900001525878906,41.23099899291992,41.2599983215332,128900,0.0,41.2599983215332
2019-05-02,41.2599983215332,41.63999938964844,40.849998474121094,41.2400016784668,158900,0.0,41.2400016784668
2019-05-03,41.400001525878906,41.763999938964844,41.290000915527344,41.68000030517578,107800,0.0,41.68000030517578
2019-05-06,40.91999816894531,41.45000076293945,40.61000061035156,41.380001068115234,169200,0.0,41.380001068115234
2019-05-07,41.0,41.15999984741211,40.18000030517578,40.560001373291016,239500,0.0,40.560001373291016
2019-05-08,40.43000030517578,40.619998931884766,40.25,40.439998626708984,133900,0.0,40.439998626708984
2019-05-09,39.779998779296875,40.14500045776367,39.2599983215332,39.9900016784668,287600,0.0,39.9900016784668
2019-05-10,39.5099983215332,39.970001220703125,39.02000045776367,39.79999923706055,362200,0.0,39.79999923706055
2019-05-13,39.0,39.20000076293945,38.33700180053711,38.400001525878906,354300,0.0,38.400001525878906
2019-05-14,38.70000076293945,39.22999954223633,38.70000076293945,39.04999923706055,309000,0.0,39.04999923706055
2019-05-15,38.79999923706055,39.45000076293945,38.70000076293945,39.189998626708984,141200,0.0,39.189998626708984
2019-05-16,39.58000183105469,40.41999816894531,39.54999923706055,40.31999969482422,494500,0.0,40.31999969482422
2019-05-17,40.029998779296875,40.41999816894531,39.83700180053711,39.90999984741211,197900,0.0,39.90999984741211
2019-05-20,39.72999954223633,39.83000183105469,39.2599983215332,39.58000183105469,341200,0.0,39.58000183105469
2019-05-21,39.79999923706055,40.18000030517578,39.79999923706055,40.09000015258789,96900,0.0,40.09000015258789
2019-05-22,40.0,40.290000915527344,40.0,40.119998931884766,147200,0.0,40.119998931884766
2019-05-23,39.7599983215332,39.84000015258789,38.93000030517578,39.18000030517578,286100,0.0,39.18000030517578
2019-05-24,39.279998779296875,39.41999816894531,38.9900016784668,39.11000061035156,159200,0.0,39.11000061035156
2019-05-28,39.33000183105469,39.66999816894531,39.06999969482422,39.11000061035156,217100,0.0,39.11000061035156
2019-05-29,38.93000030517578,38.9900016784668,38.5099983215332,38.720001220703125,276400,0.0,38.720001220703125
2019-05-30,38.68000030517578,38.880001068115234,38.43000030517578,38.630001068115234,216900,0.0,38.630001068115234
2019-05-31,38.22999954223633,38.470001220703125,38.060001373291016,38.209999084472656,259200,0.0,38.209999084472656
2019-06-03,38.099998474121094,38.16999816894531,36.84000015258789,37.029998779296875,613600,0.0,37.029998779296875
2019-06-04,37.33000183105469,38.0099983215332,37.209999084472656,37.9900016784668,263700,0.0,37.9900016784668
2019-06-05,38.31999969482422,38.4900016784668,37.90999984741211,38.290000915527344,190100,0.0,38.290000915527344
2019-06-06,38.27000045776367,38.4900016784668,38.060001373291016,38.470001220703125,109500,0.0,38.470001220703125
2019-06-07,38.5,38.939998626708984,38.400001525878906,38.66999816894531,153600,0.0,38.66999816894531
2019-06-10,38.95000076293945,39.494998931884766,38.900001525878906,39.16999816894531,174100,0.0,39.16999816894531
2019-06-11,39.36000061035156,39.41999816894531,38.630001068115234,38.9900016784668,158600,0.0,38.9900016784668
2019-06-12,38.90999984741211,39.15999984741211,38.790000915527344,39.08000183105469,78800,0.0,39.08000183105469
2019-06-13,39.20000076293945,39.31999969482422,39.0880012512207,39.2599983215332,99300,0.0,39.2599983215332
2019-06-14,39.220001220703125,39.220001220703125,38.779998779296875,38.90999984741211,199600,0.0,38.90999984741211
2019-06-17,38.95000076293945,39.25,38.90999984741211,39.0,115300,0.0,39.0
2019-06-18,39.31999969482422,39.720001220703125,39.279998779296875,39.40999984741211,148200,0.0,39.40999984741211
2019-06-19,39.459999084472656,39.89899826049805,39.369998931884766,39.88999938964844,137500,0.0,39.88999938964844
2019-06-20,40.27000045776367,40.56999969482422,39.91999816894531,40.15999984741211,242900,0.0,40.15999984741211
2019-06-21,40.06999969482422,40.119998931884766,39.720001220703125,39.720001220703125,147600,0.0,39.720001220703125
2019-06-24,39.90999984741211,40.08000183105469,39.40999984741211,39.43000030517578,132600,0.0,39.43000030517578
2019-06-25,39.47999954223633,39.619998931884766,39.060001373291016,39.060001373291016,157900,0.0,39.060001373291016
2019-06-26,39.290000915527344,39.505001068115234,38.93000030517578,38.970001220703125,98800,0.0,38.970001220703125
2019-06-27,39.150001525878906,39.54999923706055,39.071998596191406,39.470001220703125,180900,0.0,39.470001220703125
2019-06-28,39.630001068115234,39.84000015258789,39.474998474121094,39.77000045776367,127300,0.02,39.77000045776367
2019-07-01,40.29999923706055,40.349998474121094,39.70000076293945,39.93000030517578,168000,0.0,39.93000030517578
2019-07-02,39.970001220703125,40.099998474121094,39.880001068115234,40.099998474121094,166100,0.0,40.099998474121094
2019-07-03,40.58000183105469,40.90999984741211,40.52000045776367,40.84000015258789,198000,0.0,40.84000015258789
2019-07-05,40.61000061035156,40.900001525878906,40.310001373291016,40.84000015258789,293300,0.0,40.84000015258789
2019-07-08,40.77000045776367,40.84000015258789,40.56999969482422,40.68000030517578,192700,0.0,40.68000030517578
2019-07-09,40.52000045776367,41.0099983215332,40.52000045776367,41.0099983215332,136900,0.0,41.0099983215332
2019-07-10,41.209999084472656,41.43000030517578,41.099998474121094,41.34000015258789,217800,0.0,41.34000015258789
2019-07-11,41.439998626708984,41.529998779296875,41.13999938964844,41.459999084472656,88200,0.0,41.459999084472656
2019-07-12,41.56999969482422,41.81100082397461,41.34400177001953,41.7599983215332,117800,0.0,41.7599983215332
2019-07-15,41.7599983215332,41.81999969482422,41.5099983215332,41.810001373291016,142600,0.0,41.810001373291016
2019-07-16,41.77000045776367,41.849998474121094,41.470001220703125,41.61000061035156,189900,0.0,41.61000061035156
2019-07-17,41.599998474121094,41.91999816894531,41.5099983215332,41.61000061035156,117900,0.0,41.61000061035156
2019-07-18,41.4900016784668,41.75,41.33000183105469,41.709999084472656,113200,0.0,41.709999084472656
2019-07-19,41.93000030517578,42.22999954223633,41.45000076293945,41.5099983215332,195500,0.0,41.5099983215332
2019-07-22,41.5099983215332,41.709999084472656,41.310001373291016,41.38999938964844,113900,0.0,41.38999938964844
2019-07-23,41.47999954223633,41.720001220703125,41.005001068115234,41.16999816894531,153200,0.0,41.16999816894531
2019-07-24,41.11000061035156,41.79999923706055,41.08000183105469,41.77000045776367,163300,0.0,41.77000045776367
2019-07-25,41.66999816894531,41.77000045776367,41.38999938964844,41.45000076293945,72200,0.0,41.45000076293945
2019-07-26,41.33000183105469,41.619998931884766,41.31999969482422,41.540000915527344,71400,0.0,41.540000915527344
2019-07-29,41.56999969482422,41.59000015258789,40.470001220703125,41.06999969482422,298700,0.0,41.06999969482422
2019-07-30,40.849998474121094,41.03499984741211,40.75,40.779998779296875,73300,0.0,40.779998779296875
2019-07-31,40.630001068115234,40.9900016784668,39.90999984741211,40.310001373291016,120300,0.0,40.310001373291016
2019-08-01,40.08000183105469,40.650001525878906,39.79999923706055,39.90999984741211,158600,0.0,39.90999984741211
2019-08-02,39.84000015258789,39.900001525878906,39.099998474121094,39.36000061035156,180600,0.0,39.36000061035156
2019-08-05,38.630001068115234,38.630001068115234,37.380001068115234,37.720001220703125,327500,0.0,37.720001220703125
2019-08-06,38.0,38.29999923706055,37.59000015258789,37.869998931884766,244200,0.0,37.869998931884766
2019-08-07,37.650001525878906,38.099998474121094,37.43000030517578,37.93000030517578,270100,0.0,37.93000030517578
2019-08-08,38.31999969482422,39.13999938964844,38.31999969482422,39.040000915527344,229400,0.0,39.040000915527344
2019-08-09,38.9900016784668,39.060001373291016,38.58000183105469,38.77000045776367,183600,0.0,38.77000045776367
2019-08-12,38.540000915527344,38.849998474121094,38.060001373291016,38.220001220703125,287100,0.0,38.220001220703125
2019-08-13,38.29999923706055,38.92100143432617,38.0099983215332,38.75,200400,0.0,38.75
2019-08-14,38.25,38.584999084472656,37.4900016784668,37.810001373291016,290100,0.0,37.810001373291016
2019-08-15,37.779998779296875,37.810001373291016,37.380001068115234,37.650001525878906,215200,0.0,37.650001525878906
2019-08-16,37.79999923706055,38.2400016784668,37.7400016784668,37.91999816894531,203700,0.0,37.91999816894531
2019-08-19,38.209999084472656,38.38999938964844,37.86000061035156,37.900001525878906,252100,0.0,37.900001525878906
2019-08-20,37.849998474121094,37.97999954223633,37.709999084472656,37.810001373291016,318600,0.0,37.810001373291016
2019-08-21,38.150001525878906,38.68000030517578,38.150001525878906,38.5099983215332,188800,0.0,38.5099983215332
2019-08-22,38.5099983215332,38.630001068115234,38.0,38.380001068115234,109300,0.0,38.380001068115234
2019-08-23,38.310001373291016,38.790000915527344,37.709999084472656,37.709999084472656,202400,0.0,37.709999084472656
2019-08-26,38.099998474121094,38.20000076293945,37.59000015258789,37.86000061035156,246000,0.0,37.86000061035156
2019-08-27,38.08000183105469,38.2400016784668,37.45000076293945,37.63999938964844,168800,0.0,37.63999938964844
2019-08-28,37.5,37.529998779296875,37.15999984741211,37.34000015258789,220900,0.0,37.34000015258789
2019-08-29,37.66999816894531,38.0,37.62300109863281,37.90999984741211,375400,0.0,37.90999984741211
2019-08-30,38.060001373291016,38.209999084472656,37.654998779296875,37.88999938964844,89300,0.0,37.88999938964844
2019-09-03,37.61000061035156,37.88999938964844,37.38999938964844,37.529998779296875,103600,0.0,37.529998779296875
2019-09-04,37.86000061035156,38.060001373291016,37.66999816894531,37.97999954223633,95000,0.0,37.97999954223633
2019-09-05,38.63999938964844,38.88999938964844,38.34000015258789,38.7400016784668,235200,0.0,38.7400016784668
2019-09-06,38.84000015258789,38.91999816894531,38.560001373291016,38.61000061035156,227100,0.0,38.61000061035156
2019-09-09,38.810001373291016,38.85300064086914,37.89099884033203,38.189998626708984,114200,0.0,38.189998626708984
2019-09-10,37.939998626708984,38.11000061035156,37.560001373291016,37.9900016784668,112100,0.0,37.9900016784668
2019-09-11,38.16999816894531,38.45000076293945,37.944000244140625,38.45000076293945,90000,0.0,38.45000076293945
2019-09-12,38.54999923706055,38.779998779296875,38.27000045776367,38.27000045776367,116900,0.0,38.27000045776367
2019-09-13,38.470001220703125,38.50299835205078,38.250999450683594,38.33000183105469,195600,0.0,38.33000183105469
2019-09-16,38.13999938964844,38.61000061035156,37.939998626708984,38.4900016784668,111900,0.0,38.4900016784668
2019-09-17,38.560001373291016,38.849998474121094,38.415000915527344,38.849998474121094,67000,0.0,38.849998474121094
2019-09-18,38.7400016784668,38.900001525878906,38.33000183105469,38.70000076293945,146900,0.0,38.70000076293945
2019-09-19,38.650001525878906,38.900001525878906,38.439998626708984,38.45000076293945,246800,0.0,38.45000076293945
2019-09-20,38.56999969482422,38.689998626708984,38.28300094604492,38.52000045776367,202400,0.0,38.52000045776367
2019-09-23,38.529998779296875,38.529998779296875,38.16999816894531,38.400001525878906,104900,0.0,38.400001525878906
2019-09-24,38.4900016784668,38.63999938964844,37.59700012207031,37.68000030517578,139600,0.0,37.68000030517578
2019-09-25,37.63999938964844,38.040000915527344,37.202999114990234,37.9900016784668,99400,0.0,37.9900016784668
2019-09-26,38.0,38.0,37.52000045776367,37.83000183105469,83400,0.0,37.83000183105469
2019-09-27,37.810001373291016,37.814998626708984,36.88999938964844,37.130001068115234,108700,0.0,37.130001068115234
2019-09-30,37.2599983215332,37.54999923706055,36.93000030517578,37.400001525878906,266000,0.0,37.400001525878906
2019-10-01,37.5,37.66699981689453,36.970001220703125,37.0099983215332,107100,0.0,37.0099983215332
2019-10-02,36.7400016784668,36.849998474121094,36.20100021362305,36.72999954223633,559700,0.0,36.72999954223633
2019-10-03,36.70000076293945,37.367000579833984,36.404998779296875,37.29999923706055,173900,0.0,37.29999923706055
2019-10-04,37.41999816894531,37.709999084472656,37.189998626708984,37.63999938964844,97200,0.0,37.63999938964844
2019-10-07,37.54999923706055,37.84000015258789,37.45000076293945,37.66999816894531,68800,0.0,37.66999816894531
2019-10-08,37.40999984741211,37.40999984741211,36.79100036621094,36.95000076293945,94100,0.0,36.95000076293945
2019-10-09,37.25,37.5,37.189998626708984,37.349998474121094,136100,0.0,37.349998474121094
2019-10-10,37.25,37.33000183105469,36.880001068115234,37.040000915527344,148900,0.0,37.040000915527344
2019-10-11,37.349998474121094,37.744998931884766,37.18299865722656,37.52000045776367,128200,0.0,37.52000045776367
2019-10-14,37.779998779296875,37.93000030517578,37.683998107910156,37.720001220703125,151100,0.0,37.720001220703125
2019-10-15,37.77000045776367,38.150001525878906,37.720001220703125,37.9900016784668,152900,0.0,37.9900016784668
2019-10-16,37.84000015258789,37.97999954223633,37.400001525878906,37.720001220703125,76800,0.0,37.720001220703125
2019-10-17,37.90999984741211,38.05799865722656,37.70000076293945,37.7599983215332,124300,0.0,37.7599983215332
2019-10-18,37.75,37.75,36.91999816894531,37.290000915527344,161100,0.0,37.290000915527344
2019-10-21,37.47999954223633,37.709999084472656,37.36000061035156,37.560001373291016,129900,0.0,37.560001373291016
2019-10-22,37.68000030517578,37.790000915527344,37.314998626708984,37.369998931884766,81200,0.0,37.369998931884766
2019-10-23,37.2599983215332,37.869998931884766,37.21099853515625,37.63999938964844,82200,0.0,37.63999938964844
2019-10-24,37.93000030517578,38.2400016784668,37.86000061035156,38.2400016784668,264400,0.0,38.2400016784668
2019-10-25,38.150001525878906,38.39799880981445,38.0099983215332,38.349998474121094,143100,0.0,38.349998474121094
2019-10-28,38.4900016784668,38.650001525878906,38.349998474121094,38.43000030517578,139300,0.0,38.43000030517578
2019-10-29,38.45000076293945,38.73500061035156,38.380001068115234,38.56999969482422,183900,0.0,38.56999969482422
2019-10-30,38.86000061035156,39.38999938964844,38.720001220703125,39.380001068115234,215000,0.0,39.380001068115234
2019-10-31,39.31999969482422,39.31999969482422,38.900001525878906,39.08000183105469,131600,0.0,39.08000183105469
2019-11-01,39.130001068115234,39.56999969482422,39.130001068115234,39.56999969482422,126100,0.0,39.56999969482422
2019-11-04,39.75,39.88999938964844,39.5,39.599998474121094,170300,0.0,39.599998474121094
2019-11-05,39.630001068115234,39.79999923706055,39.400001525878906,39.7599983215332,84100,0.0,39.7599983215332
2019-11-06,39.81999969482422,39.95000076293945,39.66999816894531,39.869998931884766,88800,0.0,39.869998931884766
2019-11-07,40.0,40.209999084472656,39.790000915527344,39.900001525878906,112100,0.0,39.900001525878906
2019-11-08,39.93000030517578,40.459999084472656,39.779998779296875,40.45000076293945,279800,0.0,40.45000076293945
2019-11-11,40.59000015258789,40.849998474121094,40.5099983215332,40.72999954223633,143100,0.0,40.72999954223633
2019-11-12,40.83000183105469,41.08000183105469,40.73899841308594,40.970001220703125,151300,0.0,40.970001220703125
2019-11-13,40.7400016784668,41.04999923706055,40.599998474121094,41.040000915527344,110100,0.0,41.040000915527344
2019-11-14,40.880001068115234,41.06999969482422,40.72999954223633,40.9900016784668,110300,0.0,40.9900016784668
2019-11-15,41.04999923706055,41.2400016784668,40.939998626708984,41.220001220703125,165800,0.0,41.220001220703125
2019-11-18,41.23500061035156,41.540000915527344,41.099998474121094,41.439998626708984,152000,0.0,41.439998626708984
2019-11-19,41.66999816894531,41.777000427246094,41.5,41.650001525878906,64100,0.0,41.650001525878906
2019-11-20,41.59000015258789,41.79999923706055,41.34000015258789,41.650001525878906,136900,0.0,41.650001525878906
2019-11-21,41.5099983215332,41.7400016784668,41.45000076293945,41.529998779296875,90400,0.0,41.529998779296875
2019-11-22,41.70000076293945,41.86000061035156,41.59000015258789,41.75,62200,0.0,41.75
2019-11-25,41.91999816894531,42.400001525878906,41.849998474121094,42.400001525878906,104600,0.0,42.400001525878906
2019-11-26,42.11000061035156,42.400001525878906,42.029998779296875,42.25,137700,0.0,42.25
2019-11-27,42.290000915527344,42.470001220703125,42.099998474121094,42.470001220703125,150400,0.0,42.470001220703125
2019-11-29,42.31999969482422,42.470001220703125,42.25,42.36000061035156,51900,0.0,42.36000061035156
2019-12-02,42.40999984741211,42.529998779296875,41.56999969482422,41.79999923706055,129000,0.0,41.79999923706055
2019-12-03,41.2599983215332,41.63999938964844,41.040000915527344,41.58000183105469,141300,0.0,41.58000183105469
2019-12-04,41.709999084472656,41.810001373291016,41.5,41.59000015258789,106300,0.0,41.59000015258789
2019-12-05,41.61000061035156,41.61000061035156,41.22999954223633,41.2400016784668,105400,0.0,41.2400016784668
2019-12-06,41.540000915527344,41.540000915527344,41.35100173950195,41.400001525878906,99800,0.0,41.400001525878906
2019-12-09,41.27000045776367,41.380001068115234,41.13999938964844,41.189998626708984,336700,0.0,41.189998626708984
2019-12-10,41.18000030517578,41.2400016784668,40.970001220703125,41.0,169500,0.0,41.0
2019-12-11,41.130001068115234,41.130001068115234,40.83000183105469,40.9900016784668,105600,0.0,40.9900016784668
2019-12-12,41.029998779296875,41.27000045776367,40.779998779296875,41.02000045776367,129400,0.0,41.02000045776367
2019-12-13,41.040000915527344,41.369998931884766,41.0099983215332,41.310001373291016,319000,0.0,41.310001373291016
2019-12-16,41.540000915527344,41.70000076293945,41.45000076293945,41.459999084472656,94500,0.0,41.459999084472656
2019-12-17,41.459999084472656,41.47999954223633,41.16999816894531,41.33000183105469,135900,0.0,41.33000183105469
2019-12-18,41.33000183105469,41.59000015258789,41.290000915527344,41.43000030517578,108000,0.0,41.43000030517578
2019-12-19,41.470001220703125,41.709999084472656,41.310001373291016,41.709999084472656,94400,0.0,41.709999084472656
2019-12-20,41.88999938964844,41.9640007019043,41.59000015258789,41.66999816894531,87400,0.0,41.66999816894531
2019-12-23,41.68000030517578,41.83300018310547,41.470001220703125,41.720001220703125,556600,0.0,41.720001220703125
2019-12-24,41.709999084472656,41.79999923706055,41.66999816894531,41.68000030517578,124600,0.0,41.68000030517578
2019-12-26,41.70000076293945,42.099998474121094,41.540000915527344,41.84000015258789,247300,0.0,41.84000015258789
2019-12-27,41.95000076293945,41.95000076293945,41.599998474121094,41.650001525878906,127400,0.0,41.650001525878906
2019-12-30,41.70000076293945,41.70000076293945,41.16999816894531,41.5099983215332,366200,0.04,41.5099983215332
2019-12-31,41.43000030517578,41.68299865722656,41.2599983215332,41.52000045776367,112400,0.0,41.52000045776367
2020-01-02,41.810001373291016,42.279998779296875,41.75,42.209999084472656,326700,0.0,42.209999084472656
2020-01-03,41.779998779296875,42.340999603271484,41.75,42.29999923706055,204400,0.0,42.29999923706055
2020-01-06,42.040000915527344,42.849998474121094,42.040000915527344,42.790000915527344,596600,0.0,42.790000915527344
2020-01-07,42.86000061035156,43.09000015258789,42.7599983215332,43.0099983215332,558200,0.0,43.0099983215332
2020-01-08,42.91999816894531,43.439998626708984,42.84000015258789,43.220001220703125,391200,0.0,43.220001220703125
2020-01-09,43.189998626708984,43.40999984741211,43.099998474121094,43.22999954223633,318700,0.0,43.22999954223633
2020-01-10,43.41999816894531,43.52000045776367,43.150001525878906,43.220001220703125,539800,0.0,43.220001220703125
2020-01-13,43.349998474121094,43.82400131225586,43.349998474121094,43.709999084472656,419300,0.0,43.709999084472656
2020-01-14,43.63999938964844,43.858001708984375,43.402000427246094,43.70000076293945,254100,0.0,43.70000076293945
2020-01-15,43.7400016784668,44.31999969482422,43.63999938964844,43.959999084472656,256000,0.0,43.959999084472656
2020-01-16,44.189998626708984,44.41999816894531,44.12099838256836,44.41999816894531,202200,0.0,44.41999816894531
2020-01-17,44.560001373291016,44.58000183105469,44.060001373291016,44.099998474121094,214800,0.0,44.099998474121094
2020-01-21,44.029998779296875,44.20000076293945,43.8489990234375,43.93000030517578,250100,0.0,43.93000030517578
2020-01-22,44.119998931884766,44.439998626708984,43.900001525878906,43.95000076293945,235400,0.0,43.95000076293945
2020-01-23,43.849998474121094,44.13999938964844,43.619998931884766,44.06999969482422,298800,0.0,44.06999969482422
2020-01-24,44.25,44.47999954223633,43.599998474121094,43.849998474121094,127800,0.0,43.849998474121094
2020-01-27,42.9900016784668,43.290000915527344,42.689998626708984,43.099998474121094,323900,0.0,43.099998474121094
2020-01-28,43.13999938964844,43.41999816894531,43.029998779296875,43.25,564800,0.0,43.25
2020-01-29,43.290000915527344,43.50600051879883,43.13999938964844,43.189998626708984,203200,0.0,43.189998626708984
2020-01-30,42.83000183105469,43.40999984741211,42.689998626708984,43.2400016784668,275100,0.0,43.2400016784668
2020-01-31,43.2599983215332,43.41999816894531,42.529998779296875,42.65999984741211,452700,0.0,42.65999984741211
2020-02-03,42.75,43.2400016784668,42.689998626708984,43.13999938964844,286900,0.0,43.13999938964844
2020-02-04,43.7400016784668,44.16999816894531,43.61800003051758,44.13999938964844,189200,0.0,44.13999938964844
2020-02-05,44.58000183105469,44.59000015258789,43.7599983215332,44.0,155900,0.0,44.0
2020-02-06,44.09000015258789,44.400001525878906,43.92599868774414,44.13999938964844,181300,0.0,44.13999938964844
2020-02-07,44.25,44.25,43.9010009765625,44.029998779296875,86300,0.0,44.029998779296875
2020-02-10,43.900001525878906,44.5,43.79999923706055,44.439998626708984,193500,0.0,44.439998626708984
2020-02-11,44.75,44.810001373291016,44.439998626708984,44.61000061035156,194300,0.0,44.61000061035156
2020-02-12,44.66999816894531,44.779998779296875,44.02000045776367,44.31999969482422,153900,0.0,44.31999969482422
2020-02-13,43.97999954223633,44.41999816894531,43.790000915527344,44.22999954223633,86500,0.0,44.22999954223633
2020-02-14,44.349998474121094,44.49399948120117,44.150001525878906,44.36000061035156,108100,0.0,44.36000061035156
2020-02-18,44.2599983215332,44.4900016784668,44.143001556396484,44.43000030517578,116400,0.0,44.43000030517578
2020-02-19,44.52000045776367,44.84600067138672,44.470001220703125,44.7400016784668,144000,0.0,44.7400016784668
2020-02-20,44.599998474121094,45.099998474121094,44.099998474121094,44.84000015258789,123200,0.0,44.84000015258789
2020-02-21,44.630001068115234,44.70000076293945,43.7599983215332,44.06999969482422,115000,0.0,44.06999969482422
2020-02-24,42.779998779296875,42.939998626708984,42.279998779296875,42.61000061035156,490800,0.0,42.61000061035156
2020-02-25,42.630001068115234,42.900001525878906,41.029998779296875,41.11000061035156,610900,0.0,41.11000061035156
2020-02-26,41.209999084472656,41.880001068115234,40.88999938964844,40.97999954223633,328500,0.0,40.97999954223633
2020-02-27,39.9900016784668,40.95899963378906,39.441001892089844,39.619998931884766,651800,0.0,39.619998931884766
2020-02-28,38.5,39.709999084472656,38.220001220703125,39.689998626708984,874900,0.0,39.689998626708984
2020-03-02,39.7599983215332,40.5,39.119998931884766,40.41999816894531,200300,0.0,40.41999816894531
2020-03-03,40.439998626708984,41.03300094604492,39.040000915527344,39.63999938964844,327500,0.0,39.63999938964844
2020-03-04,40.130001068115234,40.880001068115234,39.86000061035156,40.86000061035156,374300,0.0,40.86000061035156
2020-03-05,39.84000015258789,40.470001220703125,39.349998474121094,39.66999816894531,240500,0.0,39.66999816894531
2020-03-06,38.560001373291016,39.189998626708984,38.060001373291016,38.900001525878906,274100,0.0,38.900001525878906
2020-03-09,35.66999816894531,37.15999984741211,35.36000061035156,35.810001373291016,528400,0.0,35.810001373291016
2020-03-10,36.90999984741211,37.06999969482422,35.5,36.9900016784668,337900,0.0,36.9900016784668
2020-03-11,36.060001373291016,36.25,34.689998626708984,35.130001068115234,216400,0.0,35.130001068115234
2020-03-12,32.630001068115234,33.33000183105469,31.040000915527344,32.20000076293945,755600,0.0,32.20000076293945
2020-03-13,33.369998931884766,33.869998931884766,31.399999618530273,33.869998931884766,318400,0.0,33.869998931884766
2020-03-16,30.010000228881836,31.8799991607666,29.959999084472656,30.290000915527344,485600,0.0,30.290000915527344
2020-03-17,30.170000076293945,31.899999618530273,29.420000076293945,31.860000610351562,358700,0.58,31.860000610351562
2020-03-18,29.690000534057617,31.09000015258789,29.020000457763672,30.049999237060547,519500,0.0,30.049999237060547
2020-03-19,29.600000381469727,31.639999389648438,29.270000457763672,30.889999389648438,296700,0.0,30.889999389648438
2020-03-20,31.540000915527344,32.62099838256836,30.65999984741211,30.829999923706055,393700,0.0,30.829999923706055
2020-03-23,30.540000915527344,31.649999618530273,30.079999923706055,31.079999923706055,435900,0.0,31.079999923706055
2020-03-24,32.63999938964844,33.869998931884766,32.54999923706055,33.779998779296875,291300,0.0,33.779998779296875
2020-03-25,34.0099983215332,35.349998474121094,33.619998931884766,34.18000030517578,230500,0.0,34.18000030517578
2020-03-26,34.47999954223633,36.18000030517578,34.349998474121094,36.06999969482422,319800,0.0,36.06999969482422
2020-03-27,34.77000045776367,35.97999954223633,34.74300003051758,35.41999816894531,140300,0.0,35.41999816894531
2020-03-30,35.61000061035156,36.099998474121094,35.34000015258789,35.97999954223633,266200,0.0,35.97999954223633
2020-03-31,35.91999816894531,36.75,35.34000015258789,35.66999816894531,186200,0.0,35.66999816894531
2020-04-01,34.5099983215332,35.316001892089844,34.1510009765625,34.36000061035156,155900,0.0,34.36000061035156
2020-04-02,34.36000061035156,35.097999572753906,34.11000061035156,34.720001220703125,134800,0.0,34.720001220703125
2020-04-03,34.540000915527344,34.720001220703125,33.86000061035156,34.369998931884766,82500,0.0,34.369998931884766
2020-04-06,35.439998626708984,36.38999938964844,35.16999816894531,36.2599983215332,330500,0.0,36.2599983215332
2020-04-07,37.209999084472656,37.2400016784668,35.810001373291016,35.939998626708984,250700,0.0,35.939998626708984
2020-04-08,36.220001220703125,37.099998474121094,36.11000061035156,36.93000030517578,169500,0.0,36.93000030517578
2020-04-09,37.40999984741211,37.95000076293945,37.029998779296875,37.22999954223633,131900,0.0,37.22999954223633
2020-04-13,37.119998931884766,37.349998474121094,36.70000076293945,37.25,196100,0.0,37.25
2020-04-14,37.93000030517578,38.61000061035156,37.84000015258789,38.5099983215332,165300,0.0,38.5099983215332
2020-04-15,37.869998931884766,38.17900085449219,37.619998931884766,37.869998931884766,131100,0.0,37.869998931884766
2020-04-16,38.150001525878906,38.79999923706055,38.03499984741211,38.59000015258789,166600,0.0,38.59000015258789
2020-04-17,39.369998931884766,39.45000076293945,38.89500045776367,39.400001525878906,220400,0.0,39.400001525878906
2020-04-20,39.25,40.189998626708984,39.2400016784668,39.54999923706055,322800,0.0,39.54999923706055
2020-04-21,39.0,39.28200149536133,37.55099868774414,38.13999938964844,287900,0.0,38.13999938964844
2020-04-22,38.70000076293945,39.05699920654297,38.5,38.90999984741211,103500,0.0,38.90999984741211
2020-04-23,39.130001068115234,39.404998779296875,38.63600158691406,38.779998779296875,147900,0.0,38.779998779296875
2020-04-24,39.04999923706055,39.5,38.72999954223633,39.380001068115234,113000,0.0,39.380001068115234
2020-04-27,39.81999969482422,40.5,39.81999969482422,40.400001525878906,188900,0.0,40.400001525878906
2020-04-28,40.97999954223633,40.9900016784668,39.66999816894531,39.70000076293945,167700,0.0,39.70000076293945
2020-04-29,40.439998626708984,40.790000915527344,40.130001068115234,40.63999938964844,153900,0.0,40.63999938964844
2020-04-30,40.439998626708984,40.630001068115234,39.95000076293945,40.0099983215332,237200,0.0,40.0099983215332
2020-05-01,39.5,39.507999420166016,38.619998931884766,38.93000030517578,162600,0.0,38.93000030517578
2020-05-04,38.90999984741211,39.25,38.63999938964844,39.25,122400,0.0,39.25
2020-05-05,39.75,40.5,39.729000091552734,40.130001068115234,135500,0.0,40.130001068115234
2020-05-06,40.439998626708984,40.880001068115234,40.040000915527344,40.54999923706055,133300,0.0,40.54999923706055
2020-05-07,41.119998931884766,42.2400016784668,41.0,42.2400016784668,181600,0.0,42.2400016784668
2020-05-08,42.5,42.5,41.68000030517578,42.22999954223633,180300,0.0,42.22999954223633
2020-05-11,42.0,43.099998474121094,41.86000061035156,43.0,162100,0.0,43.0
2020-05-12,43.290000915527344,43.34000015258789,41.75,41.79999923706055,220300,0.0,41.79999923706055
2020-05-13,41.70000076293945,41.959999084472656,40.18000030517578,40.599998474121094,254700,0.0,40.599998474121094
2020-05-14,40.2400016784668,40.939998626708984,39.81999969482422,40.86000061035156,136300,0.0,40.86000061035156
2020-05-15,40.689998626708984,41.70000076293945,40.529998779296875,41.439998626708984,100600,0.0,41.439998626708984
2020-05-18,42.189998626708984,42.41999816894531,41.72999954223633,41.72999954223633,204300,0.0,41.72999954223633
2020-05-19,41.790000915527344,42.279998779296875,41.59000015258789,41.709999084472656,98500,0.0,41.709999084472656
2020-05-20,42.34000015258789,42.81999969482422,42.2599983215332,42.54999923706055,340000,0.0,42.54999923706055
2020-05-21,42.650001525878906,42.720001220703125,41.97999954223633,42.209999084472656,144300,0.0,42.209999084472656
2020-05-22,42.4900016784668,42.97999954223633,42.2599983215332,42.90999984741211,113900,0.0,42.90999984741211
2020-05-26,44.0,44.03900146484375,43.18000030517578,43.29999923706055,300100,0.0,43.29999923706055
2020-05-27,43.5,43.5,41.810001373291016,43.369998931884766,275600,0.0,43.369998931884766
2020-05-28,43.5099983215332,44.20000076293945,43.369998931884766,43.459999084472656,105900,0.0,43.459999084472656
2020-05-29,43.61000061035156,44.869998931884766,43.61000061035156,44.84000015258789,228000,0.0,44.84000015258789
2020-06-01,44.91999816894531,45.97999954223633,44.849998474121094,45.790000915527344,246200,0.0,45.790000915527344
2020-06-02,45.86000061035156,45.91999816894531,44.83000183105469,45.52000045776367,184300,0.0,45.52000045776367
2020-06-03,45.939998626708984,45.939998626708984,45.40999984741211,45.529998779296875,208500,0.0,45.529998779296875
2020-06-04,45.40999984741211,45.40999984741211,44.470001220703125,44.689998626708984,153600,0.0,44.689998626708984
2020-06-05,45.0,45.25,44.42499923706055,44.70000076293945,197500,0.0,44.70000076293945
2020-06-08,44.79999923706055,45.5,44.54999923706055,45.4900016784668,194900,0.0,45.4900016784668
2020-06-09,45.130001068115234,45.327999114990234,44.86000061035156,45.040000915527344,118100,0.0,45.040000915527344
2020-06-10,45.279998779296875,45.43000030517578,44.904998779296875,45.189998626708984,139900,0.0,45.189998626708984
2020-06-11,44.0099983215332,44.369998931884766,42.650001525878906,42.65999984741211,286000,0.0,42.65999984741211
2020-06-12,43.619998931884766,44.060001373291016,42.5099983215332,43.33000183105469,105200,0.0,43.33000183105469
2020-06-15,42.43000030517578,43.970001220703125,42.2400016784668,43.790000915527344,193100,0.02,43.790000915527344
2020-06-16,44.810001373291016,44.810001373291016,43.79999923706055,44.5099983215332,179500,0.0,44.5099983215332
2020-06-17,44.70000076293945,45.167999267578125,44.54999923706055,44.83000183105469,166800,0.0,44.83000183105469
2020-06-18,44.70000076293945,45.18000030517578,44.70000076293945,44.97999954223633,104900,0.0,44.97999954223633
2020-06-19,45.630001068115234,45.654998779296875,44.44499969482422,44.63999938964844,115500,0.0,44.63999938964844
2020-06-22,44.66999816894531,45.209999084472656,44.599998474121094,45.16999816894531,454700,0.0,45.16999816894531
2020-06-23,45.560001373291016,45.72999954223633,44.63999938964844,44.720001220703125,161600,0.0,44.720001220703125
2020-06-24,44.59000015258789,44.880001068115234,43.45000076293945,43.88999938964844,131000,0.0,43.88999938964844
2020-06-25,43.81999969482422,44.31999969482422,43.29999923706055,44.220001220703125,104600,0.0,44.220001220703125
2020-06-26,44.220001220703125,44.31999969482422,43.439998626708984,43.66999816894531,261300,0.0,43.66999816894531
2020-06-29,43.849998474121094,43.849998474121094,43.0,43.7400016784668,129300,0.0,43.7400016784668
2020-06-30,43.72999954223633,44.5,43.70000076293945,44.47999954223633,117900,0.0,44.47999954223633
2020-07-01,44.459999084472656,45.16999816894531,44.36000061035156,45.02000045776367,122800,0.0,45.02000045776367
2020-07-02,45.40999984741211,45.41999816894531,44.8849983215332,44.95000076293945,522300,0.0,44.95000076293945
2020-07-06,45.52000045776367,45.95000076293945,45.229000091552734,45.400001525878906,263000,0.0,45.400001525878906
2020-07-07,45.150001525878906,45.689998626708984,44.900001525878906,44.900001525878906,126300,0.0,44.900001525878906
2020-07-08,45.06999969482422,45.70000076293945,44.88999938964844,45.63999938964844,128000,0.0,45.63999938964844
2020-07-09,45.95000076293945,46.400001525878906,45.354000091552734,46.209999084472656,189700,0.0,46.209999084472656
2020-07-10,46.439998626708984,46.52000045776367,46.119998931884766,46.29999923706055,95800,0.0,46.29999923706055
2020-07-13,46.66999816894531,46.77000045776367,44.6150016784668,44.68000030517578,327100,0.0,44.68000030517578
2020-07-14,44.470001220703125,45.09000015258789,43.880001068115234,45.08000183105469,163700,0.0,45.08000183105469
2020-07-15,45.400001525878906,45.93199920654297,45.2599983215332,45.68000030517578,101900,0.0,45.68000030517578
2020-07-16,45.47999954223633,45.47999954223633,44.84000015258789,45.189998626708984,142700,0.0,45.189998626708984
2020-07-17,45.439998626708984,46.02000045776367,45.2400016784668,45.91999816894531,95200,0.0,45.91999816894531
2020-07-20,45.97999954223633,47.40999984741211,45.959999084472656,47.36000061035156,209700,0.0,47.36000061035156
2020-07-21,47.59000015258789,47.709999084472656,47.029998779296875,47.150001525878906,218500,0.0,47.150001525878906
2020-07-22,47.2599983215332,47.689998626708984,47.060001373291016,47.2599983215332,96700,0.0,47.2599983215332
2020-07-23,47.31999969482422,47.900001525878906,46.79999923706055,46.90999984741211,175100,0.0,46.90999984741211
2020-07-24,46.599998474121094,46.650001525878906,45.959999084472656,46.2400016784668,132600,0.0,46.2400016784668
2020-07-27,46.43000030517578,47.11000061035156,46.38999938964844,47.040000915527344,140100,0.0,47.040000915527344
2020-07-28,47.060001373291016,47.33300018310547,46.7599983215332,46.7599983215332,260900,0.0,46.7599983215332
2020-07-29,47.25,48.36800003051758,47.22999954223633,48.220001220703125,238700,0.0,48.220001220703125
2020-07-30,47.68000030517578,48.40299987792969,47.26100158691406,48.220001220703125,195400,0.0,48.220001220703125
2020-07-31,48.36000061035156,48.470001220703125,47.500999450683594,48.400001525878906,102700,0.0,48.400001525878906
2020-08-03,48.70000076293945,49.06999969482422,48.5,48.970001220703125,214800,0.0,48.970001220703125
2020-08-04,48.90999984741211,48.9900016784668,48.5,48.900001525878906,127900,0.0,48.900001525878906
2020-08-05,49.099998474121094,49.36000061035156,49.0099983215332,49.150001525878906,128200,0.0,49.150001525878906
2020-08-06,49.119998931884766,49.24300003051758,48.59000015258789,49.08000183105469,109600,0.0,49.08000183105469
2020-08-07,49.060001373291016,49.55400085449219,48.619998931884766,49.040000915527344,197900,0.0,49.040000915527344
2020-08-10,49.099998474121094,49.209999084472656,48.18000030517578,48.4900016784668,111300,0.0,48.4900016784668
2020-08-11,48.29999923706055,48.5,47.81999969482422,47.83000183105469,133800,0.0,47.83000183105469
2020-08-12,47.939998626708984,48.375999450683594,47.79999923706055,47.810001373291016,118900,0.0,47.810001373291016
2020-08-13,47.63999938964844,48.31999969482422,47.540000915527344,48.040000915527344,104400,0.0,48.040000915527344
2020-08-14,48.029998779296875,48.099998474121094,47.529998779296875,47.63999938964844,87800,0.0,47.63999938964844
2020-08-17,47.790000915527344,47.939998626708984,47.53499984741211,47.68000030517578,205000,0.0,47.68000030517578
2020-08-18,47.72999954223633,48.09000015258789,47.650001525878906,47.9900016784668,256900,0.0,47.9900016784668
2020-08-19,48.119998931884766,48.5,47.869998931884766,48.040000915527344,189000,0.0,48.040000915527344
2020-08-20,47.869998931884766,48.650001525878906,47.779998779296875,48.4900016784668,152700,0.0,48.4900016784668
2020-08-21,48.470001220703125,48.4900016784668,47.90999984741211,48.09000015258789,242700,0.0,48.09000015258789
2020-08-24,48.540000915527344,48.68000030517578,48.209999084472656,48.5099983215332,155000,0.0,48.5099983215332
2020-08-25,48.52000045776367,48.70000076293945,48.34000015258789,48.689998626708984,74700,0.0,48.689998626708984
2020-08-26,48.81999969482422,49.77000045776367,48.7599983215332,49.56999969482422,186300,0.0,49.56999969482422
2020-08-27,49.689998626708984,49.834999084472656,48.79999923706055,49.15999984741211,183200,0.0,49.15999984741211
2020-08-28,49.25,49.61000061035156,49.25,49.41999816894531,127500,0.0,49.41999816894531
2020-08-31,49.5,49.630001068115234,49.20500183105469,49.38999938964844,121200,0.0,49.38999938964844
2020-09-01,49.4900016784668,50.66999816894531,49.4900016784668,50.58000183105469,214300,0.0,50.58000183105469
2020-09-02,51.040000915527344,51.189998626708984,50.20000076293945,50.95000076293945,154900,0.0,50.95000076293945
2020-09-03,50.279998779296875,50.279998779296875,47.861000061035156,48.189998626708984,392000,0.0,48.189998626708984
2020-09-04,48.2400016784668,48.33000183105469,45.54999923706055,46.95000076293945,491700,0.0,46.95000076293945
2020-09-08,46.20000076293945,46.630001068115234,45.59000015258789,45.9900016784668,245600,0.0,45.9900016784668
2020-09-09,46.650001525878906,46.9900016784668,46.09000015258789,46.75,117100,0.0,46.75
2020-09-10,47.029998779296875,47.40999984741211,45.849998474121094,45.95000076293945,193600,0.0,45.95000076293945
2020-09-11,46.20000076293945,46.36000061035156,45.220001220703125,45.709999084472656,138000,0.0,45.709999084472656
2020-09-14,45.95000076293945,46.45000076293945,45.95000076293945,46.220001220703125,153200,0.0,46.220001220703125
2020-09-15,46.650001525878906,46.779998779296875,46.33000183105469,46.54999923706055,166600,0.0,46.54999923706055
2020-09-16,46.75,47.04899978637695,46.400001525878906,46.459999084472656,200800,0.0,46.459999084472656
2020-09-17,45.83000183105469,46.099998474121094,45.53799819946289,46.09000015258789,124800,0.0,46.09000015258789
2020-09-18,46.310001373291016,46.439998626708984,45.58000183105469,46.189998626708984,117100,0.0,46.189998626708984
2020-09-21,45.54999923706055,46.099998474121094,45.150001525878906,46.060001373291016,176000,0.0,46.060001373291016
2020-09-22,46.25,46.849998474121094,45.790000915527344,46.810001373291016,100500,0.0,46.810001373291016
2020-09-23,46.93000030517578,47.0,45.68000030517578,45.790000915527344,89700,0.0,45.790000915527344
2020-09-24,45.5099983215332,45.72999954223633,44.900001525878906,45.2400016784668,268500,0.0,45.2400016784668
2020-09-25,45.16999816894531,46.36000061035156,45.16999816894531,46.22999954223633,95100,0.0,46.22999954223633
2020-09-28,46.779998779296875,46.97999954223633,46.4900016784668,46.900001525878906,58200,0.0,46.900001525878906
2020-09-29,46.90999984741211,47.02000045776367,46.56999969482422,46.63999938964844,97900,0.0,46.63999938964844
2020-09-30,46.70000076293945,47.099998474121094,46.36000061035156,46.540000915527344,84700,0.0,46.540000915527344
2020-10-01,46.959999084472656,47.31999969482422,46.869998931884766,47.25,612600,0.0,47.25
2020-10-02,46.5,47.209999084472656,46.33000183105469,46.779998779296875,157600,0.0,46.779998779296875
2020-10-05,47.029998779296875,47.630001068115234,46.959999084472656,47.599998474121094,391500,0.0,47.599998474121094
2020-10-06,47.5099983215332,48.48500061035156,47.380001068115234,47.529998779296875,581500,0.0,47.529998779296875
2020-10-07,47.810001373291016,48.35499954223633,47.779998779296875,48.22999954223633,222300,0.0,48.22999954223633
2020-10-08,48.58000183105469,48.766998291015625,48.22100067138672,48.38999938964844,160300,0.0,48.38999938964844
2020-10-09,48.709999084472656,49.16999816894531,48.709999084472656,49.130001068115234,190300,0.0,49.130001068115234
2020-10-12,49.47999954223633,50.02000045776367,49.34000015258789,49.91999816894531,174400,0.0,49.91999816894531
2020-10-13,49.91999816894531,50.5,49.79999923706055,50.279998779296875,139600,0.0,50.279998779296875
2020-10-14,50.349998474121094,50.4900016784668,49.72999954223633,50.130001068115234,159800,0.0,50.130001068115234
2020-10-15,49.18000030517578,49.81999969482422,48.790000915527344,49.689998626708984,175700,0.0,49.689998626708984
2020-10-16,49.869998931884766,49.922000885009766,49.43000030517578,49.4900016784668,101300,0.0,49.4900016784668
2020-10-19,49.720001220703125,50.11000061035156,49.0099983215332,49.15999984741211,148400,0.0,49.15999984741211
2020-10-20,49.400001525878906,49.5,48.709999084472656,48.7599983215332,226100,0.0,48.7599983215332
2020-10-21,48.810001373291016,49.0,48.060001373291016,48.279998779296875,115700,0.0,48.279998779296875
2020-10-22,48.27000045776367,48.4900016784668,47.61000061035156,48.41999816894531,88400,0.0,48.41999816894531
2020-10-23,48.58000183105469,48.619998931884766,48.06700134277344,48.36000061035156,70200,0.0,48.36000061035156
2020-10-26,48.02000045776367,48.150001525878906,46.790000915527344,47.380001068115234,160000,0.0,47.380001068115234
2020-10-27,47.599998474121094,48.09000015258789,47.41999816894531,47.5,188700,0.0,47.5
2020-10-28,46.81999969482422,46.81999969482422,45.9900016784668,46.11000061035156,223100,0.0,46.11000061035156
2020-10-29,46.02000045776367,46.2599983215332,45.880001068115234,46.060001373291016,141600,0.0,46.060001373291016
2020-10-30,45.81999969482422,45.81999969482422,44.65999984741211,45.04999923706055,204200,0.0,45.04999923706055
2020-11-02,45.41999816894531,45.5989990234375,44.665000915527344,45.119998931884766,93800,0.0,45.119998931884766
2020-11-03,45.61000061035156,46.41999816894531,45.38999938964844,46.209999084472656,115300,0.0,46.209999084472656
2020-11-04,46.88999938964844,48.15999984741211,46.88999938964844,47.81999969482422,191800,0.0,47.81999969482422
2020-11-05,48.529998779296875,48.7400016784668,48.29999923706055,48.560001373291016,184400,0.0,48.560001373291016
2020-11-06,48.66999816894531,48.790000915527344,48.36000061035156,48.459999084472656,112500,0.0,48.459999084472656
2020-11-09,49.41999816894531,49.5,48.119998931884766,48.13999938964844,245600,0.0,48.13999938964844
2020-11-10,47.83000183105469,47.9900016784668,46.290000915527344,47.02000045776367,482000,0.0,47.02000045776367
2020-11-11,47.31999969482422,48.11000061035156,47.220001220703125,48.0,428500,0.0,48.0
2020-11-12,48.0099983215332,48.22999954223633,47.375999450683594,47.61000061035156,157700,0.0,47.61000061035156
2020-11-13,47.849998474121094,48.20500183105469,47.779998779296875,48.15999984741211,77100,0.0,48.15999984741211
2020-11-16,48.189998626708984,48.5,47.959999084472656,48.459999084472656,194700,0.0,48.459999084472656
2020-11-17,48.34000015258789,48.72999954223633,48.060001373291016,48.65999984741211,159300,0.0,48.65999984741211
2020-11-18,48.7400016784668,48.880001068115234,48.00199890136719,48.02000045776367,115200,0.0,48.02000045776367
2020-11-19,47.9900016784668,48.69499969482422,47.91999816894531,48.650001525878906,83000,0.0,48.650001525878906
2020-11-20,48.709999084472656,49.314998626708984,48.709999084472656,49.029998779296875,84200,0.0,49.029998779296875
2020-11-23,49.2400016784668,49.349998474121094,48.689998626708984,49.09000015258789,132300,0.0,49.09000015258789
2020-11-24,49.349998474121094,49.5,49.04999923706055,49.290000915527344,126800,0.0,49.290000915527344
2020-11-25,49.290000915527344,49.790000915527344,49.290000915527344,49.720001220703125,148500,0.0,49.720001220703125
2020-11-27,49.9900016784668,50.4900016784668,49.9900016784668,50.459999084472656,85900,0.0,50.459999084472656
2020-11-30,50.560001373291016,50.790000915527344,49.68000030517578,50.220001220703125,135900,0.0,50.220001220703125
2020-12-01,51.0,51.069000244140625,50.5,50.61000061035156,104900,0.0,50.61000061035156
2020-12-02,50.59000015258789,50.61000061035156,50.05500030517578,50.59000015258789,105100,0.0,50.59000015258789
2020-12-03,50.720001220703125,51.65999984741211,50.720001220703125,51.41999816894531,448100,0.0,51.41999816894531
2020-12-04,51.58000183105469,52.310001373291016,51.470001220703125,52.2599983215332,164500,0.0,52.2599983215332
2020-12-07,52.22999954223633,52.689998626708984,52.22999954223633,52.56999969482422,138200,0.0,52.56999969482422
2020-12-08,52.43000030517578,53.428001403808594,52.43000030517578,53.349998474121094,306800,0.0,53.349998474121094
2020-12-09,53.189998626708984,53.31999969482422,51.52000045776367,52.040000915527344,400700,0.0,52.040000915527344
2020-12-10,51.880001068115234,53.0,51.54999923706055,52.959999084472656,221900,0.0,52.959999084472656
2020-12-11,52.66999816894531,53.0,52.34000015258789,52.939998626708984,132100,0.0,52.939998626708984
2020-12-14,53.40999984741211,53.941001892089844,53.150001525878906,53.2599983215332,191500,0.04,53.2599983215332
2020-12-15,53.52000045776367,53.65999984741211,53.029998779296875,53.630001068115234,217700,0.0,53.630001068115234
2020-12-16,53.83000183105469,54.29999923706055,53.79800033569336,54.0099983215332,308300,0.0,54.0099983215332
2020-12-17,54.380001068115234,54.76499938964844,54.369998931884766,54.70000076293945,141500,0.0,54.70000076293945
2020-12-18,55.02000045776367,56.9900016784668,55.0,56.90999984741211,1144200,0.0,56.90999984741211
2020-12-21,56.20000076293945,57.22999954223633,56.04999923706055,57.20000076293945,638200,0.0,57.20000076293945
2020-12-22,57.689998626708984,58.88999938964844,57.61000061035156,58.86000061035156,561100,0.0,58.86000061035156
2020-12-23,59.08000183105469,59.34000015258789,58.439998626708984,58.54999923706055,447600,0.0,58.54999923706055
2020-12-24,58.779998779296875,58.9900016784668,58.119998931884766,58.369998931884766,197500,0.0,58.369998931884766
2020-12-28,58.970001220703125,58.970001220703125,57.875999450683594,57.91999816894531,334900,0.0,57.91999816894531
2020-12-29,58.41999816894531,58.41999816894531,56.900001525878906,57.220001220703125,386500,0.0,57.220001220703125
2020-12-30,57.400001525878906,57.82600021362305,57.290000915527344,57.47999954223633,181700,0.0,57.47999954223633
2020-12-31,57.56999969482422,57.650001525878906,57.099998474121094,57.560001373291016,130000,0.0,57.560001373291016
2021-01-04,57.90999984741211,57.95000076293945,55.790000915527344,56.56999969482422,466600,0.0,56.56999969482422
2021-01-05,56.540000915527344,56.86000061035156,56.23699951171875,56.709999084472656,255000,0.0,56.709999084472656
2021-01-06,56.400001525878906,57.11000061035156,55.79999923706055,56.41999816894531,233500,0.0,56.41999816894531
2021-01-07,56.880001068115234,58.09000015258789,56.86000061035156,57.970001220703125,507300,0.0,57.970001220703125
2021-01-08,58.369998931884766,59.15999984741211,58.209999084472656,58.84000015258789,351800,0.0,58.84000015258789
2021-01-11,58.349998474121094,59.189998626708984,57.599998474121094,58.79999923706055,336400,0.0,58.79999923706055
2021-01-12,59.060001373291016,59.775001525878906,58.900001525878906,59.70000076293945,326400,0.0,59.70000076293945
2021-01-13,59.790000915527344,59.900001525878906,58.869998931884766,58.869998931884766,246500,0.0,58.869998931884766
2021-01-14,59.2400016784668,59.75,59.2400016784668,59.56999969482422,276000,0.0,59.56999969482422
2021-01-15,59.86000061035156,60.27899932861328,59.290000915527344,59.619998931884766,316100,0.0,59.619998931884766
2021-01-19,60.18000030517578,60.90999984741211,59.79999923706055,60.75,260000,0.0,60.75
2021-01-20,61.560001373291016,61.88999938964844,61.15599822998047,61.4900016784668,365600,0.0,61.4900016784668
2021-01-21,61.810001373291016,61.90999984741211,60.84000015258789,61.09000015258789,266200,0.0,61.09000015258789
2021-01-22,60.79999923706055,61.81999969482422,60.7599983215332,61.7599983215332,196400,0.0,61.7599983215332
2021-01-25,62.83000183105469,63.439998626708984,61.040000915527344,62.16999816894531,291300,0.0,62.16999816894531
2021-01-26,62.40999984741211,62.5,61.70000076293945,62.150001525878906,216000,0.0,62.150001525878906
2021-01-27,61.65999984741211,64.36000061035156,61.060001373291016,62.56999969482422,406900,0.0,62.56999969482422
2021-01-28,62.15999984741211,62.68000030517578,60.400001525878906,60.83000183105469,386500,0.0,60.83000183105469
2021-01-29,61.11000061035156,61.20000076293945,59.5,59.83000183105469,254300,0.0,59.83000183105469
2021-02-01,60.27000045776367,60.88999938964844,59.61000061035156,60.65999984741211,396900,0.0,60.65999984741211
2021-02-02,61.29999923706055,61.810001373291016,60.65999984741211,61.33000183105469,224900,0.0,61.33000183105469
2021-02-03,61.400001525878906,61.470001220703125,60.119998931884766,60.16999816894531,327800,0.0,60.16999816894531
2021-02-04,60.54999923706055,61.22999954223633,60.459999084472656,61.099998474121094,256200,0.0,61.099998474121094
2021-02-05,61.2599983215332,61.6349983215332,61.22999954223633,61.47999954223633,160600,0.0,61.47999954223633
2021-02-08,62.150001525878906,62.56999969482422,61.880001068115234,62.040000915527344,228800,0.0,62.040000915527344
2021-02-09,62.290000915527344,62.9900016784668,61.939998626708984,62.84000015258789,227300,0.0,62.84000015258789
2021-02-10,62.790000915527344,62.85499954223633,61.36800003051758,62.0099983215332,245000,0.0,62.0099983215332
2021-02-11,62.369998931884766,62.75,61.70000076293945,62.400001525878906,272800,0.0,62.400001525878906
2021-02-12,62.279998779296875,62.380001068115234,61.560001373291016,62.150001525878906,240700,0.0,62.150001525878906
2021-02-16,62.540000915527344,62.54999923706055,60.90999984741211,61.189998626708984,399400,0.0,61.189998626708984
2021-02-17,61.06999969482422,61.22999954223633,59.81999969482422,60.63999938964844,865100,0.0,60.63999938964844
2021-02-18,60.2400016784668,60.7400016784668,59.70000076293945,60.45000076293945,196600,0.0,60.45000076293945
2021-02-19,60.849998474121094,61.28300094604492,60.65999984741211,60.81999969482422,165500,0.0,60.81999969482422
2021-02-22,60.45000076293945,60.45000076293945,59.2599983215332,59.400001525878906,420900,0.0,59.400001525878906
2021-02-23,57.88999938964844,58.400001525878906,56.41999816894531,58.209999084472656,418400,0.0,58.209999084472656
2021-02-24,58.4900016784668,58.79999923706055,57.25,58.63999938964844,197300,0.0,58.63999938964844
2021-02-25,58.4900016784668,58.70000076293945,56.22999954223633,56.5099983215332,313900,0.0,56.5099983215332
2021-02-26,56.75,57.06999969482422,55.5099983215332,56.189998626708984,208500,0.0,56.189998626708984
2021-03-01,57.040000915527344,58.09000015258789,57.029998779296875,57.939998626708984,166100,0.0,57.939998626708984
2021-03-02,58.18000030517578,58.25,57.0,57.06999969482422,127200,0.0,57.06999969482422
2021-03-03,57.0099983215332,57.064998626708984,55.180999755859375,55.40999984741211,335700,0.0,55.40999984741211
2021-03-04,55.31999969482422,55.7239990234375,53.58000183105469,54.15999984741211,426500,0.0,54.15999984741211
2021-03-05,54.5,54.64099884033203,52.380001068115234,54.47999954223633,299600,0.0,54.47999954223633
2021-03-08,54.59000015258789,55.22999954223633,53.861000061035156,53.91999816894531,193400,0.0,53.91999816894531
2021-03-09,55.31999969482422,56.650001525878906,55.25,56.31999969482422,262100,0.0,56.31999969482422
2021-03-10,57.119998931884766,57.5,55.93000030517578,56.11000061035156,263300,0.0,56.11000061035156
2021-03-11,57.0,57.7599983215332,56.84000015258789,57.43000030517578,126900,0.0,57.43000030517578
2021-03-12,57.11000061035156,57.43000030517578,56.380001068115234,57.43000030517578,98700,0.0,57.43000030517578
2021-03-15,57.5,57.80500030517578,57.25,57.779998779296875,115900,0.0,57.779998779296875
2021-03-16,58.0,58.220001220703125,56.93000030517578,57.2599983215332,151200,0.0,57.2599983215332
2021-03-17,56.939998626708984,57.689998626708984,56.34000015258789,57.33000183105469,166000,0.0,57.33000183105469
2021-03-18,56.72999954223633,56.73899841308594,55.47999954223633,55.54999923706055,163900,0.0,55.54999923706055
2021-03-19,55.54999923706055,56.36000061035156,55.43000030517578,55.95000076293945,156400,0.0,55.95000076293945
2021-03-22,56.189998626708984,56.90999984741211,56.189998626708984,56.689998626708984,86500,0.0,56.689998626708984
2021-03-23,56.560001373291016,56.65999984741211,55.720001220703125,55.869998931884766,122600,0.0,55.869998931884766
2021-03-24,56.099998474121094,56.099998474121094,54.380001068115234,54.40999984741211,113400,0.0,54.40999984741211
2021-03-25,54.04999923706055,54.59000015258789,53.54100036621094,54.41999816894531,167400,0.0,54.41999816894531
2021-03-26,54.52000045776367,55.06999969482422,54.0099983215332,55.02000045776367,111200,0.0,55.02000045776367
2021-03-29,54.810001373291016,55.21500015258789,54.24100112915039,54.45000076293945,73200,0.0,54.45000076293945
2021-03-30,54.2400016784668,54.2599983215332,53.60499954223633,54.13999938964844,150900,0.0,54.13999938964844
2021-03-31,54.25,55.150001525878906,54.25,54.900001525878906,190100,0.0,54.900001525878906
2021-04-01,55.27000045776367,56.02000045776367,55.27000045776367,55.650001525878906,232000,0.0,55.650001525878906
2021-04-05,56.029998779296875,56.29999923706055,55.66999816894531,56.220001220703125,149300,0.0,56.220001220703125
2021-04-06,56.11000061035156,56.720001220703125,55.91999816894531,56.41999816894531,257300,0.0,56.41999816894531
2021-04-07,56.5,56.52000045776367,55.52000045776367,55.65999984741211,212600,0.0,55.65999984741211
2021-04-08,55.93000030517578,56.56999969482422,55.93000030517578,56.52000045776367,183400,0.0,56.52000045776367
2021-04-09,56.470001220703125,56.470001220703125,55.849998474121094,56.2400016784668,108800,0.0,56.2400016784668
2021-04-12,56.099998474121094,56.5,55.959999084472656,56.279998779296875,99000,0.0,56.279998779296875
2021-04-13,56.5099983215332,57.220001220703125,56.5099983215332,57.18000030517578,430000,0.0,57.18000030517578
2021-04-14,57.33000183105469,57.79999923706055,56.792999267578125,56.869998931884766,174700,0.0,56.869998931884766
2021-04-15,57.209999084472656,57.779998779296875,57.209999084472656,57.709999084472656,101300,0.0,57.709999084472656
2021-04-16,57.810001373291016,57.810001373291016,57.119998931884766,57.33000183105469,95400,0.0,57.33000183105469
2021-04-19,57.25,57.47999954223633,56.7400016784668,57.11000061035156,137800,0.0,57.11000061035156
2021-04-20,57.08000183105469,57.33000183105469,56.119998931884766,56.45000076293945,250100,0.0,56.45000076293945
2021-04-21,56.25,56.93000030517578,55.959999084472656,56.849998474121094,103900,0.0,56.849998474121094
2021-04-22,56.95000076293945,57.779998779296875,56.869998931884766,57.099998474121094,164200,0.0,57.099998474121094
2021-04-23,57.349998474121094,57.784000396728516,57.25,57.66999816894531,59400,0.0,57.66999816894531
2021-04-26,58.43000030517578,59.099998474121094,58.34000015258789,58.97999954223633,349100,0.0,58.97999954223633
2021-04-27,59.0,59.099998474121094,58.53200149536133,58.709999084472656,68900,0.0,58.709999084472656
2021-04-28,58.61000061035156,58.61000061035156,58.0,58.09000015258789,107500,0.0,58.09000015258789
2021-04-29,58.400001525878906,58.400001525878906,57.310001373291016,57.84000015258789,115100,0.0,57.84000015258789
2021-04-30,57.4900016784668,57.82500076293945,57.07500076293945,57.15999984741211,126800,0.0,57.15999984741211
2021-05-03,57.56999969482422,57.56999969482422,56.81999969482422,56.939998626708984,129200,0.0,56.939998626708984
2021-05-04,56.5,56.529998779296875,55.35100173950195,56.11000061035156,253600,0.0,56.11000061035156
2021-05-05,56.41999816894531,56.5,55.369998931884766,55.630001068115234,107400,0.0,55.630001068115234
2021-05-06,55.619998931884766,55.619998931884766,54.62099838256836,55.380001068115234,419600,0.0,55.380001068115234
2021-05-07,55.77000045776367,56.38999938964844,55.63999938964844,56.04999923706055,114100,0.0,56.04999923706055
2021-05-10,56.4900016784668,56.4900016784668,55.380001068115234,55.459999084472656,248600,0.0,55.459999084472656
2021-05-11,54.41999816894531,56.06999969482422,54.029998779296875,55.91999816894531,310800,0.0,55.91999816894531
2021-05-12,55.540000915527344,55.68000030517578,54.630001068115234,54.959999084472656,183100,0.0,54.959999084472656
2021-05-13,55.13999938964844,55.650001525878906,54.599998474121094,55.09000015258789,152100,0.0,55.09000015258789
2021-05-14,55.5,56.599998474121094,55.47600173950195,56.5,177300,0.0,56.5
2021-05-17,56.099998474121094,56.41999816894531,55.5099983215332,55.91999816894531,124800,0.0,55.91999816894531
2021-05-18,56.18000030517578,56.7599983215332,56.029998779296875,56.290000915527344,274400,0.0,56.290000915527344
2021-05-19,55.34000015258789,56.040000915527344,55.029998779296875,55.95000076293945,164500,0.0,55.95000076293945
2021-05-20,56.20000076293945,57.099998474121094,56.20000076293945,56.900001525878906,370000,0.0,56.900001525878906
2021-05-21,57.45000076293945,57.790000915527344,57.11000061035156,57.279998779296875,179400,0.0,57.279998779296875
2021-05-24,57.540000915527344,58.17499923706055,57.5099983215332,58.0,229300,0.0,58.0
2021-05-25,58.209999084472656,58.209999084472656,57.709999084472656,57.779998779296875,180500,0.0,57.779998779296875
2021-05-26,58.029998779296875,58.63999938964844,58.029998779296875,58.400001525878906,143000,0.0,58.400001525878906
2021-05-27,58.38999938964844,58.779998779296875,57.88999938964844,58.689998626708984,131100,0.0,58.689998626708984
2021-05-28,58.83000183105469,59.17900085449219,58.5,58.54999923706055,134700,0.0,58.54999923706055
2021-06-01,58.959999084472656,59.0,57.90999984741211,58.459999084472656,197300,0.0,58.459999084472656
2021-06-02,58.689998626708984,59.45000076293945,58.619998931884766,59.2400016784668,231500,0.0,59.2400016784668
2021-06-03,59.2400016784668,59.650001525878906,58.11199951171875,58.59000015258789,190800,0.0,58.59000015258789
2021-06-04,58.7599983215332,59.13999938964844,58.65999984741211,59.0099983215332,256200,0.0,59.0099983215332
2021-06-07,59.2400016784668,59.900001525878906,59.02000045776367,59.849998474121094,245900,0.0,59.849998474121094
2021-06-08,60.2400016784668,60.63999938964844,59.935001373291016,60.33000183105469,362600,0.0,60.33000183105469
2021-06-09,60.52000045776367,60.650001525878906,60.15999984741211,60.209999084472656,235500,0.0,60.209999084472656
2021-06-10,60.31999969482422,61.11899948120117,60.099998474121094,61.09000015258789,271700,0.0,61.09000015258789
2021-06-11,61.15999984741211,61.20000076293945,60.7400016784668,61.099998474121094,288900,0.0,61.099998474121094
2021-06-14,61.11000061035156,61.33000183105469,60.86000061035156,61.25,191400,0.0,61.25
2021-06-15,61.13999938964844,61.257999420166016,60.540000915527344,60.630001068115234,224300,0.0,60.630001068115234
2021-06-16,60.65999984741211,60.97999954223633,60.02000045776367,60.630001068115234,145600,0.0,60.630001068115234
2021-06-17,60.400001525878906,61.56999969482422,60.400001525878906,61.43000030517578,169900,0.0,61.43000030517578
2021-06-18,61.0099983215332,61.45000076293945,60.70000076293945,60.86000061035156,222500,0.0,60.86000061035156
2021-06-21,60.88999938964844,61.138999938964844,60.060001373291016,60.9900016784668,142800,0.0,60.9900016784668
2021-06-22,61.16999816894531,61.499000549316406,61.0099983215332,61.439998626708984,191700,0.02,61.439998626708984
2021-06-23,61.52000045776367,61.66999816894531,61.02000045776367,61.2400016784668,142700,0.0,61.2400016784668
2021-06-24,61.689998626708984,61.88999938964844,61.4900016784668,61.709999084472656,163800,0.0,61.709999084472656
2021-06-25,61.88999938964844,61.900001525878906,61.46099853515625,61.7599983215332,129100,0.0,61.7599983215332
2021-06-28,61.97999954223633,62.13999938964844,61.65999984741211,61.83000183105469,196600,0.0,61.83000183105469
2021-06-29,61.84000015258789,61.91999816894531,61.400001525878906,61.470001220703125,131900,0.0,61.470001220703125
2021-06-30,61.290000915527344,61.400001525878906,60.58000183105469,60.650001525878906,146300,0.0,60.650001525878906
2021-07-01,60.70000076293945,60.91999816894531,60.34000015258789,60.63999938964844,90200,0.0,60.63999938964844
2021-07-02,60.91999816894531,61.099998474121094,60.505001068115234,60.70000076293945,83200,0.0,60.70000076293945
2021-07-06,61.0,61.709999084472656,60.81999969482422,61.599998474121094,360700,0.0,61.599998474121094
2021-07-07,61.91999816894531,62.25,61.310001373291016,62.040000915527344,294900,0.0,62.040000915527344
2021-07-08,61.13999938964844,61.900001525878906,60.630001068115234,61.66999816894531,130100,0.0,61.66999816894531
2021-07-09,62.040000915527344,62.61899948120117,61.849998474121094,62.54999923706055,164200,0.0,62.54999923706055
2021-07-12,62.689998626708984,62.900001525878906,61.65999984741211,61.79999923706055,291100,0.0,61.79999923706055
2021-07-13,61.529998779296875,62.0,61.3120002746582,61.439998626708984,205900,0.0,61.439998626708984
2021-07-14,61.900001525878906,61.959999084472656,60.97999954223633,61.04999923706055,235300,0.0,61.04999923706055
2021-07-15,60.95000076293945,61.1609992980957,60.029998779296875,60.40999984741211,224200,0.0,60.40999984741211
2021-07-16,60.83000183105469,61.13199996948242,60.439998626708984,60.4900016784668,105900,0.0,60.4900016784668
2021-07-19,59.72999954223633,60.63999938964844,59.56999969482422,60.41999816894531,147800,0.0,60.41999816894531
2021-07-20,60.790000915527344,61.97999954223633,60.619998931884766,61.68000030517578,174300,0.0,61.68000030517578
2021-07-21,61.70000076293945,62.27799987792969,61.4900016784668,62.27000045776367,245100,0.0,62.27000045776367
2021-07-22,62.06999969482422,62.529998779296875,62.06999969482422,62.45000076293945,268100,0.0,62.45000076293945
2021-07-23,62.7599983215332,63.189998626708984,62.529998779296875,63.130001068115234,126700,0.0,63.130001068115234
2021-07-26,62.97999954223633,63.07699966430664,62.68000030517578,62.709999084472656,147700,0.0,62.709999084472656
2021-07-27,62.75,62.95000076293945,61.380001068115234,62.0099983215332,230400,0.0,62.0099983215332
2021-07-28,62.150001525878906,62.959999084472656,62.150001525878906,62.849998474121094,156100,0.0,62.849998474121094
2021-07-29,62.97999954223633,63.34000015258789,62.75,62.9900016784668,124000,0.0,62.9900016784668
2021-07-30,62.630001068115234,63.04899978637695,62.564998626708984,62.63999938964844,72000,0.0,62.63999938964844
2021-08-02,62.90999984741211,63.31999969482422,62.15999984741211,62.9900016784668,96900,0.0,62.9900016784668
2021-08-03,63.029998779296875,63.029998779296875,62.40999984741211,62.84000015258789,104000,0.0,62.84000015258789
2021-08-04,62.45000076293945,62.599998474121094,62.09000015258789,62.279998779296875,99000,0.0,62.279998779296875
2021-08-05,62.41999816894531,62.459999084472656,62.12300109863281,62.25,266900,0.0,62.25
2021-08-06,61.95000076293945,62.111000061035156,61.34000015258789,61.630001068115234,101100,0.0,61.630001068115234
2021-08-09,61.52000045776367,61.84000015258789,61.380001068115234,61.72999954223633,104800,0.0,61.72999954223633
2021-08-10,61.720001220703125,61.849998474121094,61.060001373291016,61.290000915527344,114800,0.0,61.290000915527344
2021-08-11,61.52000045776367,61.61800003051758,61.0,61.209999084472656,198300,0.0,61.209999084472656
2021-08-12,61.369998931884766,62.29999923706055,61.2599983215332,62.25,130800,0.0,62.25
2021-08-13,62.27000045776367,62.52000045776367,62.09000015258789,62.34000015258789,103100,0.0,62.34000015258789
2021-08-16,61.97999954223633,62.0,61.154998779296875,61.650001525878906,95900,0.0,61.650001525878906
2021-08-17,61.189998626708984,61.2869987487793,60.779998779296875,61.02000045776367,163300,0.0,61.02000045776367
2021-08-18,60.970001220703125,61.29999923706055,60.599998474121094,60.619998931884766,65800,0.0,60.619998931884766
2021-08-19,60.119998931884766,60.869998931884766,60.05099868774414,60.58000183105469,72300,0.0,60.58000183105469
2021-08-20,60.66999816894531,61.27000045776367,60.560001373291016,61.04999923706055,187100,0.0,61.04999923706055
2021-08-23,61.290000915527344,61.90599822998047,61.099998474121094,61.88999938964844,181600,0.0,61.88999938964844
2021-08-24,62.310001373291016,63.16999816894531,62.29499816894531,63.09000015258789,207800,0.0,63.09000015258789
2021-08-25,63.209999084472656,63.91899871826172,63.130001068115234,63.689998626708984,273700,0.0,63.689998626708984
2021-08-26,63.81999969482422,64.08999633789062,63.459999084472656,63.90999984741211,297200,0.0,63.90999984741211
2021-08-27,64.0999984741211,64.73999786376953,63.939998626708984,64.56999969482422,153600,0.0,64.56999969482422
2021-08-30,64.68000030517578,64.88999938964844,64.44999694824219,64.72000122070312,141400,0.0,64.72000122070312
2021-08-31,64.80999755859375,64.80999755859375,64.47000122070312,64.58000183105469,216900,0.0,64.58000183105469
2021-09-01,64.83000183105469,65.2699966430664,64.72200012207031,65.0999984741211,147300,0.0,65.0999984741211
2021-09-02,65.19000244140625,65.4990005493164,65.0,65.45999908447266,197900,0.0,65.45999908447266
2021-09-03,65.44999694824219,66.23300170898438,65.44999694824219,66.2300033569336,119900,0.0,66.2300033569336
2021-09-07,66.30000305175781,66.33999633789062,65.44999694824219,65.47000122070312,139800,0.0,65.47000122070312
2021-09-08,65.45999908447266,65.45999908447266,64.70500183105469,64.7699966430664,99000,0.0,64.7699966430664
2021-09-09,64.76000213623047,65.37999725341797,64.70999908447266,64.86000061035156,271100,0.0,64.86000061035156
2021-09-10,65.06999969482422,65.07499694824219,64.20999908447266,64.23999786376953,118900,0.0,64.23999786376953
2021-09-13,64.44000244140625,64.44000244140625,63.79800033569336,64.22000122070312,158900,0.0,64.22000122070312
2021-09-14,64.37000274658203,64.47000122070312,63.70000076293945,63.81999969482422,186700,0.0,63.81999969482422
2021-09-15,64.0999984741211,64.45999908447266,63.84199905395508,64.38999938964844,138700,0.0,64.38999938964844
2021-09-16,64.5,64.98999786376953,64.37000274658203,64.91000366210938,130600,0.0,64.91000366210938
2021-09-17,64.95999908447266,65.19000244140625,64.5469970703125,64.69999694824219,183300,0.0,64.69999694824219
2021-09-20,63.459999084472656,63.54999923706055,62.08000183105469,62.72999954223633,386300,0.0,62.72999954223633
2021-09-21,63.11000061035156,63.41999816894531,62.61600112915039,62.849998474121094,262200,0.12,62.849998474121094
2021-09-22,63.13999938964844,63.59000015258789,62.88999938964844,63.369998931884766,117000,0.0,63.369998931884766
2021-09-23,63.77000045776367,64.58999633789062,63.709999084472656,64.3499984741211,210800,0.0,64.3499984741211
2021-09-24,63.84000015258789,64.05999755859375,63.47999954223633,63.970001220703125,82700,0.0,63.970001220703125
2021-09-27,63.79999923706055,63.810001373291016,63.029998779296875,63.279998779296875,190600,0.0,63.279998779296875
2021-09-28,62.36000061035156,62.36000061035156,61.06999969482422,61.13999938964844,236200,0.0,61.13999938964844
2021-09-29,61.400001525878906,61.65999984741211,60.82099914550781,60.91999816894531,153000,0.0,60.91999816894531
2021-09-30,61.13999938964844,61.529998779296875,60.720001220703125,60.81999969482422,163800,0.0,60.81999969482422
2021-10-01,61.09000015258789,61.72999954223633,60.5,61.58000183105469,94000,0.0,61.58000183105469
2021-10-04,61.31999969482422,61.31999969482422,59.79999923706055,60.279998779296875,255300,0.0,60.279998779296875
2021-10-05,60.5099983215332,61.41999816894531,60.5,61.13999938964844,255600,0.0,61.13999938964844
2021-10-06,60.5099983215332,61.66999816894531,60.349998474121094,61.59000015258789,132000,0.0,61.59000015258789
2021-10-07,62.18000030517578,63.1879997253418,62.0,62.720001220703125,140000,0.0,62.720001220703125
2021-10-08,62.97999954223633,63.10499954223633,62.31999969482422,62.439998626708984,108200,0.0,62.439998626708984
2021-10-11,62.16999816894531,62.529998779296875,61.95000076293945,61.9900016784668,63900,0.0,61.9900016784668
2021-10-12,62.209999084472656,62.869998931884766,62.20000076293945,62.619998931884766,65900,0.0,62.619998931884766
2021-10-13,62.91999816894531,63.9900016784668,62.91999816894531,63.90999984741211,219700,0.0,63.90999984741211
2021-10-14,64.58999633789062,65.0,64.51000213623047,64.91999816894531,414000,0.0,64.91999816894531
2021-10-15,65.05000305175781,65.12899780273438,64.69999694824219,64.88999938964844,113400,0.0,64.88999938964844
2021-10-18,64.69000244140625,65.31600189208984,64.5999984741211,65.19999694824219,284800,0.0,65.19999694824219
2021-10-19,65.45999908447266,65.79000091552734,65.0,65.6500015258789,148900,0.0,65.6500015258789
2021-10-20,65.72000122070312,65.87000274658203,65.36000061035156,65.7699966430664,91400,0.0,65.7699966430664
2021-10-21,65.62000274658203,66.16999816894531,65.55500030517578,66.1500015258789,381500,0.0,66.1500015258789
2021-10-22,66.08999633789062,66.38999938964844,65.62999725341797,65.94999694824219,279800,0.0,65.94999694824219
2021-10-25,65.76000213623047,66.37000274658203,65.44999694824219,65.77999877929688,129900,0.0,65.77999877929688
2021-10-26,65.83000183105469,65.9800033569336,64.75299835205078,64.93000030517578,178800,0.0,64.93000030517578
2021-10-27,65.05000305175781,65.38500213623047,64.16799926757812,64.26000213623047,124600,0.0,64.26000213623047
2021-10-28,64.37000274658203,65.08499908447266,64.2300033569336,64.80999755859375,96300,0.0,64.80999755859375
2021-10-29,64.80999755859375,65.76000213623047,64.80999755859375,65.76000213623047,131000,0.0,65.76000213623047
2021-11-01,65.5999984741211,65.5999984741211,65.08999633789062,65.56999969482422,130200,0.0,65.56999969482422
2021-11-02,65.5199966430664,65.69999694824219,65.02999877929688,65.31999969482422,427100,0.0,65.31999969482422
2021-11-03,65.47000122070312,66.16000366210938,65.26499938964844,66.05999755859375,467000,0.0,66.05999755859375
2021-11-04,66.41999816894531,66.9000015258789,66.2300033569336,66.63999938964844,193000,0.0,66.63999938964844
2021-11-05,67.12999725341797,67.27999877929688,66.13999938964844,66.61000061035156,127600,0.0,66.61000061035156
2021-11-08,66.88999938964844,67.91999816894531,66.83000183105469,67.76000213623047,545800,0.0,67.76000213623047
2021-11-09,67.76000213623047,67.97000122070312,67.18499755859375,67.62999725341797,156800,0.0,67.62999725341797
2021-11-10,67.54000091552734,67.91999816894531,66.05999755859375,66.33000183105469,179500,0.0,66.33000183105469
2021-11-11,66.76000213623047,67.18800354003906,66.45999908447266,66.48999786376953,105100,0.0,66.48999786376953
2021-11-12,66.8499984741211,67.2699966430664,66.8499984741211,67.1500015258789,175300,0.0,67.1500015258789
2021-11-15,67.2699966430664,67.2699966430664,66.01000213623047,66.2300033569336,145900,0.0,66.2300033569336
2021-11-16,66.1500015258789,66.60199737548828,66.05000305175781,66.51000213623047,234600,0.0,66.51000213623047
2021-11-17,66.5999984741211,66.5999984741211,65.83000183105469,66.08999633789062,102200,0.0,66.08999633789062
2021-11-18,66.1500015258789,66.1500015258789,65.0,65.51000213623047,124200,0.0,65.51000213623047
2021-11-19,65.58000183105469,65.80999755859375,64.80999755859375,64.8499984741211,90900,0.0,64.8499984741211
2021-11-22,65.11000061035156,65.11000061035156,63.130001068115234,63.189998626708984,185200,0.0,63.189998626708984
2021-11-23,62.959999084472656,63.22999954223633,61.720001220703125,62.369998931884766,209700,0.0,62.369998931884766
2021-11-24,61.880001068115234,62.97999954223633,61.619998931884766,62.91999816894531,177400,0.0,62.91999816894531
2021-11-26,62.029998779296875,62.77000045776367,61.59000015258789,61.86000061035156,113100,0.0,61.86000061035156
2021-11-29,62.400001525878906,62.689998626708984,61.65999984741211,62.189998626708984,116200,0.0,62.189998626708984
2021-11-30,62.029998779296875,62.40999984741211,60.694000244140625,61.290000915527344,254800,0.0,61.290000915527344
2021-12-01,62.189998626708984,62.310001373291016,59.130001068115234,59.220001220703125,294800,0.0,59.220001220703125
2021-12-02,59.20000076293945,60.402000427246094,59.099998474121094,60.209999084472656,294400,0.0,60.209999084472656
2021-12-03,60.43000030517578,60.459999084472656,58.25,58.900001525878906,234600,0.0,58.900001525878906
2021-12-06,59.040000915527344,59.310001373291016,57.63999938964844,59.02000045776367,220200,0.0,59.02000045776367
2021-12-07,59.900001525878906,61.111000061035156,59.88999938964844,60.7599983215332,209600,0.0,60.7599983215332
2021-12-08,60.7400016784668,61.36899948120117,60.11000061035156,61.119998931884766,103600,0.0,61.119998931884766
2021-12-09,61.099998474121094,61.380001068115234,59.93000030517578,60.119998931884766,103000,0.0,60.119998931884766
2021-12-10,60.13999938964844,60.41999816894531,59.61000061035156,59.779998779296875,246400,0.0,59.779998779296875
2021-12-13,59.83000183105469,60.41999816894531,59.63999938964844,60.029998779296875,143200,0.0,60.029998779296875
2021-12-14,59.06999969482422,59.369998931884766,58.270999908447266,59.06999969482422,175600,0.0,59.06999969482422
2021-12-15,58.959999084472656,60.62900161743164,58.900001525878906,60.40999984741211,172900,0.0,60.40999984741211
2021-12-16,60.66999816894531,60.86000061035156,59.05500030517578,59.470001220703125,164800,0.0,59.470001220703125
2021-12-17,59.0,60.349998474121094,58.70000076293945,60.13999938964844,137100,0.0,60.13999938964844
2021-12-20,59.189998626708984,59.400001525878906,58.66999816894531,59.2599983215332,247300,0.0,59.2599983215332
2021-12-21,59.439998626708984,60.560001373291016,59.2400016784668,60.5099983215332,163200,0.0,60.5099983215332
2021-12-22,60.310001373291016,60.97999954223633,60.25,60.95000076293945,142100,0.0,60.95000076293945
2021-12-23,60.91999816894531,61.54499816894531,60.689998626708984,61.380001068115234,101800,0.0,61.380001068115234
2021-12-27,61.65999984741211,62.20000076293945,61.54999923706055,62.130001068115234,124000,0.0,62.130001068115234
2021-12-28,62.310001373291016,62.41999816894531,61.619998931884766,61.7599983215332,106800,0.017,61.7599983215332
2021-12-29,61.7400016784668,61.880001068115234,61.209999084472656,61.70000076293945,173200,0.0,61.70000076293945
2021-12-30,61.65999984741211,62.459999084472656,61.65999984741211,61.9900016784668,119200,0.0,61.9900016784668
2021-12-31,61.9900016784668,62.130001068115234,61.43000030517578,61.45000076293945,54000,0.0,61.45000076293945
2022-01-03,61.59000015258789,61.70000076293945,60.43000030517578,61.2599983215332,182600,0.0,61.2599983215332
2022-01-04,61.25,61.25,59.2599983215332,60.029998779296875,232200,0.0,60.029998779296875
2022-01-05,59.72999954223633,59.880001068115234,58.04999923706055,58.15999984741211,536300,0.0,58.15999984741211
2022-01-06,57.90999984741211,58.946998596191406,57.650001525878906,58.18000030517578,211800,0.0,58.18000030517578
2022-01-07,58.029998779296875,58.880001068115234,57.529998779296875,57.939998626708984,185300,0.0,57.939998626708984
2022-01-10,57.20000076293945,58.38999938964844,56.369998931884766,58.38999938964844,270700,0.0,58.38999938964844
2022-01-11,58.22999954223633,59.25199890136719,58.09000015258789,59.11000061035156,218000,0.0,59.11000061035156
2022-01-12,59.529998779296875,59.847999572753906,58.459999084472656,58.709999084472656,137000,0.0,58.709999084472656
2022-01-13,58.70000076293945,58.7869987487793,56.95100021362305,57.130001068115234,220300,0.0,57.130001068115234
2022-01-14,56.68000030517578,57.487998962402344,56.43000030517578,57.290000915527344,179800,0.0,57.290000915527344
2022-01-18,55.97999954223633,56.9900016784668,55.97999954223633,56.099998474121094,299200,0.0,56.099998474121094
2022-01-19,56.06999969482422,57.02899932861328,55.79999923706055,55.88999938964844,235800,0.0,55.88999938964844
2022-01-20,56.22999954223633,57.33000183105469,55.689998626708984,55.7400016784668,247900,0.0,55.7400016784668
2022-01-21,55.4900016784668,56.04999923706055,54.5,54.630001068115234,289700,0.0,54.630001068115234
2022-01-24,53.29999923706055,55.189998626708984,52.15999984741211,55.15999984741211,427500,0.0,55.15999984741211
2022-01-25,54.290000915527344,54.5,52.85100173950195,53.43000030517578,234100,0.0,53.43000030517578
2022-01-26,53.90999984741211,54.78499984741211,52.720001220703125,53.0,231800,0.0,53.0
2022-01-27,53.31999969482422,53.84000015258789,52.20000076293945,52.38999938964844,161600,0.0,52.38999938964844
2022-01-28,52.189998626708984,53.290000915527344,51.58399963378906,53.290000915527344,292400,0.0,53.290000915527344
2022-01-31,53.209999084472656,55.279998779296875,53.209999084472656,55.189998626708984,129400,0.0,55.189998626708984
2022-02-01,55.36000061035156,55.7400016784668,54.540000915527344,55.720001220703125,195300,0.0,55.720001220703125
2022-02-02,55.93000030517578,55.939998626708984,54.7599983215332,55.099998474121094,163900,0.0,55.099998474121094
2022-02-03,54.13999938964844,54.7400016784668,53.689998626708984,53.84000015258789,107600,0.0,53.84000015258789
2022-02-04,53.84000015258789,55.209999084472656,53.54399871826172,54.849998474121094,98600,0.0,54.849998474121094
2022-02-07,54.86000061035156,55.66400146484375,54.77000045776367,55.060001373291016,115700,0.0,55.060001373291016
2022-02-08,54.970001220703125,55.790000915527344,54.70000076293945,55.72999954223633,425100,0.0,55.72999954223633
2022-02-09,56.31999969482422,56.91999816894531,56.029998779296875,56.900001525878906,91200,0.0,56.900001525878906
2022-02-10,56.18000030517578,57.599998474121094,56.0,56.5099983215332,158500,0.0,56.5099983215332
2022-02-11,56.47999954223633,56.90999984741211,55.09000015258789,55.38999938964844,116400,0.0,55.38999938964844
2022-02-14,55.099998474121094,55.85499954223633,54.849998474121094,55.220001220703125,102400,0.0,55.220001220703125
2022-02-15,55.63999938964844,56.130001068115234,55.459999084472656,56.130001068115234,80700,0.0,56.130001068115234
2022-02-16,55.65999984741211,55.90999984741211,55.060001373291016,55.81999969482422,151300,0.0,55.81999969482422
2022-02-17,55.40999984741211,55.439998626708984,54.130001068115234,54.2599983215332,94700,0.0,54.2599983215332
2022-02-18,54.2599983215332,54.439998626708984,53.310001373291016,53.43000030517578,88700,0.0,53.43000030517578
2022-02-22,52.97999954223633,53.75,52.7400016784668,52.95000076293945,237800,0.0,52.95000076293945
2022-02-23,53.5,53.54999923706055,51.72999954223633,51.869998931884766,279900,0.0,51.869998931884766
2022-02-24,50.40999984741211,55.029998779296875,50.279998779296875,54.959999084472656,1214700,0.0,54.959999084472656
2022-02-25,55.13999938964844,55.79999923706055,54.0,55.72999954223633,547900,0.0,55.72999954223633
2022-02-28,55.86000061035156,57.63999938964844,55.849998474121094,57.38999938964844,672700,0.0,57.38999938964844
2022-03-01,57.91999816894531,58.54999923706055,57.310001373291016,57.70000076293945,550900,0.0,57.70000076293945
2022-03-02,58.02000045776367,58.52000045776367,57.16999816894531,58.38999938964844,501400,0.0,58.38999938964844
2022-03-03,58.83000183105469,58.83000183105469,57.279998779296875,57.63999938964844,392000,0.0,57.63999938964844
2022-03-04,57.27000045776367,57.7400016784668,56.25,56.810001373291016,329300,0.0,56.810001373291016
2022-03-07,56.880001068115234,57.11000061035156,55.209999084472656,55.540000915527344,381600,0.0,55.540000915527344
2022-03-08,55.349998474121094,55.922000885009766,54.70000076293945,54.84000015258789,317300,0.0,54.84000015258789
2022-03-09,55.63999938964844,56.459999084472656,55.314998626708984,56.220001220703125,134200,0.0,56.220001220703125
2022-03-10,55.79999923706055,56.279998779296875,55.369998931884766,55.86000061035156,211000,0.0,55.86000061035156
2022-03-11,56.15999984741211,56.380001068115234,54.54999923706055,54.619998931884766,140800,0.0,54.619998931884766
2022-03-14,54.560001373291016,54.7599983215332,53.0099983215332,53.36000061035156,251500,0.0,53.36000061035156
2022-03-15,53.439998626708984,54.22999954223633,53.25,54.189998626708984,157700,0.0,54.189998626708984
2022-03-16,54.5099983215332,55.25,53.47999954223633,55.209999084472656,214200,0.0,55.209999084472656
2022-03-17,54.9900016784668,56.43000030517578,54.630001068115234,56.2400016784668,157500,0.0,56.2400016784668
2022-03-18,56.13999938964844,57.35200119018555,56.04999923706055,57.11000061035156,225200,0.0,57.11000061035156
2022-03-21,56.86000061035156,57.06999969482422,56.012001037597656,56.86000061035156,199800,0.0,56.86000061035156
2022-03-22,56.79999923706055,58.54899978637695,56.68199920654297,58.33000183105469,653200,0.0,58.33000183105469
2022-03-23,57.95000076293945,58.650001525878906,57.22999954223633,57.88999938964844,267800,0.025,57.88999938964844
2022-03-24,58.0,58.720001220703125,57.45000076293945,58.689998626708984,170300,0.0,58.689998626708984
2022-03-25,58.79999923706055,58.79999923706055,57.529998779296875,58.4900016784668,318400,0.0,58.4900016784668
2022-03-28,58.400001525878906,58.95000076293945,57.959999084472656,58.93000030517578,138300,0.0,58.93000030517578
2022-03-29,59.29999923706055,59.5,58.29999923706055,59.279998779296875,234600,0.0,59.279998779296875
2022-03-30,59.150001525878906,59.75,58.65599822998047,58.900001525878906,110000,0.0,58.900001525878906
2022-03-31,58.97999954223633,59.47999954223633,58.65999984741211,58.720001220703125,87700,0.0,58.720001220703125
2022-04-01,58.83000183105469,59.13999938964844,58.41999816894531,58.91999816894531,117200,0.0,58.91999816894531
2022-04-04,59.0,59.79999923706055,59.0,59.66999816894531,114800,0.0,59.66999816894531
2022-04-05,59.65999984741211,59.83000183105469,58.36000061035156,58.650001525878906,206800,0.0,58.650001525878906
2022-04-06,57.869998931884766,58.0099983215332,56.849998474121094,57.27000045776367,224800,0.0,57.27000045776367
2022-04-07,57.0099983215332,58.099998474121094,57.0099983215332,57.70000076293945,261600,0.0,57.70000076293945
2022-04-08,57.66999816894531,57.832000732421875,56.970001220703125,57.02000045776367,86700,0.0,57.02000045776367
2022-04-11,56.540000915527344,57.709999084472656,56.540000915527344,57.22999954223633,131200,0.0,57.22999954223633
2022-04-12,57.849998474121094,58.63999938964844,57.09000015258789,57.34000015258789,118400,0.0,57.34000015258789
2022-04-13,57.459999084472656,59.185001373291016,57.459999084472656,58.970001220703125,154500,0.0,58.970001220703125
2022-04-14,59.04999923706055,59.18000030517578,57.880001068115234,57.90999984741211,126300,0.0,57.90999984741211
2022-04-18,57.709999084472656,57.720001220703125,56.63999938964844,57.060001373291016,156000,0.0,57.060001373291016
2022-04-19,56.97999954223633,58.16999816894531,56.77000045776367,58.0099983215332,102000,0.0,58.0099983215332
2022-04-20,58.43000030517578,58.43000030517578,57.400001525878906,57.75,137900,0.0,57.75
2022-04-21,58.040000915527344,58.45000076293945,55.77000045776367,55.970001220703125,375600,0.0,55.970001220703125
2022-04-22,55.81999969482422,56.18000030517578,54.650001525878906,54.75,222400,0.0,54.75
2022-04-25,54.27000045776367,55.810001373291016,54.27000045776367,55.7599983215332,311200,0.0,55.7599983215332
2022-04-26,55.400001525878906,55.41999816894531,53.880001068115234,53.95000076293945,205700,0.0,53.95000076293945
2022-04-27,53.619998931884766,54.20000076293945,53.029998779296875,53.11000061035156,203600,0.0,53.11000061035156
2022-04-28,53.56999969482422,54.49599838256836,52.849998474121094,54.150001525878906,137200,0.0,54.150001525878906
2022-04-29,53.7400016784668,54.290000915527344,51.97999954223633,52.09000015258789,212200,0.0,52.09000015258789
2022-05-02,52.0,52.8390007019043,51.880001068115234,52.7400016784668,210900,0.0,52.7400016784668
2022-05-03,52.7599983215332,53.04999923706055,52.08000183105469,52.36000061035156,146500,0.0,52.36000061035156
2022-05-04,52.16999816894531,52.880001068115234,50.529998779296875,52.77000045776367,345500,0.0,52.77000045776367
2022-05-05,52.47999954223633,52.47999954223633,49.65999984741211,50.130001068115234,235900,0.0,50.130001068115234
2022-05-06,49.43000030517578,49.43000030517578,47.7400016784668,48.11000061035156,375400,0.0,48.11000061035156
2022-05-09,47.25,47.45000076293945,45.130001068115234,45.400001525878906,568600,0.0,45.400001525878906
2022-05-10,46.2400016784668,46.560001373291016,44.84000015258789,46.099998474121094,297900,0.0,46.099998474121094
2022-05-11,45.66999816894531,46.58000183105469,44.75,44.84000015258789,311500,0.0,44.84000015258789
2022-05-12,44.279998779296875,45.93000030517578,44.15999984741211,45.189998626708984,441100,0.0,45.189998626708984
2022-05-13,45.81999969482422,47.28900146484375,45.80799865722656,47.09000015258789,235800,0.0,47.09000015258789
2022-05-16,46.880001068115234,47.5099983215332,46.220001220703125,46.2400016784668,171500,0.0,46.2400016784668
2022-05-17,47.220001220703125,47.349998474121094,46.029998779296875,46.86000061035156,140400,0.0,46.86000061035156
2022-05-18,46.41999816894531,46.650001525878906,45.0,45.2400016784668,148500,0.0,45.2400016784668
2022-05-19,44.779998779296875,45.93299865722656,44.59000015258789,45.380001068115234,249000,0.0,45.380001068115234
2022-05-20,46.27000045776367,46.7239990234375,44.91999816894531,46.06999969482422,304700,0.0,46.06999969482422
2022-05-23,46.220001220703125,46.79999923706055,45.90999984741211,46.70000076293945,196600,0.0,46.70000076293945
2022-05-24,46.349998474121094,46.400001525878906,45.380001068115234,45.790000915527344,164400,0.0,45.790000915527344
2022-05-25,45.61000061035156,46.880001068115234,45.61000061035156,46.560001373291016,142900,0.0,46.560001373291016
2022-05-26,46.70000076293945,47.90999984741211,46.47999954223633,47.619998931884766,122000,0.0,47.619998931884766
2022-05-27,47.9900016784668,49.02000045776367,47.9900016784668,49.02000045776367,143800,0.0,49.02000045776367
2022-05-31,48.779998779296875,48.86000061035156,47.630001068115234,47.81999969482422,161000,0.0,47.81999969482422
2022-06-01,48.0,48.58000183105469,47.349998474121094,47.7599983215332,197000,0.0,47.7599983215332
2022-06-02,47.720001220703125,49.439998626708984,47.68600082397461,49.369998931884766,167500,0.0,49.369998931884766
2022-06-03,48.959999084472656,49.29999923706055,48.400001525878906,48.65999984741211,125400,0.0,48.65999984741211
2022-06-06,49.16999816894531,49.4900016784668,48.619998931884766,48.790000915527344,402600,0.0,48.790000915527344
2022-06-07,48.290000915527344,49.56999969482422,48.060001373291016,49.529998779296875,179900,0.0,49.529998779296875
2022-06-08,49.27000045776367,49.74599838256836,49.119998931884766,49.13999938964844,140100,0.0,49.13999938964844
2022-06-09,48.880001068115234,49.16999816894531,48.029998779296875,48.09000015258789,109100,0.0,48.09000015258789
2022-06-10,47.119998931884766,47.33000183105469,46.380001068115234,46.4900016784668,167700,0.0,46.4900016784668
2022-06-13,45.09000015258789,45.34000015258789,44.119998931884766,44.27000045776367,302400,0.0,44.27000045776367
2022-06-14,44.52000045776367,44.73400115966797,43.775001525878906,44.11000061035156,114100,0.0,44.11000061035156
2022-06-15,44.5099983215332,45.630001068115234,44.27299880981445,45.06999969482422,163900,0.0,45.06999969482422
2022-06-16,43.9900016784668,44.290000915527344,43.20000076293945,43.470001220703125,222100,0.0,43.470001220703125
2022-06-17,43.709999084472656,44.459999084472656,43.529998779296875,44.209999084472656,167500,0.0,44.209999084472656
2022-06-21,44.66999816894531,45.70000076293945,44.66999816894531,45.279998779296875,201900,0.0,45.279998779296875
2022-06-22,44.7599983215332,45.86000061035156,44.63999938964844,45.22999954223633,261200,0.02,45.22999954223633
2022-06-23,45.540000915527344,46.56999969482422,45.290000915527344,46.43000030517578,401700,0.0,46.43000030517578
2022-06-24,46.939998626708984,48.16999816894531,46.83000183105469,48.130001068115234,212000,0.0,48.130001068115234
2022-06-27,48.209999084472656,48.25,47.36000061035156,47.619998931884766,129200,0.0,47.619998931884766
2022-06-28,47.7400016784668,48.029998779296875,46.209999084472656,46.38999938964844,161100,0.0,46.38999938964844
2022-06-29,46.45000076293945,46.54999923706055,45.900001525878906,46.36000061035156,90700,0.0,46.36000061035156
2022-06-30,45.849998474121094,46.29999923706055,45.15999984741211,45.79999923706055,179700,0.0,45.79999923706055
2022-07-01,45.79999923706055,46.86000061035156,45.720001220703125,46.7400016784668,109300,0.0,46.7400016784668
2022-07-05,46.11000061035156,47.5,45.939998626708984,47.4900016784668,111100,0.0,47.4900016784668
2022-07-06,47.56999969482422,48.0,47.31999969482422,47.70000076293945,151500,0.0,47.70000076293945
2022-07-07,47.75,48.724998474121094,47.70000076293945,48.61000061035156,95600,0.0,48.61000061035156
2022-07-08,48.209999084472656,49.09000015258789,47.900001525878906,48.630001068115234,128300,0.0,48.630001068115234
2022-07-11,48.290000915527344,48.41999816894531,47.5,47.83000183105469,123700,0.0,47.83000183105469
2022-07-12,47.9900016784668,48.540000915527344,46.17499923706055,46.43000030517578,222100,0.0,46.43000030517578
2022-07-13,45.68000030517578,46.595001220703125,45.36000061035156,46.2400016784668,89100,0.0,46.2400016784668
2022-07-14,45.61000061035156,45.86000061035156,44.900001525878906,45.61000061035156,130000,0.0,45.61000061035156
2022-07-15,45.93000030517578,46.5099983215332,45.75,46.459999084472656,116300,0.0,46.459999084472656
2022-07-18,46.88999938964844,47.40999984741211,46.361000061035156,46.529998779296875,47600,0.0,46.529998779296875
2022-07-19,47.04999923706055,47.58000183105469,46.696998596191406,47.52000045776367,92800,0.0,47.52000045776367
2022-07-20,47.61000061035156,48.7599983215332,47.56999969482422,48.349998474121094,65500,0.0,48.349998474121094
2022-07-21,48.310001373291016,49.21799850463867,48.08000183105469,49.16999816894531,57000,0.0,49.16999816894531
2022-07-22,49.2599983215332,49.650001525878906,48.349998474121094,48.619998931884766,301000,0.0,48.619998931884766
2022-07-25,48.560001373291016,48.560001373291016,47.81999969482422,48.13999938964844,104600,0.0,48.13999938964844
2022-07-26,47.93000030517578,47.939998626708984,46.301998138427734,46.45000076293945,107900,0.0,46.45000076293945
2022-07-27,46.83000183105469,47.38999938964844,46.459999084472656,47.189998626708984,77300,0.0,47.189998626708984
2022-07-28,47.130001068115234,47.97999954223633,46.849998474121094,47.81999969482422,144500,0.0,47.81999969482422
2022-07-29,47.869998931884766,48.15999984741211,47.439998626708984,48.130001068115234,59900,0.0,48.130001068115234
2022-08-01,47.810001373291016,48.698001861572266,47.52000045776367,48.16999816894531,75800,0.0,48.16999816894531
2022-08-02,47.9900016784668,48.81999969482422,47.91999816894531,48.43000030517578,88600,0.0,48.43000030517578
2022-08-03,49.09000015258789,50.33000183105469,49.09000015258789,50.189998626708984,182100,0.0,50.189998626708984
2022-08-04,49.900001525878906,49.900001525878906,48.83000183105469,49.47999954223633,263700,0.0,49.47999954223633
2022-08-05,49.220001220703125,50.0099983215332,49.08000183105469,49.97999954223633,105100,0.0,49.97999954223633
2022-08-08,50.16999816894531,50.900001525878906,49.91999816894531,49.959999084472656,68200,0.0,49.959999084472656
2022-08-09,49.790000915527344,49.959999084472656,49.349998474121094,49.56999969482422,165700,0.0,49.56999969482422
2022-08-10,50.689998626708984,51.25,50.689998626708984,51.18000030517578,160700,0.0,51.18000030517578
2022-08-11,51.529998779296875,51.70000076293945,50.290000915527344,50.43000030517578,98200,0.0,50.43000030517578
2022-08-12,50.70000076293945,51.25,50.43000030517578,51.20000076293945,75400,0.0,51.20000076293945
2022-08-15,51.0,51.7599983215332,50.83000183105469,51.650001525878906,120800,0.0,51.650001525878906
2022-08-16,51.5099983215332,51.720001220703125,50.84199905395508,51.68000030517578,55100,0.0,51.68000030517578
2022-08-17,50.97999954223633,51.130001068115234,50.474998474121094,50.83000183105469,61900,0.0,50.83000183105469
2022-08-18,51.029998779296875,51.34000015258789,50.75,51.150001525878906,61900,0.0,51.150001525878906
2022-08-19,50.58000183105469,50.60499954223633,49.71500015258789,50.09000015258789,165700,0.0,50.09000015258789
2022-08-22,49.41999816894531,49.525001525878906,48.95000076293945,49.13999938964844,258600,0.0,49.13999938964844
2022-08-23,49.59000015258789,50.2130012512207,49.529998779296875,49.540000915527344,141000,0.0,49.540000915527344
2022-08-24,49.529998779296875,50.130001068115234,49.529998779296875,49.779998779296875,89600,0.0,49.779998779296875
2022-08-25,49.90999984741211,50.279998779296875,49.70000076293945,50.150001525878906,93400,0.0,50.150001525878906
2022-08-26,50.15999984741211,50.220001220703125,48.790000915527344,48.810001373291016,90000,0.0,48.810001373291016
2022-08-29,48.349998474121094,48.720001220703125,48.15999984741211,48.400001525878906,86500,0.0,48.400001525878906
2022-08-30,48.56999969482422,48.810001373291016,47.72999954223633,48.189998626708984,228700,0.0,48.189998626708984
2022-08-31,48.5099983215332,48.85499954223633,47.54999923706055,47.650001525878906,137100,0.0,47.650001525878906
2022-09-01,46.68000030517578,46.689998626708984,45.31999969482422,46.040000915527344,312200,0.0,46.040000915527344
2022-09-02,46.34000015258789,46.75,45.529998779296875,45.7400016784668,305500,0.0,45.7400016784668
2022-09-06,45.86000061035156,45.9900016784668,45.25,45.560001373291016,224600,0.0,45.560001373291016
2022-09-07,45.560001373291016,46.400001525878906,45.38999938964844,46.33000183105469,76300,0.0,46.33000183105469
2022-09-08,45.91999816894531,46.93000030517578,45.86000061035156,46.869998931884766,102500,0.0,46.869998931884766
2022-09-09,47.59000015258789,48.5,47.59000015258789,48.41999816894531,121900,0.0,48.41999816894531
2022-09-12,48.7400016784668,49.279998779296875,48.71500015258789,49.20000076293945,139800,0.0,49.20000076293945
2022-09-13,47.84000015258789,47.95000076293945,47.0,47.220001220703125,140200,0.0,47.220001220703125
2022-09-14,47.15999984741211,47.2599983215332,46.75699996948242,47.099998474121094,113700,0.0,47.099998474121094
2022-09-15,46.84000015258789,47.172000885009766,46.33000183105469,46.54999923706055,69500,0.0,46.54999923706055
2022-09-16,45.9900016784668,45.9900016784668,45.13999938964844,45.630001068115234,126300,0.0,45.630001068115234
2022-09-19,45.2400016784668,46.22999954223633,45.2400016784668,46.16999816894531,88400,0.0,46.16999816894531
2022-09-20,45.810001373291016,46.04499816894531,45.540000915527344,45.7400016784668,50900,0.0,45.7400016784668
2022-09-21,46.0099983215332,46.62699890136719,45.29999923706055,45.34000015258789,74300,0.0,45.34000015258789
2022-09-22,45.189998626708984,45.279998779296875,44.220001220703125,44.290000915527344,141400,0.0,44.290000915527344
2022-09-23,43.720001220703125,43.970001220703125,42.95000076293945,43.40999984741211,162200,0.0,43.40999984741211
2022-09-26,43.34000015258789,44.189998626708984,43.15999984741211,43.18000030517578,224700,0.0,43.18000030517578
2022-09-27,43.65999984741211,44.099998474121094,43.09000015258789,43.470001220703125,103600,0.0,43.470001220703125
2022-09-28,43.5,44.4900016784668,43.38999938964844,44.33000183105469,118400,0.0,44.33000183105469
2022-09-29,43.869998931884766,44.02199935913086,43.20000076293945,43.77000045776367,69200,0.0,43.77000045776367
2022-09-30,43.59000015258789,44.5,43.310001373291016,43.369998931884766,62900,0.0,43.369998931884766
2022-10-03,43.68000030517578,44.7400016784668,43.58000183105469,44.52000045776367,81500,0.0,44.52000045776367
2022-10-04,45.400001525878906,46.06999969482422,45.400001525878906,45.970001220703125,120800,0.0,45.970001220703125
2022-10-05,45.36000061035156,46.31999969482422,45.018001556396484,46.060001373291016,89400,0.0,46.060001373291016
2022-10-06,45.779998779296875,46.32500076293945,45.540000915527344,45.75,79100,0.0,45.75
2022-10-07,45.119998931884766,45.119998931884766,43.97999954223633,44.150001525878906,55500,0.0,44.150001525878906
2022-10-10,44.2400016784668,44.2400016784668,42.70000076293945,43.040000915527344,84500,0.0,43.040000915527344
2022-10-11,42.779998779296875,43.02000045776367,42.04999923706055,42.31999969482422,89800,0.0,42.31999969482422
2022-10-12,42.27000045776367,42.349998474121094,41.7400016784668,42.09000015258789,106700,0.0,42.09000015258789
2022-10-13,40.9900016784668,42.81999969482422,40.650001525878906,42.560001373291016,130400,0.0,42.560001373291016
2022-10-14,43.0,43.09000015258789,41.43299865722656,41.5,76600,0.0,41.5
2022-10-17,42.36000061035156,43.29999923706055,42.36000061035156,43.02000045776367,133000,0.0,43.02000045776367
2022-10-18,43.97999954223633,44.5099983215332,43.630001068115234,44.130001068115234,119000,0.0,44.130001068115234
2022-10-19,43.720001220703125,44.15999984741211,43.40999984741211,43.66999816894531,55800,0.0,43.66999816894531
2022-10-20,43.65999984741211,44.63999938964844,43.65999984741211,43.91999816894531,61600,0.0,43.91999816894531
2022-10-21,43.7400016784668,44.73400115966797,43.36000061035156,44.630001068115234,89400,0.0,44.630001068115234
2022-10-24,44.77000045776367,44.900001525878906,44.04999923706055,44.7599983215332,58000,0.0,44.7599983215332
2022-10-25,44.84000015258789,46.060001373291016,44.84000015258789,46.029998779296875,181500,0.0,46.029998779296875
2022-10-26,45.56999969482422,46.69499969482422,45.400001525878906,45.790000915527344,56200,0.0,45.790000915527344
2022-10-27,45.97999954223633,46.810001373291016,45.97999954223633,46.2599983215332,84400,0.0,46.2599983215332
2022-10-28,46.119998931884766,47.21500015258789,46.119998931884766,47.130001068115234,91600,0.0,47.130001068115234
2022-10-31,46.75,47.29999923706055,46.66999816894531,47.0,57500,0.0,47.0
2022-11-01,47.380001068115234,47.63999938964844,46.52000045776367,46.599998474121094,70200,0.0,46.599998474121094
2022-11-02,46.459999084472656,46.599998474121094,44.84000015258789,44.84000015258789,102900,0.0,44.84000015258789
2022-11-03,43.959999084472656,44.0,43.20000076293945,43.619998931884766,156700,0.0,43.619998931884766
2022-11-04,43.81999969482422,43.81999969482422,41.95000076293945,42.599998474121094,131800,0.0,42.599998474121094
2022-11-07,42.849998474121094,42.869998931884766,42.15999984741211,42.61000061035156,85400,0.0,42.61000061035156
2022-11-08,42.91999816894531,44.029998779296875,42.619998931884766,43.470001220703125,139900,0.0,43.470001220703125
2022-11-09,43.13999938964844,43.224998474121094,42.685001373291016,42.81999969482422,55600,0.0,42.81999969482422
2022-11-10,44.5,45.40999984741211,44.400001525878906,45.31999969482422,211600,0.0,45.31999969482422
2022-11-11,45.13999938964844,46.08000183105469,45.0,45.959999084472656,105000,0.0,45.959999084472656
2022-11-14,45.65999984741211,45.970001220703125,45.27000045776367,45.369998931884766,108100,0.0,45.369998931884766
2022-11-15,46.314998626708984,46.56999969482422,45.880001068115234,46.11000061035156,109600,0.0,46.11000061035156
2022-11-16,45.93000030517578,45.94300079345703,45.369998931884766,45.540000915527344,74100,0.0,45.540000915527344
2022-11-17,44.880001068115234,45.314998626708984,44.53499984741211,45.040000915527344,65600,0.0,45.040000915527344
2022-11-18,45.72999954223633,45.77000045776367,45.02000045776367,45.22999954223633,76000,0.0,45.22999954223633
2022-11-21,45.08000183105469,45.36199951171875,44.97999954223633,45.33000183105469,61000,0.0,45.33000183105469
2022-11-22,45.310001373291016,45.61000061035156,44.91999816894531,45.54999923706055,115900,0.0,45.54999923706055
2022-11-23,45.5099983215332,46.189998626708984,45.37200164794922,46.0099983215332,63800,0.0,46.0099983215332
2022-11-25,45.93000030517578,46.189998626708984,45.779998779296875,46.04999923706055,34600,0.0,46.04999923706055
2022-11-28,45.81999969482422,46.06999969482422,45.40999984741211,45.59000015258789,82800,0.0,45.59000015258789
2022-11-29,45.529998779296875,45.65999984741211,45.189998626708984,45.290000915527344,72100,0.0,45.290000915527344
2022-11-30,44.619998931884766,45.9900016784668,44.250999450683594,45.97999954223633,138100,0.0,45.97999954223633
2022-12-01,46.36000061035156,47.63999938964844,46.36000061035156,47.529998779296875,226500,0.0,47.529998779296875
2022-12-02,46.66999816894531,47.04999923706055,46.5,46.880001068115234,48800,0.0,46.880001068115234
2022-12-05,46.459999084472656,46.720001220703125,45.40999984741211,45.720001220703125,63600,0.0,45.720001220703125
2022-12-06,45.720001220703125,45.720001220703125,44.88999938964844,45.22999954223633,58200,0.0,45.22999954223633
2022-12-07,45.09000015258789,45.404998779296875,44.861000061035156,44.93000030517578,87000,0.0,44.93000030517578
2022-12-08,45.09000015258789,45.88999938964844,44.849998474121094,45.70000076293945,66300,0.0,45.70000076293945
2022-12-09,45.439998626708984,45.84000015258789,45.3120002746582,45.380001068115234,179700,0.0,45.380001068115234
2022-12-12,45.40999984741211,46.29999923706055,45.33000183105469,46.22999954223633,118000,0.0,46.22999954223633
2022-12-13,47.709999084472656,47.709999084472656,46.10900115966797,46.54999923706055,133100,0.0,46.54999923706055
2022-12-14,46.470001220703125,46.9900016784668,46.119998931884766,46.47999954223633,76900,0.0,46.47999954223633
2022-12-15,45.880001068115234,46.09000015258789,44.90999984741211,45.119998931884766,93900,0.0,45.119998931884766
2022-12-16,44.70000076293945,44.939998626708984,44.332000732421875,44.81999969482422,206400,0.0,44.81999969482422
2022-12-19,44.7599983215332,44.7599983215332,43.849998474121094,43.9900016784668,266300,0.0,43.9900016784668
2022-12-20,43.720001220703125,44.43000030517578,43.599998474121094,44.33000183105469,134100,0.0,44.33000183105469
2022-12-21,44.36000061035156,44.599998474121094,43.67499923706055,44.36000061035156,123300,0.0,44.36000061035156
2022-12-22,43.91999816894531,43.91999816894531,43.16999816894531,43.81999969482422,138300,0.0,43.81999969482422
2022-12-23,43.619998931884766,43.638999938964844,43.23400115966797,43.619998931884766,100000,0.0,43.619998931884766
2022-12-27,43.47999954223633,43.630001068115234,43.0099983215332,43.349998474121094,148700,0.0,43.349998474121094
2022-12-28,43.25,43.630001068115234,42.86000061035156,42.90999984741211,126800,0.059,42.90999984741211
2022-12-29,43.18000030517578,44.130001068115234,43.11000061035156,44.04999923706055,176400,0.0,44.04999923706055
2022-12-30,43.619998931884766,44.08000183105469,43.5,44.04999923706055,73000,0.0,44.04999923706055
2023-01-03,44.349998474121094,44.88999938964844,43.58000183105469,43.939998626708984,62400,0.0,43.939998626708984
2023-01-04,44.22999954223633,44.54999923706055,43.900001525878906,44.11000061035156,84500,0.0,44.11000061035156
2023-01-05,43.68000030517578,43.68000030517578,42.59000015258789,42.65999984741211,75000,0.0,42.65999984741211
2023-01-06,42.880001068115234,43.290000915527344,42.369998931884766,43.13999938964844,158600,0.0,43.13999938964844
2023-01-09,43.369998931884766,43.9900016784668,43.106998443603516,43.130001068115234,68800,0.0,43.130001068115234
2023-01-10,43.04999923706055,43.31999969482422,42.7400016784668,43.16999816894531,93000,0.0,43.16999816894531
2023-01-11,43.25,43.470001220703125,43.02000045776367,43.470001220703125,84200,0.0,43.470001220703125
2023-01-12,43.43000030517578,43.5,42.625,43.43000030517578,92200,0.0,43.43000030517578
2023-01-13,42.93000030517578,43.790000915527344,42.93000030517578,43.70000076293945,166200,0.0,43.70000076293945
2023-01-17,43.619998931884766,44.439998626708984,43.43000030517578,44.29999923706055,116800,0.0,44.29999923706055
2023-01-18,44.58000183105469,44.95000076293945,43.59000015258789,43.63999938964844,115600,0.0,43.63999938964844
2023-01-19,43.290000915527344,43.630001068115234,43.077999114990234,43.220001220703125,110700,0.0,43.220001220703125
2023-01-20,43.380001068115234,44.25,43.2400016784668,44.22999954223633,139600,0.0,44.22999954223633
2023-01-23,44.34000015258789,44.9900016784668,44.16999816894531,44.95000076293945,301600,0.0,44.95000076293945
2023-01-24,44.75,45.279998779296875,44.689998626708984,44.779998779296875,163400,0.0,44.779998779296875
2023-01-25,44.15999984741211,44.84000015258789,43.72999954223633,44.75,114700,0.0,44.75
2023-01-26,45.13999938964844,45.709999084472656,44.91999816894531,45.65999984741211,167500,0.0,45.65999984741211
2023-01-27,45.36000061035156,45.959999084472656,45.36000061035156,45.7599983215332,75800,0.0,45.7599983215332
2023-01-30,45.380001068115234,45.599998474121094,45.029998779296875,45.06999969482422,66600,0.0,45.06999969482422
2023-01-31,45.2599983215332,45.95000076293945,45.06800079345703,45.93000030517578,96400,0.0,45.93000030517578
2023-02-01,45.7599983215332,47.108001708984375,45.61000061035156,46.84000015258789,130500,0.0,46.84000015258789
2023-02-02,47.58000183105469,48.31999969482422,47.50299835205078,48.08000183105469,185100,0.0,48.08000183105469
2023-02-03,47.20000076293945,47.685001373291016,46.869998931884766,47.029998779296875,104000,0.0,47.029998779296875
2023-02-06,46.63999938964844,47.060001373291016,46.130001068115234,46.20000076293945,70200,0.0,46.20000076293945
2023-02-07,46.150001525878906,47.119998931884766,45.81999969482422,47.02000045776367,127400,0.0,47.02000045776367
2023-02-08,47.709999084472656,47.84000015258789,46.9900016784668,47.029998779296875,114800,0.0,47.029998779296875
2023-02-09,47.529998779296875,47.875,46.7599983215332,46.83000183105469,49900,0.0,46.83000183105469
2023-02-10,46.83000183105469,46.91999816894531,46.220001220703125,46.810001373291016,109200,0.0,46.810001373291016
2023-02-13,46.88999938964844,47.560001373291016,46.79999923706055,47.38999938964844,79500,0.0,47.38999938964844
2023-02-14,47.16999816894531,48.060001373291016,46.91999816894531,47.65999984741211,102600,0.0,47.65999984741211
2023-02-15,47.31999969482422,48.36000061035156,47.31999969482422,48.34000015258789,158300,0.0,48.34000015258789
2023-02-16,47.65999984741211,48.06999969482422,47.459999084472656,47.4900016784668,69400,0.0,47.4900016784668
2023-02-17,47.16999816894531,47.19499969482422,46.650001525878906,47.13999938964844,66200,0.0,47.13999938964844
2023-02-21,46.59000015258789,46.90999984741211,46.31999969482422,46.5,68600,0.0,46.5
2023-02-22,46.869998931884766,47.209999084472656,46.65999984741211,46.91999816894531,111200,0.0,46.91999816894531
2023-02-23,47.2400016784668,47.33000183105469,46.369998931884766,46.97999954223633,84200,0.0,46.97999954223633
2023-02-24,46.290000915527344,46.518001556396484,46.08000183105469,46.2599983215332,113400,0.0,46.2599983215332
2023-02-27,46.599998474121094,47.060001373291016,46.279998779296875,46.349998474121094,51400,0.0,46.349998474121094
2023-02-28,46.33000183105469,46.59000015258789,46.150001525878906,46.2599983215332,85400,0.0,46.2599983215332
2023-03-01,46.18000030517578,46.45000076293945,45.941001892089844,46.08000183105469,98400,0.0,46.08000183105469
2023-03-02,45.91999816894531,46.88999938964844,45.88999938964844,46.790000915527344,119200,0.0,46.790000915527344
2023-03-03,46.77000045776367,47.290000915527344,46.66999816894531,47.22999954223633,50800,0.0,47.22999954223633
2023-03-06,47.349998474121094,47.65999984741211,47.029998779296875,47.099998474121094,117900,0.0,47.099998474121094
2023-03-07,47.11000061035156,47.31999969482422,46.54999923706055,46.66999816894531,74700,0.0,46.66999816894531
2023-03-08,46.790000915527344,46.84000015258789,46.27000045776367,46.4900016784668,50900,0.0,46.4900016784668
2023-03-09,46.5,46.77000045776367,45.435001373291016,45.470001220703125,85000,0.0,45.470001220703125
2023-03-10,45.349998474121094,45.41999816894531,44.209999084472656,44.439998626708984,115900,0.0,44.439998626708984
2023-03-13,44.11000061035156,45.00899887084961,43.88999938964844,44.41999816894531,126800,0.0,44.41999816894531
2023-03-14,44.9900016784668,45.290000915527344,44.79999923706055,45.119998931884766,128000,0.0,45.119998931884766
2023-03-15,44.560001373291016,44.900001525878906,44.34000015258789,44.86000061035156,62200,0.0,44.86000061035156
2023-03-16,44.650001525878906,45.540000915527344,44.61000061035156,45.47999954223633,198000,0.0,45.47999954223633
2023-03-17,45.400001525878906,45.625,44.91999816894531,45.119998931884766,63500,0.0,45.119998931884766
2023-03-20,45.11000061035156,45.650001525878906,45.0,45.59000015258789,133200,0.0,45.59000015258789
2023-03-21,45.849998474121094,46.540000915527344,45.84000015258789,46.43000030517578,70900,0.0,46.43000030517578
2023-03-22,46.380001068115234,46.619998931884766,45.41999816894531,45.439998626708984,64700,0.0,45.439998626708984
2023-03-23,45.79999923706055,46.494998931884766,45.77000045776367,46.060001373291016,68100,0.0,46.060001373291016
2023-03-24,45.849998474121094,45.97999954223633,45.58000183105469,45.970001220703125,45600,0.0,45.970001220703125
2023-03-27,46.18000030517578,46.4379997253418,46.0,46.2599983215332,53800,0.0,46.2599983215332
2023-03-28,46.18000030517578,46.349998474121094,45.95000076293945,46.130001068115234,56100,0.0,46.130001068115234
2023-03-29,46.470001220703125,46.540000915527344,46.25400161743164,46.5,78600,0.0,46.5
2023-03-30,46.77000045776367,47.0,46.52000045776367,46.7400016784668,55500,0.0,46.7400016784668
2023-03-31,46.90999984741211,47.880001068115234,46.900001525878906,47.81999969482422,65200,0.0,47.81999969482422
2023-04-03,47.63999938964844,47.849998474121094,47.42499923706055,47.689998626708984,66900,0.0,47.689998626708984
2023-04-04,47.689998626708984,47.849998474121094,47.47999954223633,47.619998931884766,41500,0.0,47.619998931884766
2023-04-05,47.459999084472656,47.529998779296875,46.63999938964844,46.900001525878906,52300,0.0,46.900001525878906
2023-04-06,46.619998931884766,47.185001373291016,46.40700149536133,47.16999816894531,42200,0.0,47.16999816894531
2023-04-10,46.72999954223633,47.224998474121094,46.525001525878906,47.18000030517578,69900,0.0,47.18000030517578
2023-04-11,47.099998474121094,47.48899841308594,46.9010009765625,47.29999923706055,104300,0.0,47.29999923706055
2023-04-12,47.70000076293945,47.96500015258789,47.439998626708984,47.47999954223633,83200,0.0,47.47999954223633
2023-04-13,47.66999816894531,48.20000076293945,47.66999816894531,48.119998931884766,66100,0.0,48.119998931884766
2023-04-14,47.779998779296875,48.119998931884766,47.36000061035156,47.83000183105469,79500,0.0,47.83000183105469
2023-04-17,47.83000183105469,48.11800003051758,47.79899978637695,48.09000015258789,68200,0.0,48.09000015258789
2023-04-18,48.33000183105469,48.5,47.86199951171875,47.97999954223633,114400,0.0,47.97999954223633
2023-04-19,47.560001373291016,47.77000045776367,47.25,47.279998779296875,48500,0.0,47.279998779296875
2023-04-20,46.93000030517578,47.13100051879883,46.779998779296875,46.939998626708984,131700,0.0,46.939998626708984
2023-04-21,46.97999954223633,47.209999084472656,46.779998779296875,47.15999984741211,45300,0.0,47.15999984741211
2023-04-24,47.16999816894531,47.23899841308594,46.45000076293945,46.720001220703125,35000,0.0,46.720001220703125
2023-04-25,46.04999923706055,46.04999923706055,45.08000183105469,45.08000183105469,110800,0.0,45.08000183105469
2023-04-26,45.27000045776367,45.334999084472656,44.84000015258789,44.95000076293945,74000,0.0,44.95000076293945
2023-04-27,45.2599983215332,45.56999969482422,45.04999923706055,45.5099983215332,45000,0.0,45.5099983215332
2023-04-28,44.70000076293945,44.93000030517578,44.380001068115234,44.90999984741211,96900,0.0,44.90999984741211
2023-05-01,44.68000030517578,44.91400146484375,44.5,44.619998931884766,77100,0.0,44.619998931884766
2023-05-02,44.400001525878906,44.400001525878906,43.45000076293945,43.54999923706055,93100,0.0,43.54999923706055
2023-05-03,43.68000030517578,44.13999938964844,43.56999969482422,43.61000061035156,60300,0.0,43.61000061035156
2023-05-04,43.4900016784668,43.7599983215332,43.33000183105469,43.380001068115234,122200,0.0,43.380001068115234
2023-05-05,43.65999984741211,44.5,43.65999984741211,44.45000076293945,81200,0.0,44.45000076293945
2023-05-08,45.0,45.349998474121094,44.95000076293945,45.279998779296875,111100,0.0,45.279998779296875
2023-05-09,45.18000030517578,45.619998931884766,45.16999816894531,45.27000045776367,257100,0.0,45.27000045776367
2023-05-10,45.70000076293945,46.25,45.70000076293945,46.130001068115234,57600,0.0,46.130001068115234
2023-05-11,46.060001373291016,46.060001373291016,45.68000030517578,45.90999984741211,72000,0.0,45.90999984741211
2023-05-12,45.900001525878906,45.939998626708984,45.275001525878906,45.70000076293945,58400,0.0,45.70000076293945
2023-05-15,45.70000076293945,46.3650016784668,45.70000076293945,46.33000183105469,53200,0.0,46.33000183105469
2023-05-16,46.040000915527344,46.15399932861328,45.88999938964844,45.939998626708984,63200,0.0,45.939998626708984
2023-05-17,46.02000045776367,46.560001373291016,45.810001373291016,46.470001220703125,86300,0.0,46.470001220703125
2023-05-18,46.40999984741211,47.209999084472656,46.290000915527344,47.189998626708984,61000,0.0,47.189998626708984
2023-05-19,47.15999984741211,47.599998474121094,47.15999984741211,47.349998474121094,104100,0.0,47.349998474121094
2023-05-22,47.36000061035156,48.095001220703125,47.36000061035156,47.88999938964844,84600,0.0,47.88999938964844
2023-05-23,47.599998474121094,47.97999954223633,47.18000030517578,47.18000030517578,56400,0.0,47.18000030517578
2023-05-24,47.0099983215332,47.63999938964844,47.0099983215332,47.43000030517578,119800,0.0,47.43000030517578
2023-05-25,47.9900016784668,48.0,47.439998626708984,47.58000183105469,99800,0.0,47.58000183105469
2023-05-26,47.66999816894531,48.9900016784668,47.66999816894531,48.599998474121094,124400,0.0,48.599998474121094
2023-05-30,49.040000915527344,49.400001525878906,48.77000045776367,49.06999969482422,92900,0.0,49.06999969482422
2023-05-31,48.95000076293945,49.47999954223633,48.79999923706055,49.43000030517578,145600,0.0,49.43000030517578
2023-06-01,48.56999969482422,49.40999984741211,48.165000915527344,49.06999969482422,77400,0.0,49.06999969482422
2023-06-02,49.189998626708984,49.540000915527344,49.02000045776367,49.27000045776367,118100,0.0,49.27000045776367
2023-06-05,49.189998626708984,49.470001220703125,48.7400016784668,49.220001220703125,65100,0.0,49.220001220703125
2023-06-06,49.13999938964844,49.49599838256836,49.0,49.38999938964844,76200,0.0,49.38999938964844
2023-06-07,49.45000076293945,49.52000045776367,48.5,48.540000915527344,267800,0.0,48.540000915527344
2023-06-08,48.540000915527344,49.08000183105469,48.5,48.93000030517578,42900,0.0,48.93000030517578
2023-06-09,49.029998779296875,49.369998931884766,48.689998626708984,48.90999984741211,42100,0.0,48.90999984741211
2023-06-12,49.130001068115234,49.72999954223633,49.130001068115234,49.70000076293945,57700,0.0,49.70000076293945
2023-06-13,50.0,50.369998931884766,49.95000076293945,50.29999923706055,91200,0.0,50.29999923706055
2023-06-14,50.34000015258789,50.5099983215332,49.981998443603516,50.40999984741211,60500,0.0,50.40999984741211
2023-06-15,50.349998474121094,51.4900016784668,50.119998931884766,51.40999984741211,153900,0.0,51.40999984741211
2023-06-16,51.72999954223633,51.84000015258789,50.90999984741211,51.06999969482422,113400,0.0,51.06999969482422
2023-06-20,50.7599983215332,50.88999938964844,50.16999816894531,50.41999816894531,132000,0.0,50.41999816894531
2023-06-21,50.20000076293945,50.290000915527344,49.4900016784668,49.650001525878906,74700,0.03,49.650001525878906
2023-06-22,49.459999084472656,49.84000015258789,49.20000076293945,49.79999923706055,56100,0.0,49.79999923706055
2023-06-23,49.25,49.36199951171875,49.06999969482422,49.130001068115234,55300,0.0,49.130001068115234
2023-06-26,49.0099983215332,49.36000061035156,48.880001068115234,48.93000030517578,60700,0.0,48.93000030517578
2023-06-27,49.060001373291016,49.91400146484375,49.060001373291016,49.790000915527344,64900,0.0,49.790000915527344
2023-06-28,49.56999969482422,50.09000015258789,49.56999969482422,49.86000061035156,54700,0.0,49.86000061035156
2023-06-29,49.81999969482422,50.220001220703125,49.81999969482422,50.13999938964844,34900,0.0,50.13999938964844
2023-06-30,50.56999969482422,50.970001220703125,50.54999923706055,50.58000183105469,109000,0.0,50.58000183105469
2023-07-03,50.54999923706055,50.630001068115234,50.29800033569336,50.52000045776367,43200,0.0,50.52000045776367
2023-07-05,50.22999954223633,50.459999084472656,50.05500030517578,50.27000045776367,77900,0.0,50.27000045776367
2023-07-06,49.7599983215332,49.7599983215332,49.255001068115234,49.689998626708984,59600,0.0,49.689998626708984
2023-07-07,49.56999969482422,50.154998779296875,49.56999969482422,49.630001068115234,43800,0.0,49.630001068115234
2023-07-10,49.540000915527344,50.529998779296875,49.52000045776367,50.439998626708984,52300,0.0,50.439998626708984
2023-07-11,50.52000045776367,50.845001220703125,50.35900115966797,50.72999954223633,47900,0.0,50.72999954223633
2023-07-12,51.20000076293945,51.290000915527344,49.849998474121094,50.0099983215332,64800,0.0,50.0099983215332
2023-07-13,50.310001373291016,51.060001373291016,50.220001220703125,51.0099983215332,171500,0.0,51.0099983215332
2023-07-14,50.79999923706055,51.08000183105469,50.43000030517578,50.540000915527344,62500,0.0,50.540000915527344
2023-07-17,50.58000183105469,51.38999938964844,50.58000183105469,51.15999984741211,78400,0.0,51.15999984741211
2023-07-18,51.189998626708984,51.630001068115234,51.11600112915039,51.560001373291016,48600,0.0,51.560001373291016
2023-07-19,51.7599983215332,52.11000061035156,51.380001068115234,51.650001525878906,89100,0.0,51.650001525878906
2023-07-20,51.38999938964844,51.426998138427734,50.560001373291016,50.72999954223633,62800,0.0,50.72999954223633
2023-07-21,51.08000183105469,51.31999969482422,50.7599983215332,50.86000061035156,51700,0.0,50.86000061035156
2023-07-24,50.84000015258789,50.849998474121094,50.439998626708984,50.709999084472656,53500,0.0,50.709999084472656
2023-07-25,50.84000015258789,51.41999816894531,50.84000015258789,51.2599983215332,174300,0.0,51.2599983215332
2023-07-26,51.16999816894531,51.79999923706055,51.09000015258789,51.56999969482422,39500,0.0,51.56999969482422
2023-07-27,52.0099983215332,52.10499954223633,50.946998596191406,51.099998474121094,30500,0.0,51.099998474121094
2023-07-28,51.38999938964844,51.79800033569336,51.369998931884766,51.689998626708984,25400,0.0,51.689998626708984
2023-07-31,51.79999923706055,52.36000061035156,51.79999923706055,52.36000061035156,50000,0.0,52.36000061035156
2023-08-01,52.16999816894531,52.86000061035156,52.16999816894531,52.720001220703125,72600,0.0,52.720001220703125
2023-08-02,52.220001220703125,52.2400016784668,51.209999084472656,51.38999938964844,86900,0.0,51.38999938964844
2023-08-03,51.18000030517578,51.86000061035156,51.18000030517578,51.7400016784668,48600,0.0,51.7400016784668
2023-08-04,51.40999984741211,51.481998443603516,50.52000045776367,50.7599983215332,107400,0.0,50.7599983215332
2023-08-07,50.869998931884766,51.060001373291016,50.5,51.060001373291016,72400,0.0,51.060001373291016
2023-08-08,50.38999938964844,50.415000915527344,49.77000045776367,50.209999084472656,62100,0.0,50.209999084472656
2023-08-09,50.380001068115234,50.709999084472656,50.209999084472656,50.43000030517578,47100,0.0,50.43000030517578
2023-08-10,50.83000183105469,51.292999267578125,50.45800018310547,50.790000915527344,39300,0.0,50.790000915527344
2023-08-11,50.529998779296875,50.98899841308594,50.529998779296875,50.81999969482422,23800,0.0,50.81999969482422
2023-08-14,50.779998779296875,51.29999923706055,50.779998779296875,51.18000030517578,38500,0.0,51.18000030517578
2023-08-15,50.779998779296875,51.0,50.47999954223633,50.56999969482422,66400,0.0,50.56999969482422
2023-08-16,50.43000030517578,50.61000061035156,50.060001373291016,50.06999969482422,58400,0.0,50.06999969482422
2023-08-17,50.13999938964844,50.13999938964844,49.27000045776367,49.279998779296875,82500,0.0,49.279998779296875
2023-08-18,48.810001373291016,49.61000061035156,48.70000076293945,49.4900016784668,121200,0.0,49.4900016784668
2023-08-21,50.0,50.5,50.0,50.380001068115234,84700,0.0,50.380001068115234
2023-08-22,50.529998779296875,50.56999969482422,50.13999938964844,50.279998779296875,29200,0.0,50.279998779296875
2023-08-23,50.38999938964844,51.04999923706055,50.220001220703125,50.939998626708984,79300,0.0,50.939998626708984
2023-08-24,51.29999923706055,51.470001220703125,50.310001373291016,50.310001373291016,46800,0.0,50.310001373291016
2023-08-25,50.40999984741211,51.16999816894531,50.1609992980957,51.060001373291016,43300,0.0,51.060001373291016
2023-08-28,51.220001220703125,51.349998474121094,51.060001373291016,51.20000076293945,43900,0.0,51.20000076293945
2023-08-29,51.08000183105469,51.709999084472656,51.08000183105469,51.56999969482422,76800,0.0,51.56999969482422
2023-08-30,51.650001525878906,52.02000045776367,51.5,51.9900016784668,134900,0.0,51.9900016784668
2023-08-31,52.45000076293945,53.099998474121094,52.45000076293945,52.83000183105469,71000,0.0,52.83000183105469
2023-09-01,53.2400016784668,53.529998779296875,53.02000045776367,53.209999084472656,220600,0.0,53.209999084472656
2023-09-05,53.060001373291016,53.310001373291016,52.83000183105469,53.25,46800,0.0,53.25
2023-09-06,53.18000030517578,53.41999816894531,52.84600067138672,53.04999923706055,43700,0.0,53.04999923706055
2023-09-07,52.68000030517578,52.95000076293945,52.56999969482422,52.72999954223633,30500,0.0,52.72999954223633
2023-09-08,52.720001220703125,52.970001220703125,52.650001525878906,52.709999084472656,30200,0.0,52.709999084472656
2023-09-11,53.0099983215332,53.349998474121094,52.98500061035156,53.25,123000,0.0,53.25
2023-09-12,52.90999984741211,53.15999984741211,52.68000030517578,52.72999954223633,30300,0.0,52.72999954223633
2023-09-13,52.70000076293945,52.849998474121094,52.46500015258789,52.560001373291016,174000,0.0,52.560001373291016
2023-09-14,52.77000045776367,52.880001068115234,52.5099983215332,52.72999954223633,74700,0.0,52.72999954223633
2023-09-15,52.56999969482422,52.59000015258789,51.790000915527344,52.0,35900,0.0,52.0
2023-09-18,51.86000061035156,52.22999954223633,51.79999923706055,51.970001220703125,66300,0.0,51.970001220703125
2023-09-19,51.86000061035156,51.880001068115234,51.45000076293945,51.810001373291016,38100,0.0,51.810001373291016
2023-09-20,51.90999984741211,52.474998474121094,51.86000061035156,51.900001525878906,39300,0.01,51.900001525878906
2023-09-21,51.880001068115234,52.02000045776367,51.27000045776367,51.31999969482422,84700,0.0,51.31999969482422
2023-09-22,51.380001068115234,51.68000030517578,51.25,51.33000183105469,53400,0.0,51.33000183105469
2023-09-25,51.09000015258789,51.25,50.959999084472656,51.15999984741211,46700,0.0,51.15999984741211
2023-09-26,50.83000183105469,51.08000183105469,50.48400115966797,50.619998931884766,44500,0.0,50.619998931884766
2023-09-27,50.84000015258789,51.33100128173828,50.709999084472656,51.06999969482422,35500,0.0,51.06999969482422
2023-09-28,51.0,51.72999954223633,50.95000076293945,51.54999923706055,78700,0.0,51.54999923706055
2023-09-29,51.90999984741211,52.060001373291016,51.470001220703125,51.599998474121094,40300,0.0,51.599998474121094
2023-10-02,51.560001373291016,52.13999938964844,51.560001373291016,51.779998779296875,58900,0.0,51.779998779296875
2023-10-03,51.5,51.70000076293945,50.70000076293945,50.869998931884766,61100,0.0,50.869998931884766
2023-10-04,50.88999938964844,51.08000183105469,50.599998474121094,50.93000030517578,48900,0.0,50.93000030517578
2023-10-05,50.91999816894531,50.939998626708984,50.29999923706055,50.790000915527344,40000,0.0,50.790000915527344
2023-10-06,50.369998931884766,52.18000030517578,50.369998931884766,52.0099983215332,80800,0.0,52.0099983215332
2023-10-09,51.779998779296875,52.95899963378906,51.779998779296875,52.79999923706055,84600,0.0,52.79999923706055
2023-10-10,52.84000015258789,53.400001525878906,52.78300094604492,53.20000076293945,101300,0.0,53.20000076293945
2023-10-11,53.290000915527344,53.66999816894531,53.15999984741211,53.5099983215332,77300,0.0,53.5099983215332
2023-10-12,53.56999969482422,53.70000076293945,52.69300079345703,52.97999954223633,125900,0.0,52.97999954223633
2023-10-13,53.119998931884766,53.15299987792969,52.34000015258789,52.56999969482422,48700,0.0,52.56999969482422
2023-10-16,52.86000061035156,53.650001525878906,52.86000061035156,53.5,56900,0.0,53.5
2023-10-17,53.029998779296875,53.939998626708984,53.029998779296875,53.59000015258789,82000,0.0,53.59000015258789
2023-10-18,53.310001373291016,53.720001220703125,53.03499984741211,53.11000061035156,60400,0.0,53.11000061035156
2023-10-19,53.220001220703125,53.369998931884766,52.50400161743164,52.59000015258789,52400,0.0,52.59000015258789
2023-10-20,52.5099983215332,52.65999984741211,51.3380012512207,51.400001525878906,97300,0.0,51.400001525878906
2023-10-23,51.0,51.470001220703125,50.619998931884766,50.959999084472656,59200,0.0,50.959999084472656
2023-10-24,51.130001068115234,51.75,51.099998474121094,51.540000915527344,70000,0.0,51.540000915527344
2023-10-25,51.279998779296875,51.38999938964844,50.40999984741211,50.459999084472656,108400,0.0,50.459999084472656
2023-10-26,50.310001373291016,50.66999816894531,50.04999923706055,50.18000030517578,96500,0.0,50.18000030517578
2023-10-27,50.4900016784668,50.599998474121094,49.74100112915039,49.869998931884766,67300,0.0,49.869998931884766
2023-10-30,50.279998779296875,50.279998779296875,49.779998779296875,50.150001525878906,32500,0.0,50.150001525878906
2023-10-31,50.2400016784668,51.15999984741211,50.2400016784668,50.959999084472656,47100,0.0,50.959999084472656
2023-11-01,51.02000045776367,51.290000915527344,50.75,51.15999984741211,42300,0.0,51.15999984741211
2023-11-02,51.5099983215332,51.7400016784668,51.349998474121094,51.619998931884766,44900,0.0,51.619998931884766
2023-11-03,51.27000045776367,52.58000183105469,51.27000045776367,52.40999984741211,89800,0.0,52.40999984741211
2023-11-06,52.400001525878906,52.41999816894531,51.71099853515625,52.11000061035156,50500,0.0,52.11000061035156
2023-11-07,52.349998474121094,53.08000183105469,52.29999923706055,52.709999084472656,60500,0.0,52.709999084472656
2023-11-08,52.86000061035156,53.09000015258789,52.599998474121094,52.79999923706055,66500,0.0,52.79999923706055
2023-11-09,52.9900016784668,53.25,52.4900016784668,52.58000183105469,46500,0.0,52.58000183105469
2023-11-10,52.79999923706055,53.470001220703125,52.560001373291016,53.38999938964844,51000,0.0,53.38999938964844
2023-11-13,53.22999954223633,53.689998626708984,53.22999954223633,53.56999969482422,57600,0.0,53.56999969482422
2023-11-14,54.38999938964844,55.060001373291016,54.310001373291016,54.959999084472656,80600,0.0,54.959999084472656
2023-11-15,55.15999984741211,55.257999420166016,54.560001373291016,54.619998931884766,62900,0.0,54.619998931884766
2023-11-16,53.869998931884766,54.47999954223633,53.84000015258789,54.130001068115234,43800,0.0,54.130001068115234
2023-11-17,54.310001373291016,54.70500183105469,54.20000076293945,54.59000015258789,62400,0.0,54.59000015258789
2023-11-20,54.68000030517578,55.32699966430664,54.68000030517578,55.09000015258789,61000,0.0,55.09000015258789
2023-11-21,55.029998779296875,55.45000076293945,54.9900016784668,55.27000045776367,40200,0.0,55.27000045776367
2023-11-22,55.43000030517578,55.68299865722656,55.209999084472656,55.380001068115234,50200,0.0,55.380001068115234
2023-11-24,55.349998474121094,55.77000045776367,55.2400016784668,55.720001220703125,36900,0.0,55.720001220703125
2023-11-27,55.540000915527344,55.86899948120117,55.529998779296875,55.720001220703125,51500,0.0,55.720001220703125
2023-11-28,55.45000076293945,56.130001068115234,55.439998626708984,55.77000045776367,93000,0.0,55.77000045776367
2023-11-29,56.150001525878906,56.88800048828125,56.150001525878906,56.689998626708984,58400,0.0,56.689998626708984
2023-11-30,56.630001068115234,57.040000915527344,56.29199981689453,56.7599983215332,54100,0.0,56.7599983215332
2023-12-01,56.7599983215332,57.540000915527344,56.45000076293945,57.4900016784668,120000,0.0,57.4900016784668
2023-12-04,57.34000015258789,57.900001525878906,57.220001220703125,57.88999938964844,71300,0.0,57.88999938964844
2023-12-05,57.599998474121094,57.66999816894531,57.270999908447266,57.630001068115234,103000,0.0,57.630001068115234
2023-12-06,58.0099983215332,58.314998626708984,57.41999816894531,57.439998626708984,57900,0.0,57.439998626708984
2023-12-07,57.560001373291016,57.560001373291016,56.970001220703125,57.40999984741211,36700,0.0,57.40999984741211
2023-12-08,57.209999084472656,57.810001373291016,57.209999084472656,57.630001068115234,64000,0.0,57.630001068115234
2023-12-11,57.720001220703125,58.38999938964844,57.720001220703125,58.209999084472656,61200,0.0,58.209999084472656
2023-12-12,58.18000030517578,58.97999954223633,58.060001373291016,58.86000061035156,74000,0.0,58.86000061035156
2023-12-13,58.90999984741211,59.65999984741211,58.70000076293945,59.540000915527344,68400,0.0,59.540000915527344
2023-12-14,59.91999816894531,60.34000015258789,58.9900016784668,59.5,82400,0.0,59.5
2023-12-15,59.58000183105469,60.0,59.57899856567383,59.95000076293945,74700,0.0,59.95000076293945
2023-12-18,59.95000076293945,60.209999084472656,59.79999923706055,60.119998931884766,90800,0.0,60.119998931884766
2023-12-19,60.2400016784668,60.61000061035156,60.2400016784668,60.56999969482422,98500,0.0,60.56999969482422
2023-12-20,60.349998474121094,60.84000015258789,59.70000076293945,59.790000915527344,85200,0.0,59.790000915527344
2023-12-21,60.18000030517578,60.43000030517578,59.86000061035156,60.36000061035156,109500,0.0,60.36000061035156
2023-12-22,60.45000076293945,60.722999572753906,60.33000183105469,60.61000061035156,46700,0.0,60.61000061035156
2023-12-26,60.54999923706055,61.1150016784668,60.54999923706055,60.970001220703125,62900,0.0,60.970001220703125
2023-12-27,60.849998474121094,61.11000061035156,60.64500045776367,60.77000045776367,61400,0.084,60.77000045776367
2023-12-28,60.7400016784668,60.77799987792969,60.560001373291016,60.70000076293945,49200,0.0,60.70000076293945
2023-12-29,60.61000061035156,60.78499984741211,60.11000061035156,60.40999984741211,53500,0.0,60.40999984741211
2024-01-02,59.93000030517578,59.93000030517578,59.084999084472656,59.38999938964844,91600,0.0,59.38999938964844
2024-01-03,58.900001525878906,59.30799865722656,58.63999938964844,58.720001220703125,98200,0.0,58.720001220703125
2024-01-04,58.79999923706055,58.97999954223633,58.5099983215332,58.540000915527344,93100,0.0,58.540000915527344
2024-01-05,58.5099983215332,58.88999938964844,58.33000183105469,58.41999816894531,43500,0.0,58.41999816894531
2024-01-08,58.56999969482422,59.665000915527344,58.56999969482422,59.58000183105469,132100,0.0,59.58000183105469
2024-01-09,59.790000915527344,60.650001525878906,59.790000915527344,60.43000030517578,165600,0.0,60.43000030517578
2024-01-10,60.560001373291016,61.439998626708984,60.560001373291016,61.310001373291016,383700,0.0,61.310001373291016
2024-01-11,61.43000030517578,61.724998474121094,60.957000732421875,61.63999938964844,120700,0.0,61.63999938964844
2024-01-12,61.95000076293945,62.400001525878906,61.869998931884766,62.08000183105469,100800,0.0,62.08000183105469
2024-01-16,61.84000015258789,62.130001068115234,61.5,61.810001373291016,160800,0.0,61.810001373291016
2024-01-17,61.29999923706055,61.40999984741211,60.7400016784668,61.400001525878906,79200,0.0,61.400001525878906
2024-01-18,61.689998626708984,62.08000183105469,61.439998626708984,61.970001220703125,136800,0.0,61.970001220703125
2024-01-19,62.25,62.349998474121094,61.70000076293945,62.279998779296875,179400,0.0,62.279998779296875
2024-01-22,62.88999938964844,63.5,62.88999938964844,63.38999938964844,250800,0.0,63.38999938964844
2024-01-23,63.63999938964844,63.63999938964844,63.099998474121094,63.36000061035156,88600,0.0,63.36000061035156
2024-01-24,63.77000045776367,64.05999755859375,63.12099838256836,63.15999984741211,130800,0.0,63.15999984741211
2024-01-25,63.72999954223633,63.72999954223633,62.75,63.130001068115234,295800,0.0,63.130001068115234
2024-01-26,63.0099983215332,63.709999084472656,63.0099983215332,63.38999938964844,321100,0.0,63.38999938964844
2024-01-29,63.45000076293945,64.27100372314453,63.29999923706055,64.22000122070312,95600,0.0,64.22000122070312
2024-01-30,64.47000122070312,64.61000061035156,64.01000213623047,64.23999786376953,92400,0.0,64.23999786376953
2024-01-31,63.70000076293945,63.790000915527344,62.459999084472656,62.47999954223633,145000,0.0,62.47999954223633
2024-02-01,62.7599983215332,63.5099983215332,62.5099983215332,63.33000183105469,81400,0.0,63.33000183105469
2024-02-02,63.33000183105469,63.72999954223633,62.7599983215332,63.54999923706055,95500,0.0,63.54999923706055
2024-02-05,63.29999923706055,63.29999923706055,62.11000061035156,62.900001525878906,81400,0.0,62.900001525878906
2024-02-06,63.22999954223633,63.38999938964844,62.5099983215332,63.22999954223633,199000,0.0,63.22999954223633
2024-02-07,64.27999877929688,64.86399841308594,63.939998626708984,64.68000030517578,217800,0.0,64.68000030517578
2024-02-08,64.80000305175781,65.62000274658203,64.37000274658203,65.44999694824219,92200,0.0,65.44999694824219
2024-02-09,66.66999816894531,67.48999786376953,66.30999755859375,67.19000244140625,216800,0.0,67.19000244140625
2024-02-12,67.31999969482422,67.31999969482422,66.57099914550781,66.66000366210938,429600,0.0,66.66000366210938
2024-02-13,64.93000030517578,66.13999938964844,64.52999877929688,65.62000274658203,155700,0.0,65.62000274658203
2024-02-14,66.12000274658203,66.80000305175781,65.99500274658203,66.69999694824219,73100,0.0,66.69999694824219
2024-02-15,66.58000183105469,66.61000061035156,65.55000305175781,66.01000213623047,100600,0.0,66.01000213623047
2024-02-16,65.80999755859375,65.80999755859375,64.77999877929688,65.08999633789062,171500,0.0,65.08999633789062
2024-02-20,64.66000366210938,64.66000366210938,63.83000183105469,64.44000244140625,156900,0.0,64.44000244140625
2024-02-21,60.810001373291016,61.29800033569336,60.119998931884766,61.22999954223633,481100,0.0,61.22999954223633
2024-02-22,62.63999938964844,63.060001373291016,62.2599983215332,62.83000183105469,320600,0.0,62.83000183105469
2024-02-23,63.04999923706055,63.810001373291016,63.02000045776367,63.41999816894531,162700,0.0,63.41999816894531
2024-02-26,63.59000015258789,64.68599700927734,63.459999084472656,64.08999633789062,159500,0.0,64.08999633789062
2024-02-27,64.61000061035156,65.0,64.02999877929688,64.33000183105469,155900,0.0,64.33000183105469
2024-02-28,64.06999969482422,64.39900207519531,63.720001220703125,64.27999877929688,82300,0.0,64.27999877929688
2024-02-29,65.30000305175781,65.58999633789062,64.5199966430664,65.22000122070312,102600,0.0,65.22000122070312
2024-03-01,65.33000183105469,65.41000366210938,64.60099792480469,65.33000183105469,116300,0.0,65.33000183105469
2024-03-04,65.38999938964844,65.63999938964844,65.02999877929688,65.37000274658203,316200,0.0,65.37000274658203
2024-03-05,64.87000274658203,64.87000274658203,63.119998931884766,63.619998931884766,257300,0.0,63.619998931884766
2024-03-06,65.66999816894531,65.83499908447266,64.1510009765625,64.36000061035156,102700,0.0,64.36000061035156
2024-03-07,65.0,65.35900115966797,64.43699645996094,65.2300033569336,121400,0.0,65.2300033569336
2024-03-08,65.45999908447266,65.81999969482422,64.36499786376953,64.5199966430664,108000,0.0,64.5199966430664
2024-03-11,64.12999725341797,64.80999755859375,63.970001220703125,64.58000183105469,68100,0.0,64.58000183105469
2024-03-12,64.98999786376953,65.16000366210938,64.4000015258789,64.9000015258789,52800,0.0,64.9000015258789
2024-03-13,64.75,65.12999725341797,64.4000015258789,64.73999786376953,70900,0.0,64.73999786376953
2024-03-14,64.76000213623047,64.76000213623047,63.380001068115234,63.86000061035156,96900,0.0,63.86000061035156
2024-03-15,63.5,63.5099983215332,62.810001373291016,62.86000061035156,132500,0.0,62.86000061035156
2024-03-18,63.22999954223633,63.63999938964844,63.0,63.34000015258789,68700,0.0,63.34000015258789
2024-03-19,63.0,63.439998626708984,62.5099983215332,63.36000061035156,101500,0.0,63.36000061035156
2024-03-20,63.43000030517578,64.27999877929688,63.349998474121094,64.16999816894531,66500,0.0,64.16999816894531
2024-03-21,64.79000091552734,65.2300033569336,64.51000213623047,64.51000213623047,159000,0.0,64.51000213623047
2024-03-22,64.44999694824219,64.6500015258789,64.01000213623047,64.23999786376953,110100,0.0,64.23999786376953
2024-03-25,63.959999084472656,64.15499877929688,63.810001373291016,63.86000061035156,133100,0.0,63.86000061035156
2024-03-26,64.05999755859375,64.23999786376953,63.810001373291016,63.86000061035156,87700,0.001,63.86000061035156
2024-03-27,64.2699966430664,64.33999633789062,63.279998779296875,63.7599983215332,75500,0.0,63.7599983215332
2024-03-28,63.7599983215332,64.41600036621094,63.75,64.11000061035156,56700,0.0,64.11000061035156
2024-04-01,64.2300033569336,64.33999633789062,63.76900100708008,64.2300033569336,1470800,0.0,64.2300033569336
2024-04-02,63.41999816894531,63.810001373291016,63.119998931884766,63.7599983215332,59400,0.0,63.7599983215332
2024-04-03,63.470001220703125,64.12999725341797,63.31999969482422,63.75,123300,0.0,63.75
2024-04-04,64.2699966430664,64.61000061035156,62.79999923706055,62.84000015258789,100300,0.0,62.84000015258789
2024-04-05,62.869998931884766,63.95000076293945,62.869998931884766,63.540000915527344,66700,0.0,63.540000915527344
2024-04-08,63.650001525878906,63.73400115966797,63.279998779296875,63.47999954223633,54400,0.0,63.47999954223633
2024-04-09,63.849998474121094,63.99700164794922,63.43000030517578,63.900001525878906,46600,0.0,63.900001525878906
2024-04-10,63.13999938964844,63.52899932861328,63.005001068115234,63.439998626708984,45100,0.0,63.439998626708984
2024-04-11,63.599998474121094,64.0999984741211,63.28499984741211,64.01000213623047,67700,0.0,64.01000213623047
2024-04-12,63.4900016784668,63.63999938964844,62.630001068115234,62.849998474121094,101700,0.0,62.849998474121094
2024-04-15,63.36000061035156,63.36000061035156,61.14099884033203,61.34000015258789,79300,0.0,61.34000015258789
2024-04-16,61.27000045776367,61.65999984741211,61.0099983215332,61.25,58300,0.0,61.25
2024-04-17,61.560001373291016,61.560001373291016,60.560001373291016,60.619998931884766,62500,0.0,60.619998931884766
2024-04-18,60.84000015258789,61.25,60.369998931884766,60.47999954223633,54000,0.0,60.47999954223633
2024-04-19,60.56999969482422,60.8129997253418,59.86000061035156,60.029998779296875,57400,0.0,60.029998779296875
2024-04-22,60.560001373291016,61.152000427246094,59.97999954223633,60.7400016784668,110900,0.0,60.7400016784668
2024-04-23,60.9900016784668,62.209999084472656,60.9900016784668,62.029998779296875,110100,0.0,62.029998779296875
2024-04-24,62.27000045776367,62.540000915527344,61.56100082397461,62.060001373291016,33800,0.0,62.060001373291016
2024-04-25,61.27000045776367,62.11000061035156,61.060001373291016,61.939998626708984,56500,0.0,61.939998626708984
2024-04-26,62.5,63.020999908447266,62.5,62.560001373291016,37800,0.0,62.560001373291016
2024-04-29,62.93000030517578,63.369998931884766,62.5099983215332,62.84000015258789,40000,0.0,62.84000015258789
2024-04-30,62.45000076293945,62.4900016784668,61.529998779296875,61.619998931884766,58900,0.0,61.619998931884766
2024-05-01,61.40999984741211,62.40999984741211,61.15999984741211,61.27000045776367,38000,0.0,61.27000045776367
2024-05-02,61.189998626708984,61.28499984741211,60.34000015258789,61.220001220703125,64200,0.0,61.220001220703125
2024-05-03,61.150001525878906,61.244998931884766,60.2599983215332,60.75,107800,0.0,60.75
2024-05-06,60.91999816894531,61.650001525878906,60.91999816894531,61.63999938964844,334300,0.0,61.63999938964844
2024-05-07,61.70000076293945,61.93000030517578,61.31700134277344,61.56999969482422,46900,0.0,61.56999969482422
2024-05-08,61.13999938964844,61.22999954223633,60.770999908447266,61.040000915527344,1273100,0.0,61.040000915527344
2024-05-09,60.869998931884766,61.209999084472656,60.810001373291016,60.970001220703125,42300,0.0,60.970001220703125
2024-05-10,61.25,61.779998779296875,61.25,61.400001525878906,40000,0.0,61.400001525878906
2024-05-13,61.70000076293945,61.88999938964844,61.529998779296875,61.59000015258789,56300,0.0,61.59000015258789
2024-05-14,61.52000045776367,62.13999938964844,61.52000045776367,62.099998474121094,62200,0.0,62.099998474121094
2024-05-15,62.459999084472656,63.20000076293945,62.290000915527344,63.11000061035156,76400,0.0,63.11000061035156
2024-05-16,63.20000076293945,63.345001220703125,62.755001068115234,63.08000183105469,82300,0.0,63.08000183105469
2024-05-17,62.97999954223633,63.08000183105469,62.67900085449219,62.970001220703125,68100,0.0,62.970001220703125
2024-05-20,62.97999954223633,63.279998779296875,62.75,63.20000076293945,49800,0.0,63.20000076293945
2024-05-21,62.56999969482422,63.0099983215332,62.470001220703125,62.7599983215332,78600,0.0,62.7599983215332
2024-05-22,62.709999084472656,62.93899917602539,62.3849983215332,62.66999816894531,39400,0.0,62.66999816894531
2024-05-23,63.060001373291016,63.29999923706055,61.904998779296875,62.119998931884766,68100,0.0,62.119998931884766
2024-05-24,62.380001068115234,62.810001373291016,62.290000915527344,62.65999984741211,34600,0.0,62.65999984741211
2024-05-28,62.66999816894531,62.66999816894531,61.529998779296875,61.70000076293945,99000,0.0,61.70000076293945
2024-05-29,61.119998931884766,61.630001068115234,61.119998931884766,61.31999969482422,60700,0.0,61.31999969482422
2024-05-30,61.22999954223633,61.2400016784668,59.45000076293945,59.709999084472656,88000,0.0,59.709999084472656
2024-05-31,59.9900016784668,59.9900016784668,58.8849983215332,59.790000915527344,77900,0.0,59.790000915527344
2024-06-03,60.18000030517578,60.2599983215332,59.15999984741211,59.5099983215332,371500,0.0,59.5099983215332
2024-06-04,59.34000015258789,59.59700012207031,59.119998931884766,59.380001068115234,143700,0.0,59.380001068115234
2024-06-05,60.040000915527344,60.70000076293945,59.58000183105469,60.65999984741211,96000,0.0,60.65999984741211
2024-06-06,60.63999938964844,60.875999450683594,60.50899887084961,60.63999938964844,72000,0.0,60.63999938964844
2024-06-07,60.400001525878906,60.88999938964844,60.209999084472656,60.65999984741211,52100,0.0,60.65999984741211
2024-06-10,60.7599983215332,61.68299865722656,60.7599983215332,61.52000045776367,69300,0.0,61.52000045776367
2024-06-11,61.310001373291016,61.83300018310547,61.040000915527344,61.709999084472656,58000,0.0,61.709999084472656
2024-06-12,62.43000030517578,62.630001068115234,61.939998626708984,62.470001220703125,89400,0.0,62.470001220703125
2024-06-13,63.150001525878906,63.46900177001953,62.39500045776367,62.66999816894531,102000,0.0,62.66999816894531
2024-06-14,62.54999923706055,63.04999923706055,62.5,62.970001220703125,74700,0.0,62.970001220703125
2024-06-17,63.06999969482422,63.665000915527344,62.61000061035156,63.560001373291016,100300,0.0,63.560001373291016
2024-06-18,63.5099983215332,63.619998931884766,63.09000015258789,63.27000045776367,64200,0.0,63.27000045776367
2024-06-20,63.099998474121094,63.099998474121094,62.619998931884766,62.779998779296875,123500,0.0,62.779998779296875
2024-06-21,62.56999969482422,62.959999084472656,62.29999923706055,62.84000015258789,54300,0.0,62.84000015258789
2024-06-24,62.65999984741211,63.17900085449219,62.63999938964844,62.650001525878906,85200,0.0,62.650001525878906
2024-06-25,62.83000183105469,62.974998474121094,62.58000183105469,62.849998474121094,64800,0.0,62.849998474121094
2024-06-26,62.709999084472656,63.060001373291016,62.439998626708984,62.709999084472656,71400,0.0,62.709999084472656
2024-06-27,62.7400016784668,64.4000015258789,62.7400016784668,64.27999877929688,131500,0.026,64.27999877929688
2024-06-28,64.66000366210938,65.16000366210938,64.5199966430664,64.7300033569336,109000,0.0,64.7300033569336
2024-07-01,64.87000274658203,64.9000015258789,64.27100372314453,64.81999969482422,70700,0.0,64.81999969482422
2024-07-02,64.73999786376953,65.12999725341797,64.55699920654297,65.12999725341797,148400,0.0,65.12999725341797
2024-07-03,65.19000244140625,65.79000091552734,65.13999938964844,65.47000122070312,89700,0.0,65.47000122070312
2024-07-05,65.4800033569336,65.70999908447266,65.22899627685547,65.5999984741211,70700,0.0,65.5999984741211
2024-07-08,65.41000366210938,65.44999694824219,65.0,65.27999877929688,77200,0.0,65.27999877929688
2024-07-09,65.27999877929688,65.30000305175781,64.33000183105469,64.6500015258789,183400,0.0,64.6500015258789
2024-07-10,64.72000122070312,64.75,63.84000015258789,64.70999908447266,89400,0.0,64.70999908447266
2024-07-11,64.97000122070312,65.75399780273438,64.6500015258789,64.86000061035156,71600,0.0,64.86000061035156
2024-07-12,64.87999725341797,65.75,64.76000213623047,65.41000366210938,88000,0.0,65.41000366210938
2024-07-15,65.48999786376953,66.41500091552734,65.3550033569336,66.02999877929688,112800,0.0,66.02999877929688
2024-07-16,66.16000366210938,66.48999786376953,65.88999938964844,66.47000122070312,82000,0.0,66.47000122070312
2024-07-17,65.62000274658203,65.77999877929688,64.81999969482422,65.12999725341797,141100,0.0,65.12999725341797
2024-07-18,65.19999694824219,65.19999694824219,63.70500183105469,64.23999786376953,113400,0.0,64.23999786376953
2024-07-19,64.31999969482422,64.32099914550781,63.45000076293945,63.650001525878906,67600,0.0,63.650001525878906
2024-07-22,64.08000183105469,64.33999633789062,63.34000015258789,63.720001220703125,129900,0.0,63.720001220703125
2024-07-23,63.90999984741211,64.7699966430664,63.720001220703125,64.36000061035156,79900,0.0,64.36000061035156
2024-07-24,63.81999969482422,64.13500213623047,62.45000076293945,62.5,113100,0.0,62.5
2024-07-25,62.72999954223633,64.12000274658203,62.45800018310547,62.95000076293945,59700,0.0,62.95000076293945
2024-07-26,63.650001525878906,63.650001525878906,62.630001068115234,63.31999969482422,58600,0.0,63.31999969482422
2024-07-29,63.540000915527344,63.84000015258789,63.18000030517578,63.189998626708984,44400,0.0,63.189998626708984
2024-07-30,64.0,64.23999786376953,62.619998931884766,63.2599983215332,40300,0.0,63.2599983215332
2024-07-31,64.0199966430664,64.70999908447266,63.91999816894531,64.31999969482422,63100,0.0,64.31999969482422
2024-08-01,63.900001525878906,63.959999084472656,61.75,62.16999816894531,102100,0.0,62.16999816894531
2024-08-02,61.040000915527344,61.38999938964844,60.36000061035156,61.31999969482422,130700,0.0,61.31999969482422
2024-08-05,58.34000015258789,60.720001220703125,58.33000183105469,59.959999084472656,170700,0.0,59.959999084472656
2024-08-06,60.34000015258789,61.07500076293945,60.0,60.2400016784668,61200,0.0,60.2400016784668
2024-08-07,61.86000061035156,62.611000061035156,60.72999954223633,60.77000045776367,54500,0.0,60.77000045776367
2024-08-08,61.380001068115234,62.65999984741211,61.027000427246094,62.38999938964844,108900,0.0,62.38999938964844
2024-08-09,62.439998626708984,63.459999084472656,62.439998626708984,63.22999954223633,48400,0.0,63.22999954223633
2024-08-12,63.2400016784668,63.400001525878906,62.737998962402344,62.869998931884766,50400,0.0,62.869998931884766
2024-08-13,63.5,64.25,63.22999954223633,64.22000122070312,120700,0.0,64.22000122070312
2024-08-14,64.37999725341797,65.11000061035156,64.3499984741211,64.88999938964844,48300,0.0,64.88999938964844
2024-08-15,65.56999969482422,66.31500244140625,65.56999969482422,65.98999786376953,61100,0.0,65.98999786376953
2024-08-16,65.7300033569336,66.41999816894531,65.69999694824219,66.27999877929688,53100,0.0,66.27999877929688
2024-08-19,66.19999694824219,67.08999633789062,66.19999694824219,67.04000091552734,60800,0.0,67.04000091552734
2024-08-20,67.16999816894531,67.65899658203125,67.16999816894531,67.31999969482422,93900,0.0,67.31999969482422
2024-08-21,67.44999694824219,67.5999984741211,67.0770034790039,67.58000183105469,68100,0.0,67.58000183105469
2024-08-22,67.94999694824219,68.09600067138672,66.86000061035156,66.88999938964844,65600,0.0,66.88999938964844
2024-08-23,67.4800033569336,67.80000305175781,67.02999877929688,67.72000122070312,905800,0.0,67.72000122070312
2024-08-26,67.68000030517578,68.02899932861328,67.16000366210938,67.19999694824219,68900,0.0,67.19999694824219
2024-08-27,67.11000061035156,67.55999755859375,66.8219985961914,67.41000366210938,55000,0.0,67.41000366210938
2024-08-28,67.31999969482422,67.75,66.37999725341797,66.9000015258789,106000,0.0,66.9000015258789
2024-08-29,66.79000091552734,68.12000274658203,66.79000091552734,67.0999984741211,66100,0.0,67.0999984741211
2024-08-30,67.63999938964844,67.88999938964844,66.94999694824219,67.58000183105469,32600,0.0,67.58000183105469
2024-09-03,67.2300033569336,67.5999984741211,65.83999633789062,66.05999755859375,72400,0.0,66.05999755859375
2024-09-04,64.83000183105469,65.74500274658203,64.4800033569336,65.33999633789062,65900,0.0,65.33999633789062
2024-09-05,64.81999969482422,65.19000244140625,64.5,64.87000274658203,45600,0.0,64.87000274658203
2024-09-06,64.37000274658203,64.79000091552734,62.970001220703125,63.060001373291016,82300,0.0,63.060001373291016
2024-09-09,63.54999923706055,63.92100143432617,63.209999084472656,63.45000076293945,51200,0.0,63.45000076293945
2024-09-10,63.65999984741211,63.959999084472656,63.09000015258789,63.900001525878906,43500,0.0,63.900001525878906
2024-09-11,63.75,64.76000213623047,62.79999923706055,64.66000366210938,67200,0.0,64.66000366210938
2024-09-12,64.80000305175781,65.70999908447266,64.73500061035156,65.5199966430664,59700,0.0,65.5199966430664
2024-09-13,65.66000366210938,66.43000030517578,65.66000366210938,66.27999877929688,51300,0.0,66.27999877929688
2024-09-16,66.08999633789062,66.77999877929688,66.08499908447266,66.70999908447266,43400,0.0,66.70999908447266
2024-09-17,66.95999908447266,67.0,66.31199645996094,66.55999755859375,50600,0.0,66.55999755859375
2024-09-18,66.55000305175781,66.81999969482422,65.79000091552734,65.98999786376953,62800,0.0,65.98999786376953
2024-09-19,67.30000305175781,67.63999938964844,66.79000091552734,67.13999938964844,60500,0.0,67.13999938964844
2024-09-20,67.0999984741211,68.0999984741211,67.08999633789062,68.0,33200,0.0,68.0
2024-09-23,68.30999755859375,68.6500015258789,68.05000305175781,68.55999755859375,192400,0.0,68.55999755859375
2024-09-24,68.83000183105469,68.94999694824219,68.0,68.55999755859375,55200,0.0,68.55999755859375
2024-09-25,68.5,68.5999984741211,67.88999938964844,68.05000305175781,37400,0.0,68.05000305175781
2024-09-26,68.81999969482422,69.01000213623047,67.90599822998047,68.29000091552734,63600,0.0,68.29000091552734
2024-09-27,68.51000213623047,68.51499938964844,67.83999633789062,68.08000183105469,66400,0.023,68.08000183105469
2024-09-30,67.91999816894531,68.37999725341797,67.66000366210938,68.27999877929688,66200,0.0,68.27999877929688
2024-10-01,68.33000183105469,68.33000183105469,66.91600036621094,67.33000183105469,47800,0.0,67.33000183105469
2024-10-02,67.22000122070312,67.94999694824219,67.0469970703125,67.65599822998047,24200,0.0,67.65599822998047
2024-10-03,67.25,67.79499816894531,67.25,67.43000030517578,41200,0.0,67.43000030517578
2024-10-04,68.36000061035156,68.67500305175781,67.73600006103516,68.58000183105469,156100,0.0,68.58000183105469
2024-10-07,68.3499984741211,68.5790023803711,67.63999938964844,67.82499694824219,30900,0.0,67.82499694824219
2024-10-08,68.05999755859375,68.93299865722656,67.9800033569336,68.93000030517578,34400,0.0,68.93000030517578
2024-10-09,68.87999725341797,70.45999908447266,68.8499984741211,70.38999938964844,81400,0.0,70.38999938964844
2024-10-10,70.01000213623047,71.45999908447266,70.0,71.43000030517578,87400,0.0,71.43000030517578
2024-10-11,71.2300033569336,71.98999786376953,71.18000030517578,71.66999816894531,63700,0.0,71.66999816894531
2024-10-14,71.9800033569336,71.9800033569336,71.22899627685547,71.75,57600,0.0,71.75
2024-10-15,71.66000366210938,71.66000366210938,71.01000213623047,71.05000305175781,43700,0.0,71.05000305175781
2024-10-16,71.30999755859375,71.3740005493164,70.7509994506836,71.27999877929688,32000,0.0,71.27999877929688
2024-10-17,71.58000183105469,71.73999786376953,71.02999877929688,71.2300033569336,34000,0.0,71.2300033569336
2024-10-18,71.56999969482422,71.68099975585938,71.18199920654297,71.3499984741211,27300,0.0,71.3499984741211
2024-10-21,71.16999816894531,71.81999969482422,70.83999633789062,71.08999633789062,33800,0.0,71.08999633789062
2024-10-22,70.7300033569336,71.04000091552734,70.55999755859375,70.69999694824219,61600,0.0,70.69999694824219
2024-10-23,70.37999725341797,70.44999694824219,69.30999755859375,69.4000015258789,50400,0.0,69.4000015258789
2024-10-24,69.69000244140625,70.19000244140625,69.5199966430664,69.77999877929688,54000,0.0,69.77999877929688
2024-10-25,70.13999938964844,71.19999694824219,70.11000061035156,70.18000030517578,172100,0.0,70.18000030517578
2024-10-28,70.5,70.69999694824219,70.16000366210938,70.2699966430664,53300,0.0,70.2699966430664
2024-10-29,70.54000091552734,71.34300231933594,70.26499938964844,71.25,102700,0.0,71.25
2024-10-30,70.95999908447266,71.3499984741211,70.3499984741211,70.47000122070312,48200,0.0,70.47000122070312
2024-10-31,70.29000091552734,70.5199966430664,69.23999786376953,69.31999969482422,153500,0.0,69.31999969482422
2024-11-01,69.38999938964844,69.97000122070312,69.25599670410156,69.33000183105469,44100,0.0,69.33000183105469
2024-11-04,69.18000030517578,69.58000183105469,68.84700012207031,69.27999877929688,54800,0.0,69.27999877929688
2024-11-05,69.44999694824219,70.37000274658203,69.44999694824219,70.30999755859375,32700,0.0,70.30999755859375
2024-11-06,72.26000213623047,73.23999786376953,72.19999694824219,73.1500015258789,85000,0.0,73.1500015258789
2024-11-07,73.58999633789062,74.05000305175781,73.21499633789062,73.83999633789062,150000,0.0,73.83999633789062
2024-11-08,73.66000366210938,74.2300033569336,73.58000183105469,74.16000366210938,52200,0.0,74.16000366210938
2024-11-11,74.56999969482422,75.08999633789062,74.4000015258789,74.83000183105469,63600,0.0,74.83000183105469
2024-11-12,74.76000213623047,74.91000366210938,74.16999816894531,74.83999633789062,78800,0.0,74.83999633789062
2024-11-13,74.97000122070312,75.91999816894531,74.6500015258789,74.6500015258789,97900,0.0,74.6500015258789
2024-11-14,74.63999938964844,74.66500091552734,72.5,72.5999984741211,134400,0.0,72.5999984741211
2024-11-15,71.94000244140625,72.19000244140625,70.62000274658203,70.94999694824219,96300,0.0,70.94999694824219
2024-11-18,71.27999877929688,71.27999877929688,70.5999984741211,70.6500015258789,89100,0.0,70.6500015258789
2024-11-19,70.41000366210938,71.28900146484375,70.16000366210938,71.11000061035156,56300,0.0,71.11000061035156
2024-11-20,71.36000061035156,71.61000061035156,70.37999725341797,71.44999694824219,59800,0.0,71.44999694824219
2024-11-21,71.94999694824219,73.63999938964844,71.86499786376953,73.25,95700,0.0,73.25
2024-11-22,73.26000213623047,73.73999786376953,73.0479965209961,73.5999984741211,63000,0.0,73.5999984741211
2024-11-25,74.3499984741211,74.44000244140625,73.4000015258789,73.62999725341797,81100,0.0,73.62999725341797
2024-11-26,73.81999969482422,74.16000366210938,73.56999969482422,74.12999725341797,44600,0.0,74.12999725341797
2024-11-27,74.0,74.0510025024414,72.62999725341797,72.93000030517578,48400,0.0,72.93000030517578
2024-11-29,73.05999755859375,73.68000030517578,73.0,73.44000244140625,45500,0.0,73.44000244140625
2024-12-02,73.6500015258789,74.58000183105469,73.6500015258789,74.11000061035156,64700,0.0,74.11000061035156
2024-12-03,73.70999908447266,74.23999786376953,73.5999984741211,74.19000244140625,55600,0.0,74.19000244140625
2024-12-04,75.1500015258789,75.91000366210938,74.77200317382812,75.7300033569336,85500,0.0,75.7300033569336
2024-12-05,75.56999969482422,75.77999877929688,75.07099914550781,75.2699966430664,47600,0.0,75.2699966430664
2024-12-06,75.80000305175781,76.79000091552734,75.80000305175781,76.44999694824219,73700,0.0,76.44999694824219
2024-12-09,76.55000305175781,76.8290023803711,75.44999694824219,75.69999694824219,85200,0.0,75.69999694824219
2024-12-10,75.48999786376953,75.48999786376953,74.19000244140625,74.5,84400,0.0,74.5
2024-12-11,75.2300033569336,75.80500030517578,75.05000305175781,75.61000061035156,158900,0.0,75.61000061035156
2024-12-12,75.3499984741211,75.87999725341797,74.83999633789062,75.87999725341797,75600,0.0,75.87999725341797
2024-12-13,76.91999816894531,77.13999938964844,76.2699966430664,76.83000183105469,77800,0.0,76.83000183105469
2024-12-16,77.44999694824219,79.0,77.13999938964844,78.94000244140625,118900,0.0,78.94000244140625
2024-12-17,78.33999633789062,78.69999694824219,77.79000091552734,78.05999755859375,67100,0.0,78.05999755859375
2024-12-18,78.37000274658203,78.37000274658203,74.01200103759766,74.4000015258789,227600,0.0,74.4000015258789
2024-12-19,75.56999969482422,75.61299896240234,73.93000030517578,74.16999816894531,107300,0.0,74.16999816894531
2024-12-20,73.79000091552734,75.87000274658203,73.52999877929688,74.95999908447266,98900,0.0,74.95999908447266
2024-12-23,75.12999725341797,75.69000244140625,74.69999694824219,75.58000183105469,57900,0.0,75.58000183105469
2024-12-24,75.80000305175781,76.2699966430664,75.58000183105469,76.16000366210938,35100,0.0,76.16000366210938
2024-12-26,75.97000122070312,76.8499984741211,75.81999969482422,76.63999938964844,57900,0.0,76.63999938964844
2024-12-27,76.44999694824219,76.45999908447266,75.01000213623047,75.8499984741211,78200,0.0,75.8499984741211
2024-12-30,74.68000030517578,75.29900360107422,74.06999969482422,74.83000183105469,100100,0.054,74.83000183105469
2024-12-31,75.13999938964844,75.13999938964844,74.16999816894531,74.48999786376953,104600,0.0,74.48999786376953
2025-01-02,75.47000122070312,75.81900024414062,74.1050033569336,74.54000091552734,183900,0.0,74.54000091552734
2025-01-03,74.69000244140625,75.6050033569336,74.69000244140625,75.37000274658203,131100,0.0,75.37000274658203
2025-01-06,76.01000213623047,76.41999816894531,75.26499938964844,75.58999633789062,163500,0.0,75.58999633789062
2025-01-07,75.95999908447266,75.95999908447266,74.2699966430664,74.66000366210938,134200,0.0,74.66000366210938
2025-01-08,74.23999786376953,74.83100128173828,73.53900146484375,74.73999786376953,106600,0.0,74.73999786376953
2025-01-10,74.13999938964844,74.41000366210938,73.44999694824219,74.16000366210938,139300,0.0,74.16000366210938
2025-01-13,73.20999908447266,74.19999694824219,73.19999694824219,73.9000015258789,89000,0.0,73.9000015258789
2025-01-14,74.29000091552734,74.66200256347656,73.8499984741211,74.2699966430664,61000,0.0,74.2699966430664
2025-01-15,75.41000366210938,75.7300033569336,74.96499633789062,75.44000244140625,80500,0.0,75.44000244140625
2025-01-16,75.75,76.5,75.65599822998047,76.0,87600,0.0,76.0
2025-01-17,77.4800033569336,77.69000244140625,76.18299865722656,76.45999908447266,134200,0.0,76.45999908447266
2025-01-21,77.29000091552734,78.29000091552734,77.06999969482422,78.22000122070312,98200,0.0,78.22000122070312
2025-01-22,78.81999969482422,79.12000274658203,78.13999938964844,78.83000183105469,131500,0.0,78.83000183105469
2025-01-23,78.54000091552734,78.62000274658203,77.63999938964844,78.62000274658203,95200,0.0,78.62000274658203
2025-01-24,78.95999908447266,79.30999755859375,78.44000244140625,78.63999938964844,78000,0.0,78.63999938964844
2025-01-27,76.43000030517578,77.91000366210938,75.87000274658203,76.56999969482422,198500,0.0,76.56999969482422
2025-01-28,77.08999633789062,78.7300033569336,76.30000305175781,78.5999984741211,513600,0.0,78.5999984741211
2025-01-29,78.81999969482422,78.81999969482422,77.5,77.87999725341797,139100,0.0,77.87999725341797
2025-01-30,78.87000274658203,79.70999908447266,78.58499908447266,78.97000122070312,191400,0.0,78.97000122070312
2025-01-31,79.47000122070312,80.16000366210938,78.87999725341797,79.05000305175781,146900,0.0,79.05000305175781
2025-02-03,77.4800033569336,78.9000015258789,77.2300033569336,78.55999755859375,362400,0.0,78.55999755859375
2025-02-04,78.55999755859375,79.56999969482422,78.51000213623047,79.5199966430664,88300,0.0,79.5199966430664
2025-02-05,79.9000015258789,80.80999755859375,79.41999816894531,80.73999786376953,128400,0.0,80.73999786376953
2025-02-06,80.93000030517578,80.93000030517578,79.625,80.11000061035156,156100,0.0,80.11000061035156
2025-02-07,81.16999816894531,81.63999938964844,80.4800033569336,80.5999984741211,159600,0.0,80.5999984741211
2025-02-10,81.61000061035156,82.49500274658203,81.23400115966797,82.31999969482422,228300,0.0,82.31999969482422
2025-02-11,82.01000213623047,82.01000213623047,81.28500366210938,81.70999908447266,240600,0.0,81.70999908447266
2025-02-12,80.6500015258789,81.88899993896484,80.47100067138672,81.8499984741211,139000,0.0,81.8499984741211
2025-02-13,82.5,82.81999969482422,81.72000122070312,82.81999969482422,144800,0.0,82.81999969482422
2025-02-14,82.69000244140625,82.83000183105469,81.97000122070312,82.56999969482422,195600,0.0,82.56999969482422
2025-02-18,82.68000030517578,82.68000030517578,81.93499755859375,82.66000366210938,163700,0.0,82.66000366210938
2025-02-19,82.54000091552734,82.54000091552734,81.4000015258789,81.9800033569336,116900,0.0,81.9800033569336
2025-02-20,81.43000030517578,81.45999908447266,79.2300033569336,80.58999633789062,218100,0.0,80.58999633789062
2025-02-21,80.45999908447266,80.45999908447266,78.19000244140625,78.41000366210938,347900,0.0,78.41000366210938
2025-02-24,78.51000213623047,78.51000213623047,76.45999908447266,77.1500015258789,162900,0.0,77.1500015258789
2025-02-25,77.05000305175781,77.05000305175781,75.54000091552734,76.51000213623047,204600,0.0,76.51000213623047
2025-02-26,76.83999633789062,78.0,76.83999633789062,77.22000122070312,93000,0.0,77.22000122070312
2025-02-27,78.0,78.16999816894531,75.58000183105469,75.58000183105469,98900,0.0,75.58000183105469
2025-02-28,75.30999755859375,76.43000030517578,74.94999694824219,76.36000061035156,166000,0.0,76.36000061035156
2025-03-03,77.37000274658203,77.56999969482422,74.25,74.70999908447266,286700,0.0,74.70999908447266
2025-03-04,74.43000030517578,76.63999938964844,73.77999877929688,75.38999938964844,299600,0.0,75.38999938964844
2025-03-05,75.12000274658203,76.61699676513672,74.41999816894531,76.38999938964844,164300,0.0,76.38999938964844
2025-03-06,75.11000061035156,76.11000061035156,73.86000061035156,74.05000305175781,140100,0.0,74.05000305175781
2025-03-07,74.08000183105469,75.30500030517578,72.94000244140625,75.13999938964844,191200,0.0,75.13999938964844
2025-03-10,73.72000122070312,73.8550033569336,71.58999633789062,72.12999725341797,175400,0.0,72.12999725341797
2025-03-11,72.0199966430664,74.0,71.93000030517578,72.95999908447266,144100,0.0,72.95999908447266
2025-03-12,74.08000183105469,74.41000366210938,72.8499984741211,73.25,215400,0.0,73.25
2025-03-13,72.62999725341797,72.62999725341797,71.26000213623047,71.52999877929688,108800,0.0,71.52999877929688
2025-03-14,72.6500015258789,73.97000122070312,72.6449966430664,73.87999725341797,96800,0.0,73.87999725341797
2025-03-17,73.47000122070312,75.6449966430664,73.47000122070312,75.0199966430664,116700,0.0,75.0199966430664
2025-03-18,74.61000061035156,74.62999725341797,73.79499816894531,74.5199966430664,80500,0.0,74.5199966430664
2025-03-19,74.69000244140625,76.19999694824219,74.6780014038086,75.51000213623047,84700,0.0,75.51000213623047
2025-03-20,74.73999786376953,75.55999755859375,74.3010025024414,74.5,70600,0.0,74.5
2025-03-21,73.7699966430664,74.5999984741211,73.3239974975586,74.45999908447266,53800,0.0,74.45999908447266
2025-03-24,75.41000366210938,75.86000061035156,75.31999969482422,75.66000366210938,86800,0.0,75.66000366210938
2025-03-25,75.98999786376953,76.75,75.83000183105469,76.48999786376953,75100,0.0,76.48999786376953
2025-03-26,76.31999969482422,76.41999816894531,74.7040023803711,75.02999877929688,57200,0.0,75.02999877929688
2025-03-27,74.76000213623047,74.78199768066406,73.71600341796875,73.83999633789062,70700,0.0,73.83999633789062
2025-03-28,73.52999877929688,73.7030029296875,71.9000015258789,72.4000015258789,135000,0.0,72.4000015258789
2025-03-31,71.20999908447266,71.87000274658203,70.19000244140625,71.80000305175781,190800,0.0,71.80000305175781
2025-04-01,71.56999969482422,72.44999694824219,71.0,72.36000061035156,55200,0.0,72.36000061035156
2025-04-02,71.29000091552734,73.61000061035156,71.2699966430664,73.23999786376953,106300,0.0,73.23999786376953
2025-04-03,70.16000366210938,71.18000030517578,68.91999816894531,69.08999633789062,187200,0.0,69.08999633789062
2025-04-04,66.88999938964844,67.18000030517578,64.3010025024414,64.68000030517578,366500,0.0,64.68000030517578
2025-04-07,62.59000015258789,67.36000061035156,61.59000015258789,64.94000244140625,336600,0.0,64.94000244140625
2025-04-08,67.69000244140625,68.33000183105469,64.08999633789062,64.86000061035156,377000,0.0,64.86000061035156
2025-04-09,64.91999816894531,72.56999969482422,64.7699966430664,72.26000213623047,405700,0.0,72.26000213623047
2025-04-10,70.44000244140625,70.86000061035156,68.01499938964844,69.94000244140625,140400,0.0,69.94000244140625
2025-04-11,69.66000366210938,71.27999877929688,69.20999908447266,71.11000061035156,106800,0.0,71.11000061035156
2025-04-14,72.61000061035156,72.97799682617188,70.55999755859375,71.0999984741211,70500,0.0,71.0999984741211
2025-04-15,71.41000366210938,72.0260009765625,71.19999694824219,71.58000183105469,68600,0.0,71.58000183105469
2025-04-16,70.70999908447266,71.66600036621094,69.54000091552734,70.5,768900,0.0,70.5
2025-04-17,70.91000366210938,70.9800033569336,69.75,70.11000061035156,86200,0.0,70.11000061035156
2025-04-21,69.1500015258789,69.5999984741211,67.01100158691406,67.81999969482422,78700,0.0,67.81999969482422
2025-04-22,68.0999984741211,68.9990005493164,67.65599822998047,68.4800033569336,57300,0.0,68.4800033569336
2025-04-23,70.63999938964844,71.62999725341797,69.87000274658203,70.12000274658203,136000,0.0,70.12000274658203
2025-04-24,70.23999786376953,72.58999633789062,70.23999786376953,72.30999755859375,67600,0.0,72.30999755859375
2025-04-25,72.22000122070312,73.48999786376953,72.0999984741211,73.41000366210938,78900,0.0,73.41000366210938
2025-04-28,73.3499984741211,73.97000122070312,72.76699829101562,73.80999755859375,70000,0.0,73.80999755859375
2025-04-29,73.5999984741211,75.03600311279297,73.5999984741211,74.77999877929688,408300,0.0,74.77999877929688
2025-04-30,73.33000183105469,74.5999984741211,72.71700286865234,74.55999755859375,139700,0.0,74.55999755859375
2025-05-01,75.26000213623047,75.73999786376953,74.66999816894531,74.75,80500,0.0,74.75
2025-05-02,75.87999725341797,76.13999938964844,75.47000122070312,75.88999938964844,147100,0.0,75.88999938964844
2025-05-05,75.2300033569336,76.94999694824219,75.01000213623047,76.36000061035156,97700,0.0,76.36000061035156
2025-05-06,75.36000061035156,76.62000274658203,75.1500015258789,76.19000244140625,111200,0.0,76.19000244140625
2025-05-07,76.19000244140625,76.74800109863281,75.71199798583984,76.4800033569336,156500,0.0,76.4800033569336
2025-05-08,76.94999694824219,77.77999877929688,76.22000122070312,77.16000366210938,125800,0.0,77.16000366210938
2025-05-09,77.76000213623047,77.82499694824219,76.43000030517578,77.05999755859375,187900,0.0,77.05999755859375
2025-05-12,79.55000305175781,79.77999877929688,78.37999725341797,79.69999694824219,156800,0.0,79.69999694824219
2025-05-13,79.5199966430664,81.27899932861328,79.5199966430664,80.55999755859375,202500,0.0,80.55999755859375
2025-05-14,80.62000274658203,80.7490005493164,79.62200164794922,80.0,150700,0.0,80.0
2025-05-15,79.7699966430664,80.83000183105469,79.7699966430664,80.4800033569336,65600,0.0,80.4800033569336
2025-05-16,80.7300033569336,81.12000274658203,80.46499633789062,81.04000091552734,57400,0.0,81.04000091552734
2025-05-19,79.88999938964844,81.2300033569336,79.75,81.0199966430664,53500,0.0,81.0199966430664
2025-05-20,80.83999633789062,81.27999877929688,80.68900299072266,81.2699966430664,58300,0.0,81.2699966430664
2025-05-21,80.41999816894531,81.33999633789062,79.52999877929688,79.80000305175781,103000,0.0,79.80000305175781
2025-05-22,79.62999725341797,81.44499969482422,79.62999725341797,80.73999786376953,53900,0.0,80.73999786376953
2025-05-23,79.7699966430664,81.29000091552734,79.552001953125,80.9800033569336,89500,0.0,80.9800033569336
2025-05-27,81.86000061035156,82.55000305175781,81.55000305175781,82.27999877929688,158100,0.0,82.27999877929688
2025-05-28,82.0,82.0,81.0,81.1500015258789,129500,0.0,81.1500015258789
2025-05-29,81.75,81.75,79.76000213623047,80.91000366210938,370100,0.0,80.91000366210938
2025-05-30,80.91000366210938,81.93900299072266,80.44999694824219,81.83999633789062,177700,0.0,81.83999633789062
2025-06-02,81.41999816894531,83.19000244140625,81.41999816894531,83.18000030517578,130600,0.0,83.18000030517578
2025-06-03,83.13999938964844,84.20999908447266,83.01000213623047,84.16999816894531,133500,0.0,84.16999816894531
2025-06-04,83.68000030517578,84.69999694824219,83.68000030517578,83.8499984741211,126200,0.0,83.8499984741211
2025-06-05,83.97000122070312,84.94999694824219,83.70999908447266,84.12000274658203,80900,0.0,84.12000274658203
2025-06-06,84.77999877929688,84.95099639892578,84.12999725341797,84.43000030517578,108900,0.0,84.43000030517578
2025-06-09,84.87000274658203,84.87000274658203,83.79000091552734,83.80000305175781,92000,0.0,83.80000305175781
2025-06-10,83.94999694824219,84.01000213623047,82.97000122070312,83.5199966430664,95700,0.0,83.5199966430664
2025-06-11,83.33000183105469,84.06900024414062,82.9000015258789,83.45999908447266,122000,0.0,83.45999908447266
2025-06-12,83.01000213623047,84.36000061035156,83.01000213623047,83.66999816894531,81600,0.0,83.66999816894531
2025-06-13,82.81999969482422,83.85900115966797,82.6500015258789,82.83999633789062,142500,0.0,82.83999633789062
2025-06-16,83.58999633789062,84.2040023803711,83.5,83.72000122070312,114800,0.0,83.72000122070312
2025-06-17,83.41000366210938,83.94999694824219,83.0,83.7300033569336,120500,0.0,83.7300033569336
2025-06-18,84.01000213623047,84.01000213623047,83.0,83.33999633789062,90700,0.0,83.33999633789062
2025-06-20,83.31999969482422,83.66000366210938,82.12999725341797,82.41000366210938,97100,0.0,82.41000366210938
2025-06-23,82.5199966430664,84.19000244140625,81.5510025024414,84.1500015258789,254100,0.0,84.1500015258789
2025-06-24,84.9000015258789,84.9000015258789,84.0999984741211,84.44999694824219,236600,0.0,84.44999694824219
2025-06-25,84.98999786376953,85.80999755859375,84.66000366210938,85.0,218300,0.0,85.0
2025-06-26,85.3499984741211,85.8489990234375,84.76000213623047,85.61000061035156,167500,0.0,85.61000061035156
2025-06-27,85.7699966430664,85.7699966430664,84.72000122070312,85.19999694824219,159700,0.0,85.19999694824219
2025-06-30,85.80000305175781,86.37999725341797,85.51000213623047,86.37000274658203,185200,0.0,86.37000274658203
2025-07-01,86.26000213623047,86.37999725341797,84.12999725341797,85.01000213623047,176200,0.0,85.01000213623047
2025-07-02,84.72000122070312,85.125,84.2699966430664,85.0999984741211,237600,0.0,85.0999984741211
2025-07-03,85.48999786376953,86.95800018310547,85.4800033569336,86.70999908447266,93700,0.0,86.70999908447266
2025-07-07,86.51000213623047,87.12999725341797,86.05400085449219,86.37000274658203,111100,0.0,86.37000274658203
2025-07-08,86.91000366210938,86.91000366210938,85.61000061035156,86.55999755859375,67200,0.0,86.55999755859375
2025-07-09,86.69999694824219,87.86000061035156,86.45999908447266,87.69999694824219,97500,0.0,87.69999694824219
2025-07-10,87.80000305175781,87.80000305175781,84.58999633789062,84.73999786376953,258600,0.0,84.73999786376953
2025-07-11,84.48999786376953,84.53800201416016,82.75499725341797,82.94999694824219,283400,0.0,82.94999694824219
2025-07-14,82.68000030517578,84.13700103759766,82.67500305175781,83.83999633789062,351400,0.0,83.83999633789062
2025-07-15,84.05000305175781,84.30799865722656,83.55999755859375,83.66999816894531,386800,0.0,83.66999816894531
2025-07-16,83.94999694824219,84.01200103759766,82.88500213623047,83.87999725341797,130400,0.0,83.87999725341797
2025-07-17,83.91999816894531,84.99299621582031,83.91999816894531,84.54000091552734,135000,0.0,84.54000091552734
2025-07-18,84.9800033569336,85.28099822998047,84.6500015258789,84.97000122070312,106600,0.0,84.97000122070312
2025-07-21,85.33000183105469,86.3499984741211,85.22000122070312,85.77999877929688,159200,0.0,85.77999877929688
2025-07-22,86.08999633789062,86.33000183105469,85.22000122070312,85.29000091552734,80800,0.0,85.29000091552734
2025-07-23,85.6500015258789,85.8499984741211,84.7040023803711,85.75,104400,0.0,85.75
2025-07-24,85.98999786376953,86.22000122070312,85.4000015258789,85.87000274658203,78300,0.0,85.87000274658203
2025-07-25,85.9800033569336,86.91000366210938,85.90599822998047,86.38999938964844,78800,0.0,86.38999938964844
2025-07-28,86.55999755859375,86.6500015258789,85.88800048828125,86.41000366210938,57800,0.0,86.41000366210938
2025-07-29,86.91000366210938,87.5199966430664,86.08000183105469,86.7300033569336,131400,0.0,86.7300033569336
2025-07-30,86.58000183105469,86.58000183105469,85.0,86.01000213623047,147100,0.0,86.01000213623047
2025-07-31,86.81999969482422,86.81999969482422,84.69999694824219,84.88999938964844,112300,0.0,84.88999938964844
2025-08-01,83.73999786376953,84.13999938964844,82.04000091552734,83.41999816894531,233500,0.0,83.41999816894531
2025-08-04,84.0199966430664,85.07099914550781,83.81999969482422,84.98999786376953,59000,0.0,84.98999786376953
2025-08-05,85.04000091552734,85.43000030517578,83.41500091552734,83.44999694824219,91200,0.0,83.44999694824219
2025-08-06,83.73999786376953,84.83999633789062,83.58000183105469,84.76000213623047,76100,0.0,84.76000213623047
2025-08-07,84.36000061035156,84.4219970703125,81.08000183105469,82.26000213623047,197000,0.0,82.26000213623047
2025-08-08,82.5199966430664,83.24299621582031,81.5199966430664,81.68000030517578,130000,0.0,81.68000030517578
2025-08-11,81.61000061035156,82.66000366210938,81.19999694824219,81.33000183105469,104000,0.0,81.33000183105469
2025-08-12,81.69000244140625,83.37000274658203,81.62999725341797,83.29000091552734,97500,0.0,83.29000091552734
2025-08-13,84.0199966430664,84.12000274658203,83.27999877929688,83.88999938964844,115200,0.0,83.88999938964844
2025-08-14,83.16999816894531,83.59300231933594,82.2300033569336,82.43000030517578,114500,0.0,82.43000030517578
2025-08-15,82.48999786376953,82.9000015258789,82.20999908447266,82.9000015258789,72200,0.0,82.9000015258789
2025-08-18,82.58000183105469,83.1500015258789,82.49400329589844,83.11000061035156,68100,0.0,83.11000061035156
2025-08-19,83.80000305175781,83.87999725341797,82.3280029296875,82.5999984741211,122100,0.0,82.5999984741211
2025-08-20,82.6500015258789,82.75,81.55999755859375,82.51000213623047,104900,0.0,82.51000213623047
2025-08-21,82.13999938964844,82.27999877929688,81.58999633789062,82.1500015258789,64800,0.0,82.1500015258789
2025-08-22,82.25,83.9800033569336,82.25,83.25,117800,0.0,83.25
2025-08-25,83.18000030517578,83.42500305175781,82.45099639892578,82.58000183105469,74700,0.0,82.58000183105469
2025-08-26,82.58999633789062,83.37999725341797,82.44000244140625,82.58999633789062,82300,0.0,82.58999633789062
2025-08-27,83.0,83.97000122070312,83.0,83.7699966430664,62600,0.0,83.7699966430664
2025-08-28,83.81999969482422,85.37999725341797,83.75,85.08999633789062,75500,0.0,85.08999633789062
2025-08-29,85.13999938964844,85.47000122070312,84.01799774169922,84.38999938964844,60400,0.0,84.38999938964844
2025-09-02,83.02999877929688,83.63999938964844,82.56999969482422,83.22000122070312,99700,0.0,83.22000122070312
2025-09-03,83.22000122070312,83.22000122070312,82.41999816894531,83.1500015258789,111800,0.0,83.1500015258789
2025-09-04,83.33000183105469,83.58899688720703,82.10199737548828,83.37000274658203,71100,0.0,83.37000274658203
2025-09-05,84.95999908447266,85.25,83.80999755859375,84.94000244140625,76100,0.0,84.94000244140625
2025-09-08,85.29000091552734,86.26499938964844,85.29000091552734,86.19000244140625,57000,0.0,86.19000244140625
2025-09-09,86.33000183105469,86.37999725341797,85.55799865722656,85.88999938964844,42200,0.0,85.88999938964844
2025-09-10,86.5199966430664,86.95999908447266,85.54000091552734,85.94999694824219,62100,0.0,85.94999694824219
2025-09-11,86.37999725341797,87.04499816894531,86.10700225830078,86.72000122070312,81600,0.0,86.72000122070312
2025-09-12,86.52999877929688,86.58000183105469,85.43000030517578,85.45999908447266,67300,0.0,85.45999908447266
2025-09-15,85.6500015258789,86.3499984741211,85.56999969482422,86.0999984741211,136000,0.0,86.0999984741211
2025-09-16,86.33999633789062,86.33999633789062,85.58200073242188,85.83000183105469,58800,0.0,85.83000183105469
2025-09-17,85.93000030517578,86.21499633789062,84.77999877929688,85.41999816894531,74000,0.0,85.41999816894531
2025-09-18,86.2699966430664,87.57499694824219,86.2699966430664,87.3499984741211,114500,0.0,87.3499984741211
2025-09-19,87.38999938964844,87.95500183105469,86.87999725341797,87.76000213623047,80600,0.0,87.76000213623047
2025-09-22,87.66999816894531,88.13999938964844,86.77999877929688,87.91000366210938,61500,0.0,87.91000366210938
2025-09-23,88.0199966430664,88.10800170898438,86.86799621582031,87.0,69800,0.0,87.0
2025-09-24,87.11000061035156,87.2699966430664,86.23999786376953,86.38999938964844,53500,0.0,86.38999938964844
2025-09-25,85.62999725341797,86.55999755859375,85.12200164794922,86.2699966430664,65400,0.0,86.2699966430664
2025-09-26,86.37999725341797,86.95999908447266,85.97000122070312,86.80000305175781,91700,0.0,86.80000305175781
2025-09-29,87.47000122070312,87.47000122070312,86.87999725341797,87.01000213623047,31100,0.0,87.01000213623047
2025-09-30,87.19000244140625,87.19300079345703,85.93199920654297,86.80000305175781,45500,0.0,86.80000305175781
2025-10-01,86.33999633789062,87.21499633789062,86.33999633789062,87.08999633789062,30100,0.0,87.08999633789062
2025-10-02,87.79000091552734,87.95800018310547,87.11000061035156,87.94999694824219,52000,0.0,87.94999694824219
2025-10-03,88.25,88.5199966430664,87.27899932861328,87.41999816894531,63500,0.0,87.41999816894531
2025-10-06,87.91000366210938,88.80999755859375,87.64099884033203,88.12000274658203,72800,0.0,88.12000274658203
2025-10-07,88.26000213623047,88.30000305175781,86.10600280761719,86.87999725341797,68900,0.0,86.87999725341797
2025-10-08,87.23999786376953,89.22000122070312,87.16200256347656,89.16999816894531,94500,0.0,89.16999816894531
2025-10-09,89.12000274658203,89.21600341796875,88.27400207519531,89.08999633789062,91300,0.0,89.08999633789062
2025-10-10,89.02999877929688,89.58999633789062,86.16999816894531,86.16999816894531,170500,0.0,86.16999816894531
2025-10-13,87.70999908447266,88.2699966430664,87.16999816894531,87.7699966430664,53600,0.0,87.7699966430664
2025-10-14,86.56999969482422,87.23999786376953,85.81999969482422,86.48999786376953,62400,0.0,86.48999786376953
2025-10-15,87.4800033569336,87.62999725341797,86.08000183105469,86.54000091552734,58200,0.0,86.54000091552734
2025-10-16,86.73999786376953,87.12999725341797,84.8499984741211,85.23999786376953,81400,0.0,85.23999786376953
2025-10-17,84.87000274658203,85.41000366210938,84.33999633789062,85.27999877929688,71200,0.0,85.27999877929688
2025-10-20,85.7699966430664,86.87100219726562,85.7699966430664,86.70999908447266,58800,0.0,86.70999908447266
2025-10-21,86.73999786376953,87.5199966430664,86.29000091552734,87.37999725341797,54500,0.0,87.37999725341797
2025-10-22,87.45999908447266,87.45999908447266,85.79000091552734,86.4800033569336,87700,0.0,86.4800033569336
2025-10-23,86.3499984741211,87.6050033569336,86.3499984741211,87.41999816894531,72700,0.0,87.41999816894531
2025-10-24,88.55000305175781,88.81999969482422,88.0,88.30999755859375,44100,0.0,88.30999755859375
2025-10-27,89.26000213623047,89.37999725341797,88.38999938964844,88.61000061035156,47200,0.0,88.61000061035156
2025-10-28,88.66999816894531,89.50900268554688,88.62000274658203,89.05999755859375,58500,0.0,89.05999755859375
2025-10-29,87.68000030517578,87.68000030517578,85.77899932861328,86.23999786376953,138100,0.0,86.23999786376953
2025-10-30,86.01000213623047,87.30799865722656,85.94000244140625,86.0999984741211,84600,0.0,86.0999984741211
2025-10-31,86.91000366210938,87.86000061035156,86.5199966430664,87.61000061035156,61200,0.0,87.61000061035156
2025-11-03,87.86000061035156,87.9800033569336,86.5999984741211,87.38999938964844,64600,0.0,87.38999938964844
2025-11-04,86.31999969482422,86.87000274658203,85.0199966430664,85.1500015258789,183700,0.0,85.1500015258789
2025-11-05,85.02999877929688,85.4800033569336,84.94999694824219,85.22000122070312,254800,0.0,85.22000122070312
2025-11-06,84.7699966430664,85.69999694824219,83.9000015258789,85.05999755859375,101500,0.0,85.05999755859375
2025-11-07,84.5,85.73999786376953,83.87999725341797,85.58000183105469,87200,0.0,85.58000183105469
2025-11-10,86.5,87.16000366210938,86.15799713134766,86.95999908447266,63700,0.0,86.95999908447266
2025-11-11,86.88999938964844,87.46099853515625,86.7699966430664,87.1500015258789,35700,0.0,87.1500015258789
2025-11-12,87.3499984741211,87.62999725341797,86.01000213623047,86.0199966430664,125100,0.0,86.0199966430664
2025-11-13,85.94000244140625,86.02300262451172,84.08999633789062,84.41999816894531,68600,0.0,84.41999816894531
2025-11-14,83.06999969482422,84.9800033569336,82.26000213623047,84.41999816894531,161600,0.0,84.41999816894531
2025-11-17,84.25,84.91999816894531,82.72000122070312,83.0,95100,0.0,83.0
2025-11-18,82.30000305175781,83.0999984741211,81.83999633789062,82.41999816894531,70600,0.0,82.41999816894531
2025-11-19,82.1500015258789,83.01000213623047,81.75,82.54000091552734,73600,0.0,82.54000091552734
2025-11-20,83.6500015258789,84.0,80.45999908447266,80.7300033569336,102500,0.0,80.7300033569336
2025-11-21,80.61000061035156,81.54000091552734,79.31300354003906,80.73999786376953,189400,0.0,80.73999786376953
2025-11-24,81.02999877929688,82.30999755859375,81.02999877929688,82.16000366210938,62500,0.0,82.16000366210938
2025-11-25,82.27999877929688,83.9000015258789,81.8550033569336,83.63999938964844,61700,0.0,83.63999938964844
2025-11-26,83.16000366210938,83.48999786376953,82.64700317382812,82.98999786376953,73800,0.0,82.98999786376953
2025-11-28,83.02999877929688,83.80999755859375,83.02999877929688,83.75,35600,0.0,83.75
2025-12-01,82.88999938964844,83.18000030517578,82.33000183105469,82.55000305175781,37400,0.0,82.55000305175781
2025-12-02,83.0999984741211,83.80999755859375,83.06999969482422,83.26000213623047,49700,0.0,83.26000213623047
2025-12-03,82.55000305175781,84.31999969482422,82.36399841308594,84.31999969482422,57700,0.0,84.31999969482422
2025-12-04,84.2699966430664,84.51000213623047,84.0199966430664,84.30000305175781,48700,0.0,84.30000305175781
2025-12-05,84.76000213623047,85.08499908447266,83.91000366210938,84.27999877929688,29800,0.0,84.27999877929688
2025-12-08,84.6500015258789,85.08000183105469,84.41000366210938,84.9800033569336,51000,0.0,84.9800033569336
2025-12-09,84.51000213623047,85.5199966430664,84.51000213623047,85.29000091552734,45900,0.0,85.29000091552734
2025-12-10,84.98999786376953,86.27200317382812,84.75,85.9000015258789,57500,0.0,85.9000015258789
2025-12-11,85.08000183105469,85.65499877929688,84.69100189208984,85.30000305175781,41100,0.0,85.30000305175781
2025-12-12,84.58000183105469,84.5999984741211,83.22000122070312,83.4000015258789,136300,0.0,83.4000015258789
2025-12-15,83.55999755859375,83.55999755859375,81.79100036621094,81.83999633789062,61200,0.0,81.83999633789062
2025-12-16,81.4800033569336,82.1500015258789,81.14199829101562,81.7699966430664,69700,0.0,81.7699966430664
2025-12-17,81.62999725341797,81.6500015258789,80.04000091552734,80.04000091552734,218900,0.0,80.04000091552734
2025-12-18,81.08000183105469,81.30000305175781,80.47799682617188,81.11000061035156,53500,0.0,81.11000061035156
2025-12-19,81.37999725341797,81.7699966430664,81.26000213623047,81.68000030517578,92700,0.0,81.68000030517578
2025-12-22,81.81999969482422,82.677001953125,81.52100372314453,82.37000274658203,111300,0.0,82.37000274658203
2025-12-23,82.0999984741211,82.25,81.37999725341797,81.83999633789062,75900,0.0,81.83999633789062
2025-12-24,81.8499984741211,81.93000030517578,81.43900299072266,81.93000030517578,20400,0.0,81.93000030517578
2025-12-26,81.9000015258789,82.08999633789062,81.72000122070312,82.0,25400,0.0,82.0
2025-12-29,81.55000305175781,81.98999786376953,81.27999877929688,81.41999816894531,93300,0.0,81.41999816894531
2025-12-30,81.26000213623047,81.58399963378906,81.11000061035156,81.29000091552734,87300,0.06,81.29000091552734
2025-12-31,81.08000183105469,81.20500183105469,80.26000213623047,80.37000274658203,64100,0.0,80.37000274658203
2026-01-02,80.77999877929688,80.84700012207031,78.67900085449219,79.29000091552734,87800,0.0,79.29000091552734
2026-01-05,79.75,80.83999633789062,79.5999984741211,80.11000061035156,123200,0.0,80.11000061035156
2026-01-06,79.97000122070312,80.677001953125,79.87999725341797,80.5999984741211,75100,0.0,80.5999984741211
2026-01-07,80.62000274658203,82.3499984741211,80.62000274658203,81.58000183105469,184600,0.0,81.58000183105469
2026-01-08,81.69999694824219,81.94999694824219,80.31999969482422,80.48999786376953,70500,0.0,80.48999786376953
2026-01-09,80.54000091552734,80.73999786376953,79.87999725341797,80.4800033569336,67900,0.0,80.4800033569336
2026-01-12,79.94000244140625,80.91000366210938,79.94000244140625,80.77999877929688,101500,0.0,80.77999877929688
2026-01-13,80.7300033569336,81.26000213623047,80.08999633789062,80.5999984741211,65200,0.0,80.5999984741211
2026-01-14,80.08999633789062,80.84400177001953,79.41000366210938,80.11000061035156,100700,0.0,80.11000061035156
2026-01-15,80.5999984741211,80.81999969482422,79.80000305175781,79.93000030517578,92400,0.0,79.93000030517578
2026-01-16,80.06999969482422,80.11499786376953,79.09100341796875,79.4000015258789,102100,0.0,79.4000015258789
2026-01-20,78.04000091552734,78.81999969482422,77.33999633789062,77.44000244140625,176300,0.0,77.44000244140625
2026-01-21,77.69000244140625,78.18499755859375,76.95999908447266,77.52999877929688,93400,0.0,77.52999877929688
2026-01-22,78.08999633789062,78.5999984741211,78.02200317382812,78.48999786376953,91000,0.0,78.48999786376953
2026-01-23,78.76000213623047,79.25,78.37200164794922,78.51000213623047,76900,0.0,78.51000213623047
2026-01-26,78.7300033569336,80.4000015258789,78.7300033569336,80.20999908447266,175300,0.0,80.20999908447266
2026-01-27,81.0999984741211,81.63999938964844,80.58000183105469,80.95999908447266,99700,0.0,80.95999908447266
2026-01-28,81.25,81.31500244140625,80.13999938964844,80.25,66500,0.0,80.25
2026-01-29,79.63999938964844,79.63999938964844,76.87999725341797,77.80000305175781,187300,0.0,77.80000305175781
2026-01-30,77.44000244140625,77.83999633789062,76.98999786376953,77.25,63800,0.0,77.25
2026-02-02,76.87999725341797,78.3499984741211,76.80000305175781,77.63999938964844,112200,0.0,77.63999938964844
2026-02-03,77.41999816894531,77.41999816894531,73.87000274658203,75.12000274658203,304300,0.0,75.12000274658203
2026-02-04,74.31999969482422,75.12000274658203,72.75,74.45999908447266,185000,0.0,74.45999908447266
2026-02-05,74.38999938964844,75.5199966430664,72.56999969482422,72.87999725341797,123600,0.0,72.87999725341797
2026-02-06,74.06999969482422,75.30000305175781,73.40599822998047,75.29000091552734,167700,0.0,75.29000091552734
2026-02-09,75.05999755859375,77.12999725341797,74.78099822998047,76.7300033569336,108200,0.0,76.7300033569336
2026-02-10,77.08999633789062,78.20500183105469,77.08999633789062,77.52999877929688,138500,0.0,77.52999877929688
2026-02-11,78.04000091552734,78.16000366210938,76.0199966430664,76.9800033569336,130300,0.0,76.9800033569336
2026-02-12,77.4000015258789,78.27300262451172,75.13999938964844,75.77999877929688,89100,0.0,75.77999877929688
2026-02-13,76.06999969482422,78.31999969482422,76.06999969482422,77.88999938964844,115000,0.0,77.88999938964844
2026-02-17,77.30999755859375,77.81999969482422,75.5199966430664,76.5199966430664,98000,0.0,76.5199966430664
2026-02-18,75.73999786376953,77.01000213623047,75.27999877929688,76.93000030517578,93400,0.0,76.93000030517578
2026-02-19,76.56999969482422,77.22000122070312,76.0979995727539,76.5,93600,0.0,76.5
2026-02-20,76.02999877929688,77.68000030517578,74.01000213623047,74.16999816894531,154600,0.0,74.16999816894531
2026-02-23,73.51000213623047,73.51000213623047,70.44000244140625,70.69000244140625,303400,0.0,70.69000244140625
2026-02-24,70.0999984741211,72.02999877929688,69.66000366210938,71.23999786376953,340500,0.0,71.23999786376953
2026-02-25,71.43000030517578,72.62999725341797,70.84100341796875,72.62999725341797,136900,0.0,72.62999725341797
2026-02-26,72.63999938964844,74.0,72.63999938964844,73.69999694824219,132700,0.0,73.69999694824219
2026-02-27,72.0,73.16000366210938,71.3550033569336,73.16000366210938,93900,0.0,73.16000366210938
2026-03-02,72.48999786376953,74.91999816894531,72.44000244140625,74.69000244140625,101200,0.0,74.69000244140625
2026-03-03,73.0999984741211,75.5999984741211,72.75599670410156,75.25,83100,0.0,75.25
2026-03-04,75.37000274658203,76.27999877929688,74.6240005493164,75.9000015258789,93300,0.0,75.9000015258789
2026-03-05,75.80000305175781,78.04499816894531,75.80000305175781,77.45999908447266,93000,0.0,77.45999908447266
2026-03-06,76.69999694824219,78.30999755859375,76.69999694824219,77.7699966430664,81400,0.0,77.7699966430664
2026-03-09,77.0999984741211,78.37000274658203,76.76000213623047,78.2300033569336,105200,0.0,78.2300033569336
2026-03-10,78.45999908447266,78.5,76.68499755859375,77.9000015258789,398100,0.0,77.9000015258789
2026-03-11,77.83999633789062,78.91999816894531,77.83999633789062,78.44000244140625,64600,0.0,78.44000244140625
2026-03-12,77.66999816894531,78.86000061035156,77.66999816894531,77.97000122070312,62400,0.0,77.97000122070312
2026-03-13,78.23999786376953,79.3499984741211,77.30999755859375,77.91000366210938,67700,0.0,77.91000366210938
