Date,Open,High,Low,Close,Volume,dividend,Adj Close
2016-03-01,76.79000091552734,77.91999816894531,76.72000122070312,77.91000366210938,892800,0.0,77.91000366210938
2016-03-02,77.0999984741211,77.73999786376953,76.68000030517578,77.70999908447266,1079600,0.0,77.70999908447266
2016-03-03,76.30000305175781,76.7699966430664,75.79000091552734,76.66999816894531,830400,0.0,76.66999816894531
2016-03-04,77.0,77.41999816894531,76.51000213623047,76.94000244140625,957300,0.0,76.94000244140625
2016-03-07,76.4000015258789,76.79000091552734,76.11000061035156,76.45999908447266,1194600,0.0,76.45999908447266
2016-03-08,76.30000305175781,76.9800033569336,76.22000122070312,76.33999633789062,628900,0.0,76.33999633789062
2016-03-09,77.16999816894531,77.30999755859375,76.72000122070312,77.0199966430664,757600,0.0,77.0199966430664
2016-03-10,77.87999725341797,78.48999786376953,76.19999694824219,76.86000061035156,1087800,0.0,76.86000061035156
2016-03-11,77.61000061035156,78.72000122070312,77.5199966430664,78.6500015258789,750100,0.0,78.6500015258789
2016-03-14,78.81999969482422,79.12000274658203,78.56999969482422,78.76000213623047,549100,0.0,78.76000213623047
2016-03-15,78.9800033569336,79.38999938964844,78.79000091552734,79.31999969482422,431200,0.0,79.31999969482422
2016-03-16,78.9800033569336,80.20999908447266,78.83999633789062,80.06999969482422,553000,0.0,80.06999969482422
2016-03-17,79.20999908447266,80.18000030517578,79.05999755859375,79.87999725341797,659100,0.0,79.87999725341797
2016-03-18,79.55000305175781,80.30000305175781,79.20999908447266,79.91000366210938,707700,0.0,79.91000366210938
2016-03-21,79.55000305175781,79.9000015258789,79.38999938964844,79.62000274658203,688600,0.0,79.62000274658203
2016-03-22,78.91999816894531,79.7699966430664,78.81999969482422,79.55999755859375,322700,0.0,79.55999755859375
2016-03-23,80.1500015258789,80.1500015258789,79.33000183105469,79.48999786376953,705800,0.0,79.48999786376953
2016-03-24,79.19000244140625,79.52999877929688,79.06999969482422,79.44000244140625,389300,0.0,79.44000244140625
2016-03-28,79.77999877929688,80.47000122070312,79.43000030517578,80.2300033569336,797200,0.0,80.2300033569336
2016-03-29,78.88999938964844,80.27999877929688,78.66999816894531,80.19999694824219,1082600,0.0,80.19999694824219
2016-03-30,80.66000366210938,81.2300033569336,80.5999984741211,80.69000244140625,966300,0.0,80.69000244140625
2016-03-31,80.94999694824219,81.23999786376953,80.37999725341797,80.41999816894531,608000,0.0,80.41999816894531
2016-04-01,78.72000122070312,79.97000122070312,78.69000244140625,79.7300033569336,842400,0.0,79.7300033569336
2016-04-04,79.9000015258789,80.11000061035156,79.31999969482422,79.54000091552734,710300,0.0,79.54000091552734
2016-04-05,78.33999633789062,78.5,77.76000213623047,77.8499984741211,1881500,0.0,77.8499984741211
2016-04-06,77.80000305175781,79.19000244140625,77.75,79.19000244140625,746800,0.0,79.19000244140625
2016-04-07,77.66000366210938,77.91000366210938,77.12000274658203,77.2699966430664,955600,0.0,77.2699966430664
2016-04-08,77.37999725341797,77.47000122070312,76.62999725341797,76.70999908447266,2004800,0.0,76.70999908447266
2016-04-11,76.70999908447266,77.54000091552734,76.70999908447266,76.9000015258789,1991200,0.0,76.9000015258789
2016-04-12,77.25,78.68000030517578,77.05999755859375,78.58000183105469,1717600,0.0,78.58000183105469
2016-04-13,77.94000244140625,78.43000030517578,77.70999908447266,78.33000183105469,747800,0.0,78.33000183105469
2016-04-14,78.98999786376953,79.12000274658203,78.62000274658203,79.02999877929688,932700,0.0,79.02999877929688
2016-04-15,78.88999938964844,79.16999816894531,78.37000274658203,78.51000213623047,515500,0.0,78.51000213623047
2016-04-18,79.0199966430664,79.70999908447266,78.9800033569336,79.33999633789062,690400,0.0,79.33999633789062
2016-04-19,80.97000122070312,81.04000091552734,80.19999694824219,80.62999725341797,1447100,0.0,80.62999725341797
2016-04-20,80.25,80.9000015258789,80.02999877929688,80.55000305175781,1574100,0.0,80.55000305175781
2016-04-21,80.0,80.5999984741211,79.72000122070312,80.12000274658203,861100,0.0,80.12000274658203
2016-04-22,80.66000366210938,80.72000122070312,79.79000091552734,80.19999694824219,891000,0.0,80.19999694824219
2016-04-25,79.51000213623047,80.0199966430664,79.31999969482422,79.94999694824219,599500,0.0,79.94999694824219
2016-04-26,79.19999694824219,79.80999755859375,78.9800033569336,79.5,869700,0.0,79.5
2016-04-27,80.37999725341797,81.19000244140625,80.19999694824219,81.0199966430664,1350900,0.0,81.0199966430664
2016-04-28,79.5199966430664,80.19000244140625,79.19999694824219,79.37000274658203,982700,0.0,79.37000274658203
2016-04-29,78.73999786376953,78.83000183105469,78.16999816894531,78.62000274658203,878700,0.0,78.62000274658203
2016-05-02,79.68000030517578,79.86000061035156,79.1500015258789,79.75,893600,0.0,79.75
2016-05-03,78.81999969482422,79.01000213623047,78.18000030517578,78.5199966430664,710300,0.0,78.5199966430664
2016-05-04,77.62000274658203,77.68000030517578,77.16999816894531,77.47000122070312,1121700,0.0,77.47000122070312
2016-05-05,76.80000305175781,77.75,76.66999816894531,77.06999969482422,1288100,0.0,77.06999969482422
2016-05-06,76.98999786376953,77.44000244140625,76.79000091552734,77.33000183105469,467300,0.0,77.33000183105469
2016-05-09,78.41000366210938,78.69999694824219,78.1500015258789,78.30999755859375,933500,0.0,78.30999755859375
2016-05-10,76.86000061035156,77.62999725341797,76.8499984741211,77.58999633789062,620900,1.31,77.58999633789062
2016-05-11,77.0,77.48999786376953,76.8499984741211,76.86000061035156,974100,0.0,76.86000061035156
2016-05-12,77.88999938964844,78.04000091552734,76.87000274658203,77.25,559100,0.0,77.25
2016-05-13,77.08999633789062,77.41999816894531,76.73999786376953,77.02999877929688,1193300,0.0,77.02999877929688
2016-05-16,77.2300033569336,78.12000274658203,77.1500015258789,77.83000183105469,595600,0.0,77.83000183105469
2016-05-17,77.48999786376953,77.66999816894531,76.69999694824219,76.95999908447266,956100,0.0,76.95999908447266
2016-05-18,77.0,78.16999816894531,76.86000061035156,77.5199966430664,660900,0.0,77.5199966430664
2016-05-19,77.11000061035156,77.31999969482422,76.55000305175781,76.80000305175781,801000,0.0,76.80000305175781
2016-05-20,77.66000366210938,77.95999908447266,77.47000122070312,77.72000122070312,883400,0.0,77.72000122070312
2016-05-23,78.2699966430664,78.58000183105469,77.9000015258789,77.94999694824219,730600,0.0,77.94999694824219
2016-05-24,79.11000061035156,79.7300033569336,79.08000183105469,79.55000305175781,855500,0.0,79.55000305175781
2016-05-25,80.55000305175781,80.79000091552734,80.12999725341797,80.51000213623047,2741800,0.0,80.51000213623047
2016-05-26,81.43000030517578,81.54000091552734,80.98999786376953,81.20999908447266,917200,0.0,81.20999908447266
2016-05-27,81.19000244140625,81.33000183105469,80.76000213623047,81.0,506600,0.0,81.0
2016-05-31,81.5199966430664,81.62000274658203,80.81999969482422,81.06999969482422,1342500,0.0,81.06999969482422
2016-06-01,80.97000122070312,81.26000213623047,80.83000183105469,81.20999908447266,772300,0.0,81.20999908447266
2016-06-02,80.54000091552734,80.91999816894531,80.25,80.91999816894531,617300,0.0,80.91999816894531
2016-06-03,80.87000274658203,81.37000274658203,80.51000213623047,81.16999816894531,560900,0.0,81.16999816894531
2016-06-06,81.37000274658203,81.54000091552734,81.02999877929688,81.33000183105469,456700,0.0,81.33000183105469
2016-06-07,81.97000122070312,82.19000244140625,81.80999755859375,81.9000015258789,468100,0.0,81.9000015258789
2016-06-08,81.66999816894531,81.7300033569336,81.18000030517578,81.5199966430664,425100,0.0,81.5199966430664
2016-06-09,80.55000305175781,81.01000213623047,80.55000305175781,80.73999786376953,368500,0.0,80.73999786376953
2016-06-10,78.91000366210938,79.2300033569336,77.94000244140625,78.44000244140625,1258700,0.0,78.44000244140625
2016-06-13,76.7300033569336,77.43000030517578,76.69000244140625,76.79000091552734,1493800,0.0,76.79000091552734
2016-06-14,75.25,76.12999725341797,75.22000122070312,76.11000061035156,2129900,0.0,76.11000061035156
2016-06-15,76.02999877929688,76.47000122070312,75.79000091552734,75.83000183105469,1329300,0.0,75.83000183105469
2016-06-16,74.86000061035156,76.31999969482422,74.43000030517578,76.19999694824219,1790100,0.0,76.19999694824219
2016-06-17,76.68000030517578,77.04000091552734,75.80000305175781,76.9000015258789,1097200,0.0,76.9000015258789
2016-06-20,79.2699966430664,79.30000305175781,78.05999755859375,78.08999633789062,1038400,0.0,78.08999633789062
2016-06-21,79.1500015258789,79.77999877929688,78.87999725341797,79.41999816894531,994700,0.0,79.41999816894531
2016-06-22,80.01000213623047,80.19000244140625,78.80000305175781,78.83000183105469,1132700,0.0,78.83000183105469
2016-06-23,80.5199966430664,81.18000030517578,79.77999877929688,81.06999969482422,1349100,0.0,81.06999969482422
2016-06-24,74.16999816894531,76.30999755859375,73.91999816894531,73.94000244140625,3748700,0.0,73.94000244140625
2016-06-27,72.3499984741211,72.36000061035156,71.38999938964844,72.0199966430664,2168500,0.0,72.0199966430664
2016-06-28,73.68000030517578,74.0,73.05999755859375,73.8499984741211,1078100,0.0,73.8499984741211
2016-06-29,75.26000213623047,75.4000015258789,74.55000305175781,75.0999984741211,949600,0.0,75.0999984741211
2016-06-30,74.38999938964844,75.02999877929688,73.80000305175781,75.0199966430664,1007700,0.0,75.0199966430664
2016-07-01,75.43000030517578,75.58000183105469,74.8499984741211,74.97000122070312,440900,0.0,74.97000122070312
2016-07-05,74.94000244140625,74.9800033569336,73.94000244140625,74.16000366210938,927100,0.0,74.16000366210938
2016-07-06,73.7300033569336,74.76000213623047,73.33000183105469,74.70999908447266,1131600,0.0,74.70999908447266
2016-07-07,74.62000274658203,74.8499984741211,74.37999725341797,74.58999633789062,1220200,0.0,74.58999633789062
2016-07-08,76.26000213623047,76.77999877929688,75.91999816894531,76.5999984741211,1438000,0.0,76.5999984741211
2016-07-11,77.87000274658203,78.13999938964844,77.7300033569336,78.0199966430664,1417600,0.0,78.0199966430664
2016-07-12,78.43000030517578,78.69999694824219,78.05000305175781,78.30999755859375,1122100,0.0,78.30999755859375
2016-07-13,78.22000122070312,78.66999816894531,78.0199966430664,78.08999633789062,544900,0.0,78.08999633789062
2016-07-14,79.26000213623047,79.52999877929688,78.94999694824219,79.20999908447266,997400,0.0,79.20999908447266
2016-07-15,78.69000244140625,78.98999786376953,78.55999755859375,78.97000122070312,702400,0.0,78.97000122070312
2016-07-18,79.0999984741211,79.6500015258789,78.80000305175781,79.58999633789062,1182300,0.0,79.58999633789062
2016-07-19,79.0999984741211,79.44999694824219,78.70999908447266,79.31999969482422,1406600,0.0,79.31999969482422
2016-07-20,82.9800033569336,83.80999755859375,82.81999969482422,83.70999908447266,2905100,0.0,83.70999908447266
2016-07-21,84.41999816894531,84.86000061035156,83.88999938964844,84.19999694824219,2115200,0.0,84.19999694824219
2016-07-22,83.94000244140625,84.80999755859375,83.83999633789062,84.44999694824219,1513400,0.0,84.44999694824219
2016-07-25,84.5999984741211,84.79000091552734,84.36000061035156,84.69000244140625,787800,0.0,84.69000244140625
2016-07-26,85.3499984741211,85.55000305175781,85.06999969482422,85.33000183105469,916800,0.0,85.33000183105469
2016-07-27,86.31999969482422,86.41000366210938,85.62999725341797,86.1500015258789,1154900,0.0,86.1500015258789
2016-07-28,86.81999969482422,87.06999969482422,86.47000122070312,86.54000091552734,1969400,0.0,86.54000091552734
2016-07-29,87.55999755859375,87.77999877929688,87.13999938964844,87.38999938964844,1801600,0.0,87.38999938964844
2016-08-01,87.16999816894531,87.62000274658203,87.0199966430664,87.27999877929688,692300,0.0,87.27999877929688
2016-08-02,86.66000366210938,86.68000030517578,86.13999938964844,86.52999877929688,1455600,0.0,86.52999877929688
2016-08-03,85.97000122070312,86.18000030517578,85.87000274658203,86.1500015258789,734700,0.0,86.1500015258789
2016-08-04,85.29000091552734,86.12999725341797,85.27999877929688,85.97000122070312,1326200,0.0,85.97000122070312
2016-08-05,85.54000091552734,86.2699966430664,85.48999786376953,86.20999908447266,1115300,0.0,86.20999908447266
2016-08-08,85.27999877929688,85.9000015258789,85.27999877929688,85.87000274658203,547400,0.0,85.87000274658203
2016-08-09,86.30999755859375,87.87000274658203,86.27999877929688,87.27999877929688,1287100,0.0,87.27999877929688
2016-08-10,87.86000061035156,87.91999816894531,87.48999786376953,87.66999816894531,831400,0.0,87.66999816894531
2016-08-11,88.04000091552734,88.13999938964844,87.68000030517578,87.72000122070312,1161100,0.0,87.72000122070312
2016-08-12,88.12999725341797,88.1500015258789,87.37999725341797,87.52999877929688,811300,0.0,87.52999877929688
2016-08-15,87.76000213623047,88.16999816894531,87.69000244140625,88.0,437300,0.0,88.0
2016-08-16,87.9800033569336,88.25,87.7300033569336,87.73999786376953,711700,0.0,87.73999786376953
2016-08-17,87.5999984741211,88.0199966430664,87.25,87.86000061035156,428000,0.0,87.86000061035156
2016-08-18,87.81999969482422,88.12999725341797,87.68000030517578,88.05000305175781,299500,0.0,88.05000305175781
2016-08-19,88.37000274658203,88.4000015258789,87.91999816894531,88.18000030517578,530200,0.0,88.18000030517578
2016-08-22,87.2699966430664,87.6500015258789,87.12999725341797,87.55999755859375,351700,0.0,87.55999755859375
2016-08-23,87.91999816894531,88.11000061035156,87.61000061035156,87.77999877929688,339500,0.0,87.77999877929688
2016-08-24,87.6500015258789,87.70999908447266,87.23999786376953,87.36000061035156,386600,0.0,87.36000061035156
2016-08-25,87.26000213623047,87.54000091552734,87.12999725341797,87.38999938964844,424700,0.0,87.38999938964844
2016-08-26,87.58000183105469,88.55000305175781,86.87999725341797,87.2699966430664,868900,0.0,87.2699966430664
2016-08-29,86.66999816894531,87.44000244140625,86.66000366210938,87.19999694824219,725000,0.0,87.19999694824219
2016-08-30,88.69999694824219,88.98999786376953,88.52999877929688,88.73999786376953,720000,0.0,88.73999786376953
2016-08-31,87.87999725341797,88.19999694824219,87.5999984741211,87.97000122070312,490100,0.0,87.97000122070312
2016-09-01,88.27999877929688,88.52999877929688,87.91999816894531,88.47000122070312,612100,0.0,88.47000122070312
2016-09-02,89.31999969482422,89.80999755859375,89.08999633789062,89.63999938964844,536000,0.0,89.63999938964844
2016-09-06,90.22000122070312,90.5,89.9000015258789,90.4000015258789,537100,0.0,90.4000015258789
2016-09-07,90.7699966430664,91.0,90.36000061035156,90.81999969482422,621300,0.0,90.81999969482422
2016-09-08,90.37999725341797,90.5199966430664,89.5,89.54000091552734,1057500,0.0,89.54000091552734
2016-09-09,88.63999938964844,88.72000122070312,87.5999984741211,87.63999938964844,1210500,0.0,87.63999938964844
2016-09-12,87.37999725341797,88.80999755859375,87.27999877929688,88.76000213623047,889200,0.0,88.76000213623047
2016-09-13,88.2300033569336,88.51000213623047,87.69000244140625,88.1500015258789,934800,0.0,88.1500015258789
2016-09-14,88.12999725341797,88.76000213623047,88.06999969482422,88.31999969482422,561300,0.0,88.31999969482422
2016-09-15,87.7699966430664,88.80999755859375,87.52999877929688,88.66999816894531,752100,0.0,88.66999816894531
2016-09-16,86.93000030517578,87.18000030517578,86.69999694824219,86.86000061035156,1034900,0.0,86.86000061035156
2016-09-19,88.20999908447266,88.4800033569336,87.8499984741211,88.08999633789062,476300,0.0,88.08999633789062
2016-09-20,89.37000274658203,89.38999938964844,88.8499984741211,89.04000091552734,699100,0.0,89.04000091552734
2016-09-21,89.44999694824219,90.41999816894531,89.16000366210938,90.31999969482422,714800,0.0,90.31999969482422
2016-09-22,92.58000183105469,92.76000213623047,92.19000244140625,92.36000061035156,1825600,0.0,92.36000061035156
2016-09-23,91.76000213623047,91.88999938964844,91.51000213623047,91.54000091552734,726300,0.0,91.54000091552734
2016-09-26,90.97000122070312,91.02999877929688,90.5,90.73999786376953,628800,0.0,90.73999786376953
2016-09-27,89.76000213623047,91.16000366210938,89.6500015258789,91.05999755859375,731200,0.0,91.05999755859375
2016-09-28,91.44999694824219,92.18000030517578,90.9000015258789,92.08000183105469,926200,0.0,92.08000183105469
2016-09-29,90.95999908447266,91.3499984741211,89.19999694824219,89.54000091552734,952800,0.0,89.54000091552734
2016-09-30,90.01000213623047,91.66000366210938,89.83999633789062,91.41000366210938,1029200,0.0,91.41000366210938
2016-10-03,90.91999816894531,91.30999755859375,90.58999633789062,90.88999938964844,545000,0.0,90.88999938964844
2016-10-04,90.45999908447266,91.12000274658203,90.33999633789062,90.56999969482422,584000,0.0,90.56999969482422
2016-10-05,91.37999725341797,91.44999694824219,90.8499984741211,90.95999908447266,422500,0.0,90.95999908447266
2016-10-06,90.81999969482422,91.0199966430664,90.63999938964844,90.93000030517578,940200,0.0,90.93000030517578
2016-10-07,90.4800033569336,90.54000091552734,89.05999755859375,89.56999969482422,984500,0.0,89.56999969482422
2016-10-10,89.97000122070312,90.2300033569336,89.91000366210938,90.08999633789062,750100,0.0,90.08999633789062
2016-10-11,89.63999938964844,89.69999694824219,88.54000091552734,88.61000061035156,897500,0.0,88.61000061035156
2016-10-12,87.61000061035156,87.72000122070312,87.11000061035156,87.22000122070312,921600,0.0,87.22000122070312
2016-10-13,86.48999786376953,87.5199966430664,86.16000366210938,87.23999786376953,651500,0.0,87.23999786376953
2016-10-14,86.94999694824219,87.27999877929688,86.06999969482422,86.12999725341797,1358300,0.0,86.12999725341797
2016-10-17,86.44000244140625,86.66000366210938,86.19000244140625,86.3499984741211,600700,0.0,86.3499984741211
2016-10-18,88.16999816894531,88.19999694824219,87.4800033569336,87.66000366210938,1086800,0.0,87.66000366210938
2016-10-19,87.19000244140625,87.5,86.9000015258789,86.95999908447266,578100,0.0,86.95999908447266
2016-10-20,86.38999938964844,87.44000244140625,86.19999694824219,87.27999877929688,1157200,0.0,87.27999877929688
2016-10-21,89.22000122070312,89.37999725341797,88.36000061035156,88.81999969482422,3089200,0.0,88.81999969482422
2016-10-24,89.05999755859375,89.19999694824219,88.19999694824219,88.33000183105469,938400,0.0,88.33000183105469
2016-10-25,88.1500015258789,88.62999725341797,88.0199966430664,88.30999755859375,697300,0.0,88.30999755859375
2016-10-26,87.77999877929688,88.37000274658203,87.6500015258789,87.76000213623047,528800,0.0,87.76000213623047
2016-10-27,88.30999755859375,88.38999938964844,87.62999725341797,87.66000366210938,799700,0.0,87.66000366210938
2016-10-28,87.7699966430664,88.43000030517578,87.66000366210938,87.88999938964844,461200,0.0,87.88999938964844
2016-10-31,87.87999725341797,88.30000305175781,87.69000244140625,87.83999633789062,637700,0.0,87.83999633789062
2016-11-01,87.70999908447266,87.76000213623047,85.86000061035156,86.30000305175781,751100,0.0,86.30000305175781
2016-11-02,86.47000122070312,86.80000305175781,85.83000183105469,86.05000305175781,765200,0.0,86.05000305175781
2016-11-03,85.44000244140625,85.5999984741211,84.6500015258789,84.70999908447266,923200,0.0,84.70999908447266
2016-11-04,85.55000305175781,85.87999725341797,85.19999694824219,85.3499984741211,616500,0.0,85.3499984741211
2016-11-07,86.16999816894531,86.73999786376953,86.12000274658203,86.70999908447266,627600,0.0,86.70999908447266
2016-11-08,86.2699966430664,86.83000183105469,86.25,86.45999908447266,717500,0.0,86.45999908447266
2016-11-09,84.55000305175781,86.2300033569336,84.55000305175781,85.97000122070312,762300,0.0,85.97000122070312
2016-11-10,84.83000183105469,85.52999877929688,83.6500015258789,84.3499984741211,1319800,0.0,84.3499984741211
2016-11-11,82.5999984741211,83.26000213623047,82.26000213623047,83.12000274658203,1386000,0.0,83.12000274658203
2016-11-14,81.44000244140625,81.86000061035156,81.06999969482422,81.61000061035156,1289400,0.0,81.61000061035156
2016-11-15,80.94999694824219,81.88999938964844,80.93000030517578,81.83999633789062,1905500,0.0,81.83999633789062
2016-11-16,81.62999725341797,82.5199966430664,81.62000274658203,82.23999786376953,883600,0.0,82.23999786376953
2016-11-17,82.1500015258789,82.69000244140625,82.04000091552734,82.45999908447266,1081900,0.0,82.45999908447266
2016-11-18,82.91999816894531,83.27999877929688,82.7300033569336,83.22000122070312,870400,0.0,83.22000122070312
2016-11-21,83.83999633789062,84.25,83.6500015258789,84.25,683400,0.0,84.25
2016-11-22,84.79000091552734,85.5199966430664,84.36000061035156,85.4000015258789,1735200,0.0,85.4000015258789
2016-11-23,83.73999786376953,84.19000244140625,83.56999969482422,84.13999938964844,843300,0.0,84.13999938964844
2016-11-25,85.80000305175781,85.8499984741211,85.3499984741211,85.61000061035156,658100,0.0,85.61000061035156
2016-11-28,85.01000213623047,85.2300033569336,84.52999877929688,84.55999755859375,710700,0.0,84.55999755859375
2016-11-29,83.91999816894531,84.79000091552734,83.81999969482422,84.5199966430664,597800,0.0,84.5199966430664
2016-11-30,84.29000091552734,84.29000091552734,83.16000366210938,83.22000122070312,596400,0.0,83.22000122070312
2016-12-01,82.88999938964844,82.97000122070312,81.75,81.91000366210938,868200,0.0,81.91000366210938
2016-12-02,81.47000122070312,82.41999816894531,81.30000305175781,81.91999816894531,1253500,0.0,81.91999816894531
2016-12-05,82.8499984741211,83.29000091552734,82.58999633789062,83.12999725341797,438800,0.0,83.12999725341797
2016-12-06,82.48999786376953,83.1500015258789,82.44999694824219,82.98999786376953,680400,0.0,82.98999786376953
2016-12-07,83.5,84.94999694824219,83.44999694824219,84.73999786376953,583900,0.0,84.73999786376953
2016-12-08,84.16999816894531,84.63999938964844,84.05000305175781,84.23999786376953,877400,0.0,84.23999786376953
2016-12-09,84.37000274658203,84.62000274658203,84.20999908447266,84.43000030517578,552500,0.0,84.43000030517578
2016-12-12,84.69999694824219,84.7300033569336,84.02999877929688,84.45999908447266,767000,0.0,84.45999908447266
2016-12-13,85.16999816894531,86.05000305175781,85.16999816894531,85.44000244140625,486500,0.0,85.44000244140625
2016-12-14,85.5999984741211,85.9800033569336,84.70999908447266,84.91000366210938,686900,0.0,84.91000366210938
2016-12-15,84.27999877929688,84.94000244140625,84.13999938964844,84.68000030517578,770800,0.0,84.68000030517578
2016-12-16,84.80999755859375,85.20999908447266,84.76000213623047,85.01000213623047,569100,0.0,85.01000213623047
2016-12-19,85.47000122070312,85.87999725341797,85.11000061035156,85.2699966430664,424300,0.0,85.2699966430664
2016-12-20,85.7699966430664,86.08999633789062,85.58000183105469,86.05000305175781,426400,0.0,86.05000305175781
2016-12-21,86.61000061035156,86.66999816894531,85.8499984741211,85.94999694824219,478200,0.0,85.94999694824219
2016-12-22,85.94999694824219,85.98999786376953,85.58000183105469,85.70999908447266,1020800,0.0,85.70999908447266
2016-12-23,85.44000244140625,85.75,85.41999816894531,85.69000244140625,349400,0.0,85.69000244140625
2016-12-27,85.76000213623047,86.13999938964844,85.7300033569336,85.80000305175781,320300,0.0,85.80000305175781
2016-12-28,85.91999816894531,86.02999877929688,85.54000091552734,85.68000030517578,363400,0.0,85.68000030517578
2016-12-29,86.37999725341797,86.69000244140625,86.2300033569336,86.51000213623047,529600,0.0,86.51000213623047
2016-12-30,86.91999816894531,87.2300033569336,86.06999969482422,86.43000030517578,834300,0.0,86.43000030517578
2017-01-03,86.25,86.44000244140625,85.91999816894531,86.30000305175781,803700,0.0,86.30000305175781
2017-01-04,85.66000366210938,86.69999694824219,85.48999786376953,86.66000366210938,1057700,0.0,86.66000366210938
2017-01-05,86.37000274658203,87.94999694824219,86.33000183105469,87.8499984741211,1257900,0.0,87.8499984741211
2017-01-06,87.81999969482422,88.7300033569336,87.72000122070312,88.47000122070312,911400,0.0,88.47000122070312
2017-01-09,88.97000122070312,89.4800033569336,88.91999816894531,89.36000061035156,1230800,0.0,89.36000061035156
2017-01-10,89.02999877929688,89.27999877929688,88.51000213623047,88.62999725341797,579900,0.0,88.62999725341797
2017-01-11,87.83000183105469,88.91999816894531,87.76000213623047,88.79000091552734,1417900,0.0,88.79000091552734
2017-01-12,88.72000122070312,89.62000274658203,88.66999816894531,89.38999938964844,614400,0.0,89.38999938964844
2017-01-13,89.27999877929688,89.68000030517578,89.0999984741211,89.44000244140625,406100,0.0,89.44000244140625
2017-01-17,89.51000213623047,89.73999786376953,89.27999877929688,89.63999938964844,853600,0.0,89.63999938964844
2017-01-18,88.9000015258789,89.37999725341797,88.87000274658203,89.3499984741211,789700,0.0,89.3499984741211
2017-01-19,88.80000305175781,89.48999786376953,88.80000305175781,89.2300033569336,1153600,0.0,89.2300033569336
2017-01-20,89.37000274658203,89.58999633789062,89.30999755859375,89.4000015258789,424300,0.0,89.4000015258789
2017-01-23,89.44000244140625,89.47000122070312,88.83999633789062,89.30000305175781,647000,0.0,89.30000305175781
2017-01-24,90.01000213623047,90.12999725341797,89.30999755859375,89.62999725341797,1187700,0.0,89.62999725341797
2017-01-25,90.94000244140625,91.29000091552734,90.55999755859375,91.22000122070312,1012900,0.0,91.22000122070312
2017-01-26,90.63999938964844,91.04000091552734,90.43000030517578,90.81999969482422,763900,0.0,90.81999969482422
2017-01-27,91.22000122070312,91.55999755859375,90.87000274658203,91.12000274658203,786600,0.0,91.12000274658203
2017-01-30,90.66999816894531,91.44000244140625,90.48999786376953,91.33000183105469,1127100,0.0,91.33000183105469
2017-01-31,91.7300033569336,91.80000305175781,91.19000244140625,91.51000213623047,924400,0.0,91.51000213623047
2017-02-01,90.93000030517578,91.01000213623047,90.19000244140625,90.70999908447266,1177700,0.0,90.70999908447266
2017-02-02,92.55999755859375,92.63999938964844,91.75,91.87000274658203,1481400,0.0,91.87000274658203
2017-02-03,92.4000015258789,92.58000183105469,92.06999969482422,92.5199966430664,628100,0.0,92.5199966430664
2017-02-06,90.88999938964844,91.33000183105469,90.80999755859375,91.25,1222100,0.0,91.25
2017-02-07,91.36000061035156,91.98999786376953,91.30999755859375,91.95999908447266,1533000,0.0,91.95999908447266
2017-02-08,91.72000122070312,92.22000122070312,91.62000274658203,91.79000091552734,653200,0.0,91.79000091552734
2017-02-09,91.9000015258789,92.16999816894531,91.70999908447266,91.70999908447266,548600,0.0,91.70999908447266
2017-02-10,91.69999694824219,91.94000244140625,91.63999938964844,91.7300033569336,417000,0.0,91.7300033569336
2017-02-13,92.87999725341797,92.93000030517578,92.4800033569336,92.52999877929688,400400,0.0,92.52999877929688
2017-02-14,92.48999786376953,92.52999877929688,92.08000183105469,92.47000122070312,439600,0.0,92.47000122070312
2017-02-15,91.44000244140625,92.55000305175781,91.38999938964844,92.44999694824219,699000,0.0,92.44999694824219
2017-02-16,92.4800033569336,92.83999633789062,92.44999694824219,92.75,597800,0.0,92.75
2017-02-17,92.23999786376953,92.58000183105469,92.19000244140625,92.45999908447266,729500,0.0,92.45999908447266
2017-02-21,92.55000305175781,93.1500015258789,92.51000213623047,93.1500015258789,604400,0.0,93.1500015258789
2017-02-22,93.55999755859375,94.16999816894531,93.41999816894531,94.01000213623047,606100,0.0,94.01000213623047
2017-02-23,93.91999816894531,94.44999694824219,93.83000183105469,94.13999938964844,449600,0.0,94.13999938964844
2017-02-24,93.01000213623047,93.37000274658203,92.7699966430664,93.37000274658203,630000,0.0,93.37000274658203
2017-02-27,92.88999938964844,93.3499984741211,92.87000274658203,93.22000122070312,512600,0.0,93.22000122070312
2017-02-28,93.16000366210938,93.58000183105469,93.16000366210938,93.18000030517578,596500,0.0,93.18000030517578
2017-03-01,93.95999908447266,94.66000366210938,93.88999938964844,94.4800033569336,1028200,0.0,94.4800033569336
2017-03-02,93.91000366210938,94.70999908447266,93.80999755859375,94.45999908447266,555000,0.0,94.45999908447266
2017-03-03,94.12000274658203,94.63999938964844,94.01000213623047,94.63999938964844,490200,0.0,94.63999938964844
2017-03-06,94.19000244140625,94.29000091552734,93.79000091552734,94.08999633789062,380100,0.0,94.08999633789062
2017-03-07,93.95999908447266,94.4000015258789,93.73999786376953,94.0199966430664,517000,0.0,94.0199966430664
2017-03-08,94.18000030517578,94.58000183105469,94.11000061035156,94.18000030517578,345900,0.0,94.18000030517578
2017-03-09,94.86000061035156,94.87999725341797,94.30000305175781,94.56999969482422,611900,0.0,94.56999969482422
2017-03-10,94.94000244140625,95.30000305175781,94.5999984741211,95.18000030517578,1229200,0.0,95.18000030517578
2017-03-13,94.87999725341797,95.2699966430664,94.87999725341797,95.12000274658203,875900,0.0,95.12000274658203
2017-03-14,95.08000183105469,95.16999816894531,94.62000274658203,94.69999694824219,837000,0.0,94.69999694824219
2017-03-15,94.94000244140625,96.16000366210938,94.87000274658203,96.04000091552734,927000,0.0,96.04000091552734
2017-03-16,97.37999725341797,97.44000244140625,96.94000244140625,97.33999633789062,1307700,0.0,97.33999633789062
2017-03-17,97.5199966430664,97.7699966430664,97.19000244140625,97.36000061035156,1412600,0.0,97.36000061035156
2017-03-20,98.05999755859375,98.18000030517578,97.7300033569336,98.11000061035156,1174700,0.0,98.11000061035156
2017-03-21,98.62999725341797,98.79000091552734,96.91999816894531,97.01000213623047,1571700,0.0,97.01000213623047
2017-03-22,97.33000183105469,98.05000305175781,97.2300033569336,97.6500015258789,702700,0.0,97.6500015258789
2017-03-23,97.33000183105469,98.29000091552734,97.26000213623047,97.87000274658203,575100,0.0,97.87000274658203
2017-03-24,97.94000244140625,98.31999969482422,97.58999633789062,97.88999938964844,428900,0.0,97.88999938964844
2017-03-27,97.13999938964844,97.6500015258789,96.94000244140625,97.3499984741211,520200,0.0,97.3499984741211
2017-03-28,98.20999908447266,98.6500015258789,98.12999725341797,98.48999786376953,655400,0.0,98.48999786376953
2017-03-29,97.91999816894531,98.48999786376953,97.7699966430664,98.41000366210938,759800,0.0,98.41000366210938
2017-03-30,97.9000015258789,98.23999786376953,97.7699966430664,97.91000366210938,743000,0.0,97.91000366210938
2017-03-31,97.73999786376953,98.61000061035156,97.73999786376953,98.16999816894531,570300,0.0,98.16999816894531
2017-04-03,98.62000274658203,98.69000244140625,97.6500015258789,98.20999908447266,576700,0.0,98.20999908447266
2017-04-04,98.18000030517578,98.5199966430664,98.12000274658203,98.47000122070312,427200,0.0,98.47000122070312
2017-04-05,97.75,98.30999755859375,97.2699966430664,97.37999725341797,511700,0.0,97.37999725341797
2017-04-06,97.12999725341797,97.66000366210938,96.94000244140625,97.2699966430664,516400,0.0,97.2699966430664
2017-04-07,97.05000305175781,97.6500015258789,97.01000213623047,97.5199966430664,448700,0.0,97.5199966430664
2017-04-10,97.1500015258789,97.47000122070312,97.02999877929688,97.38999938964844,664500,0.0,97.38999938964844
2017-04-11,97.04000091552734,97.26000213623047,96.04000091552734,97.05999755859375,841300,0.0,97.05999755859375
2017-04-12,97.12999725341797,97.48999786376953,96.91000366210938,97.33999633789062,726700,0.0,97.33999633789062
2017-04-13,96.61000061035156,97.08999633789062,96.16999816894531,96.18000030517578,1023700,0.0,96.18000030517578
2017-04-17,96.58000183105469,96.9000015258789,96.44000244140625,96.77999877929688,685500,0.0,96.77999877929688
2017-04-18,96.80999755859375,97.02999877929688,96.48999786376953,97.0199966430664,488300,0.0,97.0199966430664
2017-04-19,97.0999984741211,97.31999969482422,96.86000061035156,97.05000305175781,921800,0.0,97.05000305175781
2017-04-20,97.05000305175781,97.5199966430664,97.05000305175781,97.1500015258789,681800,0.0,97.1500015258789
2017-04-21,97.30000305175781,97.33999633789062,96.83000183105469,97.0,917200,0.0,97.0
2017-04-24,100.83000183105469,101.95999908447266,100.61000061035156,101.37999725341797,1920200,0.0,101.37999725341797
2017-04-25,101.87999725341797,102.26000213623047,101.2300033569336,102.12999725341797,1478800,0.0,102.12999725341797
2017-04-26,100.80999755859375,101.05999755859375,100.19999694824219,100.25,1648600,0.0,100.25
2017-04-27,100.31999969482422,100.8499984741211,100.11000061035156,100.69999694824219,677400,0.0,100.69999694824219
2017-04-28,100.06999969482422,100.44999694824219,100.0,100.18000030517578,736700,0.0,100.18000030517578
2017-05-01,100.41999816894531,101.11000061035156,100.41999816894531,100.94000244140625,518900,0.0,100.94000244140625
2017-05-02,100.8499984741211,101.37999725341797,100.75,101.37000274658203,968400,0.0,101.37000274658203
2017-05-03,100.87999725341797,101.0199966430664,100.55999755859375,100.88999938964844,638900,0.0,100.88999938964844
2017-05-04,101.48999786376953,102.45999908447266,101.41999816894531,102.36000061035156,575900,0.0,102.36000061035156
2017-05-05,102.52999877929688,103.9000015258789,102.5,103.87999725341797,519500,0.0,103.87999725341797
2017-05-08,103.02999877929688,103.41000366210938,102.91000366210938,103.30999755859375,485400,0.0,103.30999755859375
2017-05-09,103.37999725341797,104.05000305175781,103.3499984741211,103.66999816894531,860600,0.0,103.66999816894531
2017-05-10,104.0,104.05000305175781,103.26000213623047,103.38999938964844,540300,0.0,103.38999938964844
2017-05-11,102.18000030517578,102.31999969482422,101.6500015258789,102.1500015258789,652500,1.331,102.1500015258789
2017-05-12,102.79000091552734,103.55000305175781,102.70999908447266,103.37000274658203,556900,0.0,103.37000274658203
2017-05-15,103.33999633789062,103.68000030517578,103.30999755859375,103.51000213623047,330100,0.0,103.51000213623047
2017-05-16,104.9800033569336,105.08000183105469,104.13999938964844,104.69000244140625,464000,0.0,104.69000244140625
2017-05-17,104.6500015258789,105.13999938964844,103.91000366210938,103.91000366210938,688500,0.0,103.91000366210938
2017-05-18,103.91000366210938,104.41999816894531,103.56999969482422,103.93000030517578,1088700,0.0,103.93000030517578
2017-05-19,105.04000091552734,105.44000244140625,104.95999908447266,105.08000183105469,714800,0.0,105.08000183105469
2017-05-22,105.08000183105469,105.76000213623047,105.08000183105469,105.73999786376953,629700,0.0,105.73999786376953
2017-05-23,106.61000061035156,106.63999938964844,106.05999755859375,106.27999877929688,828900,0.0,106.27999877929688
2017-05-24,106.27999877929688,106.69000244140625,105.9800033569336,106.58999633789062,314700,0.0,106.58999633789062
2017-05-25,106.33000183105469,106.9800033569336,106.30999755859375,106.80999755859375,536000,0.0,106.80999755859375
2017-05-26,105.77999877929688,106.36000061035156,105.77999877929688,106.30000305175781,781900,0.0,106.30000305175781
2017-05-30,106.25,106.69000244140625,106.2300033569336,106.62000274658203,640500,0.0,106.62000274658203
2017-05-31,107.56999969482422,107.93000030517578,107.04000091552734,107.55999755859375,569100,0.0,107.55999755859375
2017-06-01,107.05000305175781,107.29000091552734,106.7699966430664,107.12000274658203,587000,0.0,107.12000274658203
2017-06-02,108.36000061035156,108.72000122070312,108.13999938964844,108.5999984741211,685500,0.0,108.5999984741211
2017-06-05,108.04000091552734,108.4800033569336,107.91000366210938,108.23999786376953,334500,0.0,108.23999786376953
2017-06-06,107.13999938964844,107.83000183105469,107.11000061035156,107.63999938964844,1026500,0.0,107.63999938964844
2017-06-07,107.66999816894531,107.88999938964844,106.9000015258789,107.4800033569336,667500,0.0,107.4800033569336
2017-06-08,107.5999984741211,107.7300033569336,106.94999694824219,107.52999877929688,558900,0.0,107.52999877929688
2017-06-09,107.52999877929688,107.61000061035156,105.45999908447266,106.05999755859375,776500,0.0,106.05999755859375
2017-06-12,103.87000274658203,103.95999908447266,102.95999908447266,103.58000183105469,1408500,0.0,103.58000183105469
2017-06-13,105.31999969482422,105.48999786376953,104.6500015258789,104.9800033569336,780400,0.0,104.9800033569336
2017-06-14,106.87000274658203,107.02999877929688,104.61000061035156,105.38999938964844,790100,0.0,105.38999938964844
2017-06-15,103.58000183105469,104.33999633789062,103.23999786376953,104.20999908447266,813600,0.0,104.20999908447266
2017-06-16,104.83999633789062,105.81999969482422,104.66999816894531,105.79000091552734,862900,0.0,105.79000091552734
2017-06-19,106.37000274658203,106.69000244140625,106.26000213623047,106.62000274658203,456900,0.0,106.62000274658203
2017-06-20,106.12000274658203,106.23999786376953,105.31999969482422,105.52999877929688,626900,0.0,105.52999877929688
2017-06-21,105.62000274658203,106.30999755859375,105.44000244140625,106.30000305175781,834700,0.0,106.30000305175781
2017-06-22,107.13999938964844,107.43000030517578,106.6500015258789,107.05999755859375,753900,0.0,107.05999755859375
2017-06-23,106.70999908447266,107.5999984741211,106.58999633789062,107.4800033569336,596600,0.0,107.4800033569336
2017-06-26,107.7699966430664,107.97000122070312,107.0,107.05000305175781,568900,0.0,107.05000305175781
2017-06-27,107.12999725341797,107.20999908447266,106.05000305175781,106.18000030517578,552300,0.0,106.18000030517578
2017-06-28,106.12000274658203,106.97000122070312,105.7699966430664,106.9000015258789,672000,0.0,106.9000015258789
2017-06-29,105.4000015258789,105.44999694824219,103.23999786376953,103.87999725341797,1057400,0.0,103.87999725341797
2017-06-30,104.86000061035156,105.05999755859375,104.16999816894531,104.66999816894531,771900,0.0,104.66999816894531
2017-07-03,103.8499984741211,104.11000061035156,103.05000305175781,103.08000183105469,548200,0.0,103.08000183105469
2017-07-05,102.70999908447266,103.7300033569336,102.55999755859375,103.62000274658203,708200,0.0,103.62000274658203
2017-07-06,101.80000305175781,103.16999816894531,101.70999908447266,102.66999816894531,973700,0.0,102.66999816894531
2017-07-07,102.1500015258789,103.51000213623047,102.08000183105469,103.25,708400,0.0,103.25
2017-07-10,103.94000244140625,104.43000030517578,103.87999725341797,104.2699966430664,633500,0.0,104.2699966430664
2017-07-11,103.19999694824219,104.11000061035156,103.19999694824219,103.93000030517578,479000,0.0,103.93000030517578
2017-07-12,104.05000305175781,105.05999755859375,103.88999938964844,104.83999633789062,639400,0.0,104.83999633789062
2017-07-13,104.80999755859375,105.0199966430664,104.01000213623047,104.1500015258789,478300,0.0,104.1500015258789
2017-07-14,104.33000183105469,104.94999694824219,104.27999877929688,104.87999725341797,573900,0.0,104.87999725341797
2017-07-17,104.29000091552734,104.83999633789062,104.19000244140625,104.80999755859375,584000,0.0,104.80999755859375
2017-07-18,103.87999725341797,104.54000091552734,103.87000274658203,104.41999816894531,925000,0.0,104.41999816894531
2017-07-19,105.5,105.62000274658203,105.16000366210938,105.54000091552734,899900,0.0,105.54000091552734
2017-07-20,104.91999816894531,106.13999938964844,104.91000366210938,105.81999969482422,1186400,0.0,105.81999969482422
2017-07-21,103.76000213623047,104.30999755859375,103.29000091552734,104.27999877929688,1320400,0.0,104.27999877929688
2017-07-24,103.55000305175781,103.91999816894531,103.08999633789062,103.69000244140625,1592800,0.0,103.69000244140625
2017-07-25,104.30999755859375,104.45999908447266,103.70999908447266,103.87000274658203,810500,0.0,103.87000274658203
2017-07-26,104.37000274658203,105.4000015258789,104.2699966430664,105.26000213623047,711300,0.0,105.26000213623047
2017-07-27,105.76000213623047,105.97000122070312,104.0,105.08000183105469,732800,0.0,105.08000183105469
2017-07-28,105.76000213623047,106.44000244140625,105.5999984741211,106.05999755859375,858900,0.0,106.05999755859375
2017-07-31,105.88999938964844,105.9000015258789,105.19999694824219,105.8499984741211,595300,0.0,105.8499984741211
2017-08-01,106.68000030517578,107.19000244140625,106.52999877929688,107.05999755859375,1088900,0.0,107.05999755859375
2017-08-02,106.88999938964844,106.94999694824219,105.80999755859375,106.33999633789062,573500,0.0,106.33999633789062
2017-08-03,107.2300033569336,107.55000305175781,106.86000061035156,107.16999816894531,858600,0.0,107.16999816894531
2017-08-04,107.73999786376953,107.94999694824219,107.18000030517578,107.36000061035156,515200,0.0,107.36000061035156
2017-08-07,106.75,106.9000015258789,106.43000030517578,106.5999984741211,465800,0.0,106.5999984741211
2017-08-08,106.95999908447266,107.16999816894531,106.22000122070312,106.4000015258789,671600,0.0,106.4000015258789
2017-08-09,105.25,105.88999938964844,105.1500015258789,105.69000244140625,562500,0.0,105.69000244140625
2017-08-10,104.68000030517578,104.83999633789062,103.7699966430664,103.80999755859375,783900,0.0,103.80999755859375
2017-08-11,104.3499984741211,104.69000244140625,103.93000030517578,104.45999908447266,573700,0.0,104.45999908447266
2017-08-14,105.80999755859375,106.19000244140625,105.68000030517578,105.69999694824219,653700,0.0,105.69999694824219
2017-08-15,105.66000366210938,106.16000366210938,105.30000305175781,105.88999938964844,533600,0.0,105.88999938964844
2017-08-16,105.75,106.33999633789062,105.69999694824219,106.16000366210938,520600,0.0,106.16000366210938
2017-08-17,105.55999755859375,105.66000366210938,104.52999877929688,104.55000305175781,377800,0.0,104.55000305175781
2017-08-18,104.7699966430664,105.12000274658203,104.48999786376953,104.81999969482422,488300,0.0,104.81999969482422
2017-08-21,104.77999877929688,105.02999877929688,104.3499984741211,104.93000030517578,396300,0.0,104.93000030517578
2017-08-22,105.33000183105469,105.66000366210938,105.12000274658203,105.41000366210938,427200,0.0,105.41000366210938
2017-08-23,105.31999969482422,105.8499984741211,105.27999877929688,105.55999755859375,321900,0.0,105.55999755859375
2017-08-24,105.19000244140625,105.29000091552734,104.44999694824219,104.61000061035156,550200,0.0,104.61000061035156
2017-08-25,104.97000122070312,105.45999908447266,104.87999725341797,105.12000274658203,378700,0.0,105.12000274658203
2017-08-28,105.5999984741211,105.69000244140625,105.0199966430664,105.37000274658203,346500,0.0,105.37000274658203
2017-08-29,104.08999633789062,105.23999786376953,104.02999877929688,104.77999877929688,923100,0.0,104.77999877929688
2017-08-30,104.48999786376953,104.76000213623047,104.1500015258789,104.52999877929688,480300,0.0,104.52999877929688
2017-08-31,104.5999984741211,105.0999984741211,104.25,104.94999694824219,764200,0.0,104.94999694824219
2017-09-01,105.70999908447266,105.73999786376953,105.12000274658203,105.33999633789062,378600,0.0,105.33999633789062
2017-09-05,105.12999725341797,105.62000274658203,104.3499984741211,104.76000213623047,354600,0.0,104.76000213623047
2017-09-06,106.0199966430664,106.33999633789062,105.43000030517578,106.06999969482422,684600,0.0,106.06999969482422
2017-09-07,107.91000366210938,108.37000274658203,107.61000061035156,108.01000213623047,1045000,0.0,108.01000213623047
2017-09-08,108.86000061035156,109.06999969482422,108.18000030517578,108.30000305175781,851100,0.0,108.30000305175781
2017-09-11,109.55000305175781,110.31999969482422,109.5,110.19000244140625,1069100,0.0,110.19000244140625
2017-09-12,109.93000030517578,110.20999908447266,109.58999633789062,109.94000244140625,839000,0.0,109.94000244140625
2017-09-13,109.75,109.9000015258789,109.47000122070312,109.80000305175781,586400,0.0,109.80000305175781
2017-09-14,108.91000366210938,109.45999908447266,108.70999908447266,109.19999694824219,403400,0.0,109.19999694824219
2017-09-15,109.76000213623047,110.12000274658203,109.33000183105469,109.73999786376953,726500,0.0,109.73999786376953
2017-09-18,109.97000122070312,110.29000091552734,109.87999725341797,110.05999755859375,1057700,0.0,110.05999755859375
2017-09-19,110.63999938964844,110.66999816894531,110.05999755859375,110.33000183105469,641100,0.0,110.33000183105469
2017-09-20,110.23999786376953,110.44000244140625,108.97000122070312,109.9000015258789,636400,0.0,109.9000015258789
2017-09-21,109.63999938964844,110.01000213623047,109.25,109.62999725341797,459700,0.0,109.62999725341797
2017-09-22,110.29000091552734,110.52999877929688,109.80000305175781,110.2699966430664,464400,0.0,110.2699966430664
2017-09-25,109.8499984741211,109.86000061035156,108.37000274658203,108.94999694824219,482800,0.0,108.94999694824219
2017-09-26,108.08999633789062,108.27999877929688,107.37999725341797,107.91999816894531,768800,0.0,107.91999816894531
2017-09-27,107.43000030517578,108.33999633789062,107.43000030517578,107.9800033569336,663900,0.0,107.9800033569336
2017-09-28,108.3499984741211,108.94999694824219,108.3499984741211,108.80000305175781,414700,0.0,108.80000305175781
2017-09-29,108.7699966430664,109.66000366210938,108.5999984741211,109.6500015258789,549400,0.0,109.6500015258789
2017-10-02,109.97000122070312,110.70999908447266,109.94000244140625,110.55999755859375,557300,0.0,110.55999755859375
2017-10-03,110.66000366210938,111.20999908447266,110.6500015258789,110.94000244140625,378200,0.0,110.94000244140625
2017-10-04,110.08999633789062,110.58000183105469,109.93000030517578,110.12000274658203,545100,0.0,110.12000274658203
2017-10-05,110.30000305175781,110.94000244140625,110.04000091552734,110.91999816894531,574200,0.0,110.91999816894531
2017-10-06,109.83999633789062,110.97000122070312,109.83999633789062,110.97000122070312,787200,0.0,110.97000122070312
2017-10-09,111.44000244140625,112.30999755859375,111.33999633789062,112.30999755859375,789100,0.0,112.30999755859375
2017-10-10,112.47000122070312,112.55000305175781,111.80999755859375,112.3499984741211,561100,0.0,112.3499984741211
2017-10-11,112.19000244140625,112.80000305175781,112.16000366210938,112.66000366210938,522700,0.0,112.66000366210938
2017-10-12,112.55000305175781,113.02999877929688,112.51000213623047,112.6500015258789,322600,0.0,112.6500015258789
2017-10-13,112.70999908447266,113.16999816894531,112.5999984741211,112.72000122070312,345000,0.0,112.72000122070312
2017-10-16,112.08999633789062,112.08999633789062,111.55999755859375,111.83999633789062,515600,0.0,111.83999633789062
2017-10-17,111.12000274658203,111.47000122070312,110.86000061035156,111.33999633789062,328400,0.0,111.33999633789062
2017-10-18,112.16000366210938,112.16999816894531,111.13999938964844,111.7699966430664,533000,0.0,111.7699966430664
2017-10-19,112.38999938964844,113.63999938964844,111.80000305175781,113.4000015258789,1799600,0.0,113.4000015258789
2017-10-20,112.68000030517578,112.70999908447266,111.87000274658203,112.02999877929688,776100,0.0,112.02999877929688
2017-10-23,112.55999755859375,113.13999938964844,112.26000213623047,112.31999969482422,720300,0.0,112.31999969482422
2017-10-24,112.19000244140625,112.51000213623047,111.62000274658203,112.30000305175781,560300,0.0,112.30000305175781
2017-10-25,113.22000122070312,113.62000274658203,112.31999969482422,112.76000213623047,795600,0.0,112.76000213623047
2017-10-26,113.30999755859375,113.9800033569336,112.6500015258789,113.4000015258789,561000,0.0,113.4000015258789
2017-10-27,114.37999725341797,114.41000366210938,113.4800033569336,114.1500015258789,582300,0.0,114.1500015258789
2017-10-30,113.4000015258789,113.81999969482422,113.38999938964844,113.80000305175781,400300,0.0,113.80000305175781
2017-10-31,114.2300033569336,114.4800033569336,113.56999969482422,114.19999694824219,303000,0.0,114.19999694824219
2017-11-01,116.36000061035156,116.9000015258789,115.93000030517578,116.2699966430664,916200,0.0,116.2699966430664
2017-11-02,116.0,116.12999725341797,114.91000366210938,115.5199966430664,587400,0.0,115.5199966430664
2017-11-03,115.16999816894531,115.22000122070312,114.62000274658203,114.91000366210938,917900,0.0,114.91000366210938
2017-11-06,115.4800033569336,115.54000091552734,114.66999816894531,114.98999786376953,688800,0.0,114.98999786376953
2017-11-07,114.51000213623047,114.69999694824219,113.83999633789062,114.22000122070312,1140500,0.0,114.22000122070312
2017-11-08,114.0,114.79000091552734,113.79000091552734,114.5999984741211,485900,0.0,114.5999984741211
2017-11-09,112.55000305175781,112.8499984741211,111.73999786376953,112.63999938964844,635300,0.0,112.63999938964844
2017-11-10,113.11000061035156,113.12000274658203,112.08999633789062,112.58999633789062,487000,0.0,112.58999633789062
2017-11-13,111.01000213623047,112.4000015258789,110.94000244140625,112.37000274658203,518100,0.0,112.37000274658203
2017-11-14,113.12999725341797,113.23999786376953,112.48999786376953,113.08000183105469,435500,0.0,113.08000183105469
2017-11-15,112.56999969482422,113.43000030517578,112.41999816894531,112.87999725341797,663800,0.0,112.87999725341797
2017-11-16,113.44000244140625,114.01000213623047,113.30999755859375,113.94000244140625,487300,0.0,113.94000244140625
2017-11-17,114.08999633789062,114.27999877929688,113.58999633789062,113.75,393700,0.0,113.75
2017-11-20,113.6500015258789,114.26000213623047,113.52999877929688,114.02999877929688,299600,0.0,114.02999877929688
2017-11-21,114.91000366210938,115.56999969482422,114.86000061035156,115.29000091552734,287000,0.0,115.29000091552734
2017-11-22,114.72000122070312,115.63999938964844,113.54000091552734,113.8499984741211,385000,0.0,113.8499984741211
2017-11-24,115.80999755859375,116.47000122070312,115.6500015258789,116.41000366210938,294100,0.0,116.41000366210938
2017-11-27,116.0,116.26000213623047,115.56999969482422,115.73999786376953,394000,0.0,115.73999786376953
2017-11-28,116.08999633789062,116.13999938964844,115.19000244140625,115.5199966430664,282700,0.0,115.5199966430664
2017-11-29,115.30999755859375,115.30999755859375,112.54000091552734,112.97000122070312,614500,0.0,112.97000122070312
2017-11-30,113.45999908447266,113.66999816894531,112.76000213623047,113.3499984741211,796100,0.0,113.3499984741211
2017-12-01,111.55999755859375,112.16999816894531,110.7699966430664,111.77999877929688,660800,0.0,111.77999877929688
2017-12-04,112.63999938964844,112.63999938964844,111.37999725341797,111.44000244140625,569200,0.0,111.44000244140625
2017-12-05,110.80000305175781,112.0999984741211,110.61000061035156,111.30000305175781,533700,0.0,111.30000305175781
2017-12-06,110.72000122070312,112.55999755859375,110.48999786376953,112.19999694824219,482100,0.0,112.19999694824219
2017-12-07,111.86000061035156,112.62999725341797,111.75,112.41999816894531,350800,0.0,112.41999816894531
2017-12-08,113.08000183105469,113.29000091552734,112.41999816894531,112.55000305175781,256900,0.0,112.55000305175781
2017-12-11,111.4000015258789,112.0999984741211,111.30999755859375,112.02999877929688,547600,0.0,112.02999877929688
2017-12-12,112.4800033569336,112.97000122070312,112.19999694824219,112.66999816894531,467600,0.0,112.66999816894531
2017-12-13,113.18000030517578,113.48999786376953,112.58000183105469,112.9000015258789,324900,0.0,112.9000015258789
2017-12-14,114.33999633789062,114.91999816894531,113.80000305175781,113.80000305175781,614500,0.0,113.80000305175781
2017-12-15,113.55000305175781,114.69999694824219,113.38999938964844,114.27999877929688,854300,0.0,114.27999877929688
2017-12-18,116.30999755859375,116.41000366210938,115.80999755859375,115.91999816894531,472300,0.0,115.91999816894531
2017-12-19,115.5999984741211,115.68000030517578,114.55000305175781,115.19999694824219,426400,0.0,115.19999694824219
2017-12-20,113.76000213623047,113.81999969482422,112.5999984741211,113.16000366210938,471000,0.0,113.16000366210938
2017-12-21,112.87000274658203,113.47000122070312,112.7300033569336,112.87999725341797,369800,0.0,112.87999725341797
2017-12-22,112.29000091552734,112.63999938964844,111.94999694824219,112.58000183105469,262600,0.0,112.58000183105469
2017-12-26,112.43000030517578,112.5,111.93000030517578,112.36000061035156,158000,0.0,112.36000061035156
2017-12-27,112.75,113.3499984741211,112.58999633789062,113.0999984741211,317500,0.0,113.0999984741211
2017-12-28,112.77999877929688,113.0199966430664,112.02999877929688,112.4000015258789,487800,0.0,112.4000015258789
2017-12-29,112.22000122070312,112.69000244140625,111.98999786376953,112.36000061035156,287800,0.0,112.36000061035156
2018-01-02,111.2300033569336,112.41999816894531,111.12999725341797,112.38999938964844,540600,0.0,112.38999938964844
2018-01-03,112.62999725341797,113.69000244140625,112.55000305175781,113.30999755859375,506200,0.0,113.30999755859375
2018-01-04,114.77999877929688,115.30000305175781,114.69999694824219,115.05000305175781,539300,0.0,115.05000305175781
2018-01-05,115.44999694824219,116.5,115.36000061035156,116.33000183105469,475300,0.0,116.33000183105469
2018-01-08,115.08999633789062,115.41999816894531,114.76000213623047,114.80000305175781,515400,0.0,114.80000305175781
2018-01-09,114.36000061035156,114.45999908447266,113.44999694824219,114.16000366210938,515900,0.0,114.16000366210938
2018-01-10,113.63999938964844,113.81999969482422,112.58999633789062,112.87000274658203,705800,0.0,112.87000274658203
2018-01-11,110.54000091552734,110.6500015258789,109.37000274658203,109.63999938964844,2291200,0.0,109.63999938964844
2018-01-12,109.83000183105469,110.62999725341797,109.51000213623047,110.12999725341797,1603200,0.0,110.12999725341797
2018-01-16,111.9800033569336,112.37999725341797,110.44999694824219,110.68000030517578,927200,0.0,110.68000030517578
2018-01-17,110.08000183105469,111.3499984741211,109.9000015258789,111.19000244140625,977100,0.0,111.19000244140625
2018-01-18,111.77999877929688,112.18000030517578,111.08999633789062,111.66999816894531,898000,0.0,111.66999816894531
2018-01-19,113.08999633789062,113.25,112.6500015258789,113.19999694824219,821900,0.0,113.19999694824219
2018-01-22,112.18000030517578,112.79000091552734,111.80000305175781,112.77999877929688,671500,0.0,112.77999877929688
2018-01-23,114.0199966430664,114.6500015258789,113.73999786376953,114.2699966430664,524600,0.0,114.2699966430664
2018-01-24,114.95999908447266,115.33000183105469,114.02999877929688,114.37000274658203,562100,0.0,114.37000274658203
2018-01-25,114.16999816894531,114.27999877929688,112.63999938964844,112.83999633789062,639000,0.0,112.83999633789062
2018-01-26,113.83000183105469,114.58000183105469,113.66000366210938,114.54000091552734,1563000,0.0,114.54000091552734
2018-01-29,113.72000122070312,114.1500015258789,112.87999725341797,113.54000091552734,1948500,0.0,113.54000091552734
2018-01-30,112.9800033569336,113.1500015258789,110.19000244140625,110.80999755859375,6145800,0.0,110.80999755859375
2018-01-31,112.3499984741211,113.41999816894531,111.97000122070312,113.25,5107400,0.0,113.25
2018-02-01,112.22000122070312,112.55999755859375,111.36000061035156,111.6500015258789,1354200,0.0,111.6500015258789
2018-02-02,110.8499984741211,110.8499984741211,108.97000122070312,109.1500015258789,1298000,0.0,109.1500015258789
2018-02-05,107.77999877929688,108.94999694824219,105.4000015258789,105.87000274658203,1350600,0.0,105.87000274658203
2018-02-06,104.93000030517578,108.4800033569336,104.66000366210938,108.36000061035156,1713100,0.0,108.36000061035156
2018-02-07,105.80000305175781,106.62000274658203,104.83999633789062,105.08999633789062,1971700,0.0,105.08999633789062
2018-02-08,104.7699966430664,104.87000274658203,101.61000061035156,101.66000366210938,1058700,0.0,101.66000366210938
2018-02-09,102.52999877929688,103.08999633789062,99.19999694824219,101.98999786376953,1377200,0.0,101.98999786376953
2018-02-12,102.91999816894531,103.23999786376953,102.18000030517578,102.75,959300,0.0,102.75
2018-02-13,102.58999633789062,102.94999694824219,102.18000030517578,102.80000305175781,933900,0.0,102.80000305175781
2018-02-14,102.4800033569336,105.16999816894531,102.44000244140625,105.12999725341797,1121300,0.0,105.12999725341797
2018-02-15,105.33999633789062,105.66000366210938,104.0,105.55999755859375,1204200,0.0,105.55999755859375
2018-02-16,104.61000061035156,105.58000183105469,104.55000305175781,104.9000015258789,547200,0.0,104.9000015258789
2018-02-20,103.98999786376953,104.93000030517578,103.83999633789062,104.2300033569336,1600800,0.0,104.2300033569336
2018-02-21,104.12999725341797,104.75,103.19999694824219,103.25,1195800,0.0,103.25
2018-02-22,103.43000030517578,104.61000061035156,102.94999694824219,104.13999938964844,1183100,0.0,104.13999938964844
2018-02-23,103.95999908447266,104.95999908447266,103.79000091552734,104.9000015258789,1388100,0.0,104.9000015258789
2018-02-26,104.30999755859375,105.36000061035156,103.70999908447266,105.30999755859375,1813500,0.0,105.30999755859375
2018-02-27,105.44999694824219,105.79000091552734,104.06999969482422,104.06999969482422,993300,0.0,104.06999969482422
2018-02-28,105.12000274658203,105.69000244140625,104.44000244140625,104.5,946200,0.0,104.5
2018-03-01,102.81999969482422,103.05000305175781,101.1500015258789,102.0,1966200,0.0,102.0
2018-03-02,101.69999694824219,102.8499984741211,101.08000183105469,102.70999908447266,795800,0.0,102.70999908447266
2018-03-05,103.0199966430664,104.7699966430664,102.9800033569336,104.5999984741211,1018900,0.0,104.5999984741211
2018-03-06,105.12000274658203,105.33000183105469,104.69999694824219,105.08000183105469,656600,0.0,105.08000183105469
2018-03-07,107.4000015258789,107.94000244140625,106.86000061035156,107.91000366210938,1356700,0.0,107.91000366210938
2018-03-08,108.45999908447266,108.87999725341797,108.08000183105469,108.33999633789062,1154100,0.0,108.33999633789062
2018-03-09,108.41000366210938,109.19999694824219,108.2699966430664,109.12000274658203,876200,0.0,109.12000274658203
2018-03-12,108.80999755859375,109.26000213623047,108.2300033569336,108.9800033569336,717900,0.0,108.9800033569336
2018-03-13,109.4800033569336,109.52999877929688,107.4000015258789,107.62000274658203,730900,0.0,107.62000274658203
2018-03-14,108.5999984741211,108.6500015258789,107.4000015258789,108.08000183105469,492800,0.0,108.08000183105469
2018-03-15,108.30000305175781,109.0,108.05000305175781,108.48999786376953,819500,0.0,108.48999786376953
2018-03-16,107.4800033569336,108.25,107.29000091552734,107.5199966430664,578400,0.0,107.5199966430664
2018-03-19,106.16000366210938,106.26000213623047,105.23999786376953,106.23999786376953,485600,0.0,106.23999786376953
2018-03-20,104.0999984741211,105.19999694824219,104.0999984741211,104.9000015258789,878000,0.0,104.9000015258789
2018-03-21,104.80000305175781,105.8499984741211,104.7300033569336,105.0999984741211,693900,0.0,105.0999984741211
2018-03-22,104.72000122070312,105.41000366210938,103.87000274658203,103.94000244140625,936500,0.0,103.94000244140625
2018-03-23,104.26000213623047,104.38999938964844,102.41000366210938,102.4800033569336,800800,0.0,102.4800033569336
2018-03-26,104.70999908447266,105.12000274658203,102.75,104.83000183105469,627500,0.0,104.83000183105469
2018-03-27,104.9000015258789,105.33999633789062,102.41999816894531,103.02999877929688,815200,0.0,103.02999877929688
2018-03-28,103.94999694824219,105.19999694824219,103.54000091552734,103.9800033569336,1044200,0.0,103.9800033569336
2018-03-29,104.7300033569336,105.83999633789062,104.26000213623047,105.16000366210938,670000,0.0,105.16000366210938
2018-04-02,105.08000183105469,105.18000030517578,102.41999816894531,103.29000091552734,452400,0.0,103.29000091552734
2018-04-03,103.88999938964844,104.16000366210938,102.69000244140625,103.66999816894531,1043500,0.0,103.66999816894531
2018-04-04,102.37000274658203,104.75,102.33000183105469,104.47000122070312,690300,0.0,104.47000122070312
2018-04-05,105.47000122070312,106.0999984741211,105.0999984741211,105.44000244140625,468300,0.0,105.44000244140625
2018-04-06,105.83999633789062,106.44999694824219,105.05999755859375,105.36000061035156,598600,0.0,105.36000061035156
2018-04-09,107.94999694824219,108.08000183105469,107.12000274658203,107.16999816894531,821500,0.0,107.16999816894531
2018-04-10,107.9800033569336,108.36000061035156,107.26000213623047,107.73999786376953,969900,0.0,107.73999786376953
2018-04-11,107.30999755859375,108.0,106.86000061035156,106.97000122070312,794600,0.0,106.97000122070312
2018-04-12,107.70999908447266,108.19000244140625,107.58999633789062,107.91000366210938,602600,0.0,107.91000366210938
2018-04-13,108.54000091552734,108.62000274658203,107.86000061035156,108.12999725341797,483500,0.0,108.12999725341797
2018-04-16,108.38999938964844,108.5,107.7300033569336,107.94999694824219,390700,0.0,107.94999694824219
2018-04-17,108.44999694824219,109.62999725341797,108.31999969482422,109.44000244140625,587200,0.0,109.44000244140625
2018-04-18,109.58000183105469,109.5999984741211,108.76000213623047,109.01000213623047,639000,0.0,109.01000213623047
2018-04-19,108.86000061035156,109.06999969482422,107.08999633789062,107.87000274658203,900300,0.0,107.87000274658203
2018-04-20,106.80000305175781,106.80000305175781,105.86000061035156,106.0,1004000,0.0,106.0
2018-04-23,106.44999694824219,106.72000122070312,105.56999969482422,105.9800033569336,1179600,0.0,105.9800033569336
2018-04-24,110.58999633789062,111.12999725341797,108.5,108.5,3034900,0.0,108.5
2018-04-25,108.58000183105469,109.0,107.61000061035156,108.88999938964844,1009200,0.0,108.88999938964844
2018-04-26,109.33000183105469,110.22000122070312,109.1500015258789,109.87999725341797,1801400,0.0,109.87999725341797
2018-04-27,111.37999725341797,111.56999969482422,110.54000091552734,111.3499984741211,946400,0.0,111.3499984741211
2018-04-30,110.73999786376953,111.51000213623047,110.69000244140625,110.83000183105469,412400,0.0,110.83000183105469
2018-05-01,110.41000366210938,111.75,110.16999816894531,111.72000122070312,896400,0.0,111.72000122070312
2018-05-02,112.5199966430664,112.73999786376953,111.72000122070312,111.9800033569336,984800,0.0,111.9800033569336
2018-05-03,112.91999816894531,113.30000305175781,111.66999816894531,113.13999938964844,737600,0.0,113.13999938964844
2018-05-04,112.62000274658203,114.20999908447266,112.56999969482422,114.0199966430664,896300,0.0,114.0199966430664
2018-05-07,114.3499984741211,114.61000061035156,113.7699966430664,113.98999786376953,894700,0.0,113.98999786376953
2018-05-08,113.98999786376953,115.0999984741211,113.87000274658203,114.80000305175781,982800,0.0,114.80000305175781
2018-05-09,114.7300033569336,115.36000061035156,114.3499984741211,115.06999969482422,814600,0.0,115.06999969482422
2018-05-10,115.4800033569336,116.69000244140625,115.37999725341797,116.45999908447266,1717800,0.0,116.45999908447266
2018-05-11,115.91999816894531,116.43000030517578,115.68000030517578,116.18000030517578,549000,0.0,116.18000030517578
2018-05-14,115.94999694824219,116.26000213623047,115.0,115.19000244140625,1085900,0.0,115.19000244140625
2018-05-15,113.45999908447266,113.97000122070312,112.5999984741211,113.63999938964844,524700,0.0,113.63999938964844
2018-05-16,113.6500015258789,114.72000122070312,113.08000183105469,114.16000366210938,616500,0.0,114.16000366210938
2018-05-17,114.25,115.18000030517578,113.95999908447266,114.55000305175781,532500,0.0,114.55000305175781
2018-05-18,112.48999786376953,113.33000183105469,112.12000274658203,113.23999786376953,1224800,1.727,113.23999786376953
2018-05-21,114.19000244140625,114.44000244140625,113.47000122070312,113.72000122070312,397200,0.0,113.72000122070312
2018-05-22,113.4000015258789,113.86000061035156,112.87999725341797,113.11000061035156,649600,0.0,113.11000061035156
2018-05-23,112.0199966430664,113.70999908447266,112.0199966430664,113.62999725341797,779600,0.0,113.62999725341797
2018-05-24,113.94999694824219,114.26000213623047,112.94000244140625,114.02999877929688,1999200,0.0,114.02999877929688
2018-05-25,113.68000030517578,114.26000213623047,113.54000091552734,114.02999877929688,2068300,0.0,114.02999877929688
2018-05-29,110.66999816894531,111.1500015258789,109.72000122070312,110.29000091552734,1017300,0.0,110.29000091552734
2018-05-30,111.87999725341797,112.6500015258789,110.98999786376953,112.4000015258789,671300,0.0,112.4000015258789
2018-05-31,112.68000030517578,113.02999877929688,111.87000274658203,112.79000091552734,408600,0.0,112.79000091552734
2018-06-01,114.45999908447266,114.45999908447266,113.18000030517578,113.7300033569336,518100,0.0,113.7300033569336
2018-06-04,114.13999938964844,114.91999816894531,114.05000305175781,114.61000061035156,535700,0.0,114.61000061035156
2018-06-05,116.16999816894531,116.44000244140625,115.33999633789062,115.66999816894531,640700,0.0,115.66999816894531
2018-06-06,116.44999694824219,116.94000244140625,115.81999969482422,116.88999938964844,1384900,0.0,116.88999938964844
2018-06-07,117.88999938964844,118.0199966430664,116.44000244140625,116.93000030517578,1074800,0.0,116.93000030517578
2018-06-08,118.06999969482422,119.06999969482422,117.5199966430664,118.75,911700,0.0,118.75
2018-06-11,119.30999755859375,120.55999755859375,119.06999969482422,120.01000213623047,722700,0.0,120.01000213623047
2018-06-12,120.58000183105469,120.79000091552734,119.98999786376953,120.19000244140625,755500,0.0,120.19000244140625
2018-06-13,120.9800033569336,121.37999725341797,120.08000183105469,120.5,460100,0.0,120.5
2018-06-14,120.66000366210938,121.94999694824219,120.54000091552734,121.37999725341797,536100,0.0,121.37999725341797
2018-06-15,121.0199966430664,121.19999694824219,120.44000244140625,121.18000030517578,544100,0.0,121.18000030517578
2018-06-18,118.45999908447266,119.5199966430664,118.44000244140625,119.47000122070312,1986000,0.0,119.47000122070312
2018-06-19,116.72000122070312,118.7300033569336,116.72000122070312,118.51000213623047,1515600,0.0,118.51000213623047
2018-06-20,118.73999786376953,119.23999786376953,118.12999725341797,118.58999633789062,855200,0.0,118.58999633789062
2018-06-21,119.04000091552734,119.04000091552734,117.54000091552734,117.94000244140625,644500,0.0,117.94000244140625
2018-06-22,117.66000366210938,118.2699966430664,116.16999816894531,117.83000183105469,1446000,0.0,117.83000183105469
2018-06-25,116.33999633789062,116.56999969482422,115.36000061035156,116.2699966430664,1453400,0.0,116.2699966430664
2018-06-26,115.61000061035156,115.87000274658203,114.73999786376953,115.20999908447266,1077300,0.0,115.20999908447266
2018-06-27,116.01000213623047,116.66000366210938,114.55000305175781,114.83999633789062,521200,0.0,114.83999633789062
2018-06-28,112.26000213623047,113.48999786376953,112.19999694824219,113.20999908447266,1037500,0.0,113.20999908447266
2018-06-29,115.0199966430664,115.81999969482422,115.0,115.66000366210938,613000,0.0,115.66000366210938
2018-07-02,113.58999633789062,115.38999938964844,113.52999877929688,115.31999969482422,521700,0.0,115.31999969482422
2018-07-03,115.94999694824219,115.94999694824219,114.98999786376953,115.18000030517578,1279300,0.0,115.18000030517578
2018-07-05,115.62999725341797,116.56999969482422,115.2699966430664,116.44999694824219,896400,0.0,116.44999694824219
2018-07-06,116.4800033569336,117.19000244140625,116.23999786376953,117.12999725341797,852600,0.0,117.12999725341797
2018-07-09,119.44999694824219,119.4800033569336,118.55000305175781,119.37999725341797,808800,0.0,119.37999725341797
2018-07-10,119.26000213623047,120.12999725341797,119.26000213623047,119.66999816894531,512000,0.0,119.66999816894531
2018-07-11,117.62000274658203,118.45999908447266,117.4800033569336,117.81999969482422,654000,0.0,117.81999969482422
2018-07-12,118.11000061035156,119.61000061035156,118.11000061035156,119.44000244140625,755400,0.0,119.44000244140625
2018-07-13,119.4800033569336,119.9800033569336,119.05999755859375,119.91000366210938,804200,0.0,119.91000366210938
2018-07-16,120.06999969482422,120.80000305175781,120.05999755859375,120.56999969482422,1450800,0.0,120.56999969482422
2018-07-17,119.72000122070312,121.91000366210938,119.68000030517578,121.63999938964844,741700,0.0,121.63999938964844
2018-07-18,121.6500015258789,122.73999786376953,121.2699966430664,121.95999908447266,1738900,0.0,121.95999908447266
2018-07-19,118.08000183105469,118.7699966430664,116.87999725341797,117.41000366210938,1390500,0.0,117.41000366210938
2018-07-20,117.05000305175781,117.31999969482422,116.18000030517578,116.4000015258789,1451300,0.0,116.4000015258789
2018-07-23,117.13999938964844,117.13999938964844,116.33000183105469,116.80999755859375,715800,0.0,116.80999755859375
2018-07-24,118.5999984741211,118.68000030517578,116.9000015258789,117.37999725341797,738400,0.0,117.37999725341797
2018-07-25,118.11000061035156,119.4800033569336,117.48999786376953,119.2699966430664,645300,0.0,119.2699966430664
2018-07-26,119.56999969482422,120.51000213623047,119.37000274658203,119.69999694824219,952700,0.0,119.69999694824219
2018-07-27,120.94000244140625,120.94000244140625,118.93000030517578,119.05000305175781,794200,0.0,119.05000305175781
2018-07-30,119.0199966430664,119.08000183105469,116.7300033569336,116.7699966430664,708400,0.0,116.7699966430664
2018-07-31,116.88999938964844,117.11000061035156,115.79000091552734,116.04000091552734,1363500,0.0,116.04000091552734
2018-08-01,116.33000183105469,116.5199966430664,115.75,115.94999694824219,1039400,0.0,115.94999694824219
2018-08-02,114.87999725341797,115.56999969482422,114.79000091552734,115.56999969482422,751100,0.0,115.56999969482422
2018-08-03,115.48999786376953,115.77999877929688,114.80999755859375,115.70999908447266,448600,0.0,115.70999908447266
2018-08-06,115.0,115.66000366210938,114.62999725341797,115.23999786376953,290500,0.0,115.23999786376953
2018-08-07,115.9800033569336,116.0,115.12000274658203,115.58999633789062,321900,0.0,115.58999633789062
2018-08-08,116.0199966430664,116.47000122070312,115.77999877929688,116.0199966430664,330400,0.0,116.0199966430664
2018-08-09,116.29000091552734,116.51000213623047,115.54000091552734,115.69000244140625,457500,0.0,115.69000244140625
2018-08-10,112.26000213623047,113.30999755859375,112.22000122070312,112.86000061035156,820000,0.0,112.86000061035156
2018-08-13,114.47000122070312,114.9000015258789,113.83000183105469,114.0999984741211,635900,0.0,114.0999984741211
2018-08-14,114.5199966430664,114.66000366210938,113.41999816894531,114.16999816894531,690300,0.0,114.16999816894531
2018-08-15,112.87999725341797,113.3499984741211,112.12000274658203,113.22000122070312,1340500,0.0,113.22000122070312
2018-08-16,115.54000091552734,116.77999877929688,115.26000213623047,116.08000183105469,877900,0.0,116.08000183105469
2018-08-17,115.4800033569336,116.93000030517578,115.37999725341797,116.9000015258789,468700,0.0,116.9000015258789
2018-08-20,117.7300033569336,117.88999938964844,117.13999938964844,117.69999694824219,748300,0.0,117.69999694824219
2018-08-21,118.1500015258789,118.20999908447266,117.58000183105469,117.9800033569336,426100,0.0,117.9800033569336
2018-08-22,119.05999755859375,119.0999984741211,118.44999694824219,119.08000183105469,829900,0.0,119.08000183105469
2018-08-23,119.73999786376953,120.16000366210938,119.11000061035156,119.29000091552734,525500,0.0,119.29000091552734
2018-08-24,120.25,120.94000244140625,119.91999816894531,120.9000015258789,324600,0.0,120.9000015258789
2018-08-27,121.66999816894531,122.37999725341797,121.31999969482422,122.20999908447266,394800,0.0,122.20999908447266
2018-08-28,122.5,122.51000213623047,121.81999969482422,122.02999877929688,493800,0.0,122.02999877929688
2018-08-29,122.0999984741211,122.45999908447266,121.91999816894531,122.05000305175781,1498900,0.0,122.05000305175781
2018-08-30,121.06999969482422,121.88999938964844,120.87000274658203,121.2300033569336,716300,0.0,121.2300033569336
2018-08-31,120.11000061035156,120.83000183105469,119.38999938964844,119.73999786376953,443700,0.0,119.73999786376953
2018-09-04,117.76000213623047,118.80999755859375,117.55000305175781,118.37999725341797,926400,0.0,118.37999725341797
2018-09-05,117.31999969482422,117.4000015258789,115.33000183105469,115.41000366210938,863700,0.0,115.41000366210938
2018-09-06,115.95999908447266,116.13999938964844,114.55000305175781,115.33000183105469,618500,0.0,115.33000183105469
2018-09-07,115.55000305175781,116.69999694824219,115.2699966430664,116.5199966430664,569000,0.0,116.5199966430664
2018-09-10,118.05000305175781,118.41999816894531,117.58000183105469,118.26000213623047,533100,0.0,118.26000213623047
2018-09-11,117.9800033569336,119.5199966430664,117.62999725341797,119.29000091552734,395400,0.0,119.29000091552734
2018-09-12,120.41999816894531,121.43000030517578,119.80000305175781,121.05000305175781,655100,0.0,121.05000305175781
2018-09-13,121.58000183105469,121.83000183105469,120.83999633789062,121.16999816894531,723700,0.0,121.16999816894531
2018-09-14,121.19000244140625,121.63999938964844,120.91000366210938,121.4000015258789,429400,0.0,121.4000015258789
2018-09-17,120.33000183105469,120.62999725341797,119.72000122070312,119.79000091552734,1791100,0.0,119.79000091552734
2018-09-18,119.2699966430664,120.73999786376953,119.26000213623047,120.27999877929688,490800,0.0,120.27999877929688
2018-09-19,119.30999755859375,119.80000305175781,119.04000091552734,119.48999786376953,770400,0.0,119.48999786376953
2018-09-20,119.76000213623047,120.44000244140625,119.23999786376953,120.12999725341797,835500,0.0,120.12999725341797
2018-09-21,121.19999694824219,122.43000030517578,120.91000366210938,121.63999938964844,715800,0.0,121.63999938964844
2018-09-24,121.94000244140625,122.51000213623047,121.47000122070312,122.04000091552734,424800,0.0,122.04000091552734
2018-09-25,124.31999969482422,126.62999725341797,123.94000244140625,126.61000061035156,2447800,0.0,126.61000061035156
2018-09-26,126.16999816894531,127.16000366210938,126.08000183105469,126.16999816894531,866100,0.0,126.16999816894531
2018-09-27,126.01000213623047,126.37999725341797,125.23999786376953,125.36000061035156,855800,0.0,125.36000061035156
2018-09-28,122.47000122070312,123.73999786376953,122.47000122070312,123.0,1342000,0.0,123.0
2018-10-01,123.58000183105469,123.75,122.87000274658203,123.2699966430664,520600,0.0,123.2699966430664
2018-10-02,122.04000091552734,122.5999984741211,121.45999908447266,122.20999908447266,627800,0.0,122.20999908447266
2018-10-03,123.23999786376953,123.25,122.52999877929688,122.7699966430664,359500,0.0,122.7699966430664
2018-10-04,123.08000183105469,123.08999633789062,121.41999816894531,122.05999755859375,536500,0.0,122.05999755859375
2018-10-05,120.47000122070312,121.0999984741211,119.45999908447266,120.08999633789062,528100,0.0,120.08999633789062
2018-10-08,117.62999725341797,118.04000091552734,116.2699966430664,117.33000183105469,1522400,0.0,117.33000183105469
2018-10-09,117.66999816894531,119.80000305175781,117.66999816894531,119.37999725341797,1796100,0.0,119.37999725341797
2018-10-10,116.36000061035156,116.51000213623047,112.77999877929688,113.01000213623047,2665200,0.0,113.01000213623047
2018-10-11,113.51000213623047,114.20999908447266,111.51000213623047,112.91000366210938,2087900,0.0,112.91000366210938
2018-10-12,114.76000213623047,115.31999969482422,112.31999969482422,114.52999877929688,967400,0.0,114.52999877929688
2018-10-15,112.91000366210938,113.9800033569336,112.76000213623047,113.25,726800,0.0,113.25
2018-10-16,115.94999694824219,117.43000030517578,115.37999725341797,117.41999816894531,2058900,0.0,117.41999816894531
2018-10-17,116.19999694824219,116.36000061035156,115.05999755859375,115.79000091552734,963300,0.0,115.79000091552734
2018-10-18,110.66000366210938,111.19000244140625,106.9800033569336,107.01000213623047,2493100,0.0,107.01000213623047
2018-10-19,108.80000305175781,109.80000305175781,108.58000183105469,109.0199966430664,1064200,0.0,109.0199966430664
2018-10-22,110.18000030517578,110.33999633789062,108.02999877929688,108.62000274658203,1098100,0.0,108.62000274658203
2018-10-23,106.26000213623047,108.43000030517578,105.87000274658203,107.73999786376953,980000,0.0,107.73999786376953
2018-10-24,106.29000091552734,106.43000030517578,103.30999755859375,103.37000274658203,1336100,0.0,103.37000274658203
2018-10-25,104.81999969482422,107.5199966430664,103.87999725341797,106.54000091552734,1087100,0.0,106.54000091552734
2018-10-26,104.87999725341797,106.6500015258789,103.83000183105469,105.41000366210938,782000,0.0,105.41000366210938
2018-10-29,106.54000091552734,106.70999908447266,102.80999755859375,104.27999877929688,788000,0.0,104.27999877929688
2018-10-30,104.33000183105469,105.63999938964844,103.88999938964844,105.58999633789062,877800,0.0,105.58999633789062
2018-10-31,106.80999755859375,107.93000030517578,106.66999816894531,107.26000213623047,827000,0.0,107.26000213623047
2018-11-01,107.05000305175781,107.19999694824219,105.97000122070312,106.66999816894531,760600,0.0,106.66999816894531
2018-11-02,107.94999694824219,108.47000122070312,106.94999694824219,107.62999725341797,563600,0.0,107.62999725341797
2018-11-05,107.7699966430664,107.8499984741211,106.75,107.62000274658203,523400,0.0,107.62000274658203
2018-11-06,106.77999877929688,107.58000183105469,106.54000091552734,106.9000015258789,601200,0.0,106.9000015258789
2018-11-07,108.08000183105469,109.51000213623047,107.87000274658203,109.48999786376953,981800,0.0,109.48999786376953
2018-11-08,107.94000244140625,108.68000030517578,107.4000015258789,107.61000061035156,1311000,0.0,107.61000061035156
2018-11-09,107.91999816894531,108.5,107.19999694824219,108.30999755859375,912500,0.0,108.30999755859375
2018-11-12,103.11000061035156,103.31999969482422,101.0199966430664,101.41999816894531,1350400,0.0,101.41999816894531
2018-11-13,102.13999938964844,104.25,102.0999984741211,103.7300033569336,1828900,0.0,103.7300033569336
2018-11-14,105.20999908447266,105.44000244140625,103.2300033569336,103.83000183105469,789300,0.0,103.83000183105469
2018-11-15,103.83999633789062,106.08999633789062,103.25,105.4800033569336,760000,0.0,105.4800033569336
2018-11-16,103.98999786376953,105.30000305175781,103.62000274658203,104.5999984741211,1112300,0.0,104.5999984741211
2018-11-19,104.19000244140625,104.2699966430664,101.18000030517578,101.58000183105469,1704300,0.0,101.58000183105469
2018-11-20,98.97000122070312,101.0,98.83000183105469,99.9800033569336,936300,0.0,99.9800033569336
2018-11-21,101.4800033569336,102.23999786376953,101.19999694824219,101.51000213623047,890800,0.0,101.51000213623047
2018-11-23,99.91000366210938,101.58999633789062,99.91000366210938,100.98999786376953,524800,0.0,100.98999786376953
2018-11-26,102.23999786376953,102.7699966430664,101.4000015258789,102.73999786376953,832300,0.0,102.73999786376953
2018-11-27,101.5999984741211,102.41000366210938,100.94000244140625,101.86000061035156,764200,0.0,101.86000061035156
2018-11-28,102.72000122070312,105.08999633789062,102.44000244140625,104.91000366210938,695900,0.0,104.91000366210938
2018-11-29,104.69999694824219,104.9800033569336,103.56999969482422,103.98999786376953,782600,0.0,103.98999786376953
2018-11-30,103.69000244140625,103.87999725341797,103.0,103.68000030517578,698900,0.0,103.68000030517578
2018-12-03,105.5,105.58000183105469,104.75,105.29000091552734,666900,0.0,105.29000091552734
2018-12-04,105.30999755859375,105.44999694824219,102.77999877929688,102.91000366210938,884200,0.0,102.91000366210938
2018-12-06,100.33999633789062,101.72000122070312,99.55999755859375,101.51000213623047,1596300,0.0,101.51000213623047
2018-12-07,102.69000244140625,103.22000122070312,100.27999877929688,100.72000122070312,683700,0.0,100.72000122070312
2018-12-10,101.55000305175781,102.37999725341797,100.48999786376953,101.9000015258789,871700,0.0,101.9000015258789
2018-12-11,102.81999969482422,102.9000015258789,101.02999877929688,101.55999755859375,981800,0.0,101.55999755859375
2018-12-12,103.63999938964844,104.2699966430664,103.29000091552734,103.33999633789062,830900,0.0,103.33999633789062
2018-12-13,103.62999725341797,104.05000305175781,102.86000061035156,103.45999908447266,1071800,0.0,103.45999908447266
2018-12-14,101.58000183105469,102.08000183105469,100.80000305175781,100.98999786376953,673500,0.0,100.98999786376953
2018-12-17,100.3499984741211,100.87999725341797,99.1500015258789,99.62000274658203,789900,0.0,99.62000274658203
2018-12-18,100.31999969482422,100.56999969482422,99.69000244140625,100.08000183105469,724800,0.0,100.08000183105469
2018-12-19,102.0199966430664,102.26000213623047,98.8499984741211,100.11000061035156,854400,0.0,100.11000061035156
2018-12-20,100.51000213623047,101.0,98.9800033569336,100.0999984741211,854000,0.0,100.0999984741211
2018-12-21,99.31999969482422,99.45999908447266,95.73999786376953,96.13999938964844,2155000,0.0,96.13999938964844
2018-12-24,95.86000061035156,96.93000030517578,95.0,95.0,405500,0.0,95.0
2018-12-26,95.20999908447266,98.4800033569336,94.80999755859375,98.37999725341797,559000,0.0,98.37999725341797
2018-12-27,97.70999908447266,99.05999755859375,96.63999938964844,98.98999786376953,978900,0.0,98.98999786376953
2018-12-28,100.01000213623047,100.20999908447266,98.94000244140625,99.19999694824219,534500,0.0,99.19999694824219
2018-12-31,100.3499984741211,100.51000213623047,99.13999938964844,99.55000305175781,429300,0.0,99.55000305175781
2019-01-02,98.56999969482422,99.55999755859375,98.33999633789062,99.18000030517578,506300,0.0,99.18000030517578
2019-01-03,96.7300033569336,96.83000183105469,95.44999694824219,95.45999908447266,807800,0.0,95.45999908447266
2019-01-04,97.33999633789062,99.19999694824219,96.91000366210938,98.73999786376953,1038100,0.0,98.73999786376953
2019-01-07,99.44000244140625,100.19000244140625,98.76000213623047,99.70999908447266,861600,0.0,99.70999908447266
2019-01-08,101.37000274658203,101.4800033569336,100.43000030517578,101.2699966430664,548600,0.0,101.2699966430664
2019-01-09,102.77999877929688,103.16999816894531,102.29000091552734,102.6500015258789,516400,0.0,102.6500015258789
2019-01-10,102.55000305175781,103.41000366210938,102.08000183105469,103.33999633789062,663800,0.0,103.33999633789062
2019-01-11,102.19999694824219,102.44000244140625,101.58000183105469,101.9800033569336,576900,0.0,101.9800033569336
2019-01-14,100.6500015258789,101.52999877929688,100.6500015258789,101.11000061035156,629000,0.0,101.11000061035156
2019-01-15,100.8499984741211,102.5,100.8499984741211,102.43000030517578,443100,0.0,102.43000030517578
2019-01-16,101.7300033569336,102.58999633789062,101.70999908447266,102.25,442500,0.0,102.25
2019-01-17,102.37000274658203,103.93000030517578,102.30000305175781,103.62999725341797,338000,0.0,103.62999725341797
2019-01-18,105.23999786376953,106.12999725341797,104.62000274658203,105.73999786376953,484400,0.0,105.73999786376953
2019-01-22,103.51000213623047,103.83000183105469,102.88999938964844,103.33000183105469,680400,0.0,103.33000183105469
2019-01-23,104.7699966430664,104.98999786376953,103.66000366210938,104.0999984741211,539100,0.0,104.0999984741211
2019-01-24,105.55999755859375,105.61000061035156,104.72000122070312,105.4000015258789,1999100,0.0,105.4000015258789
2019-01-25,106.5,106.54000091552734,105.58999633789062,106.01000213623047,1036500,0.0,106.01000213623047
2019-01-28,105.9000015258789,108.30999755859375,105.4000015258789,106.94000244140625,2299600,0.0,106.94000244140625
2019-01-29,103.37000274658203,103.88999938964844,102.1500015258789,102.69000244140625,2048500,0.0,102.69000244140625
2019-01-30,101.95999908447266,103.1500015258789,100.97000122070312,102.5199966430664,1275500,0.0,102.5199966430664
2019-01-31,102.47000122070312,103.75,102.30999755859375,103.41999816894531,1027200,0.0,103.41999816894531
2019-02-01,103.81999969482422,104.55999755859375,103.4800033569336,103.94999694824219,566200,0.0,103.94999694824219
2019-02-04,103.19000244140625,104.29000091552734,102.93000030517578,104.20999908447266,564900,0.0,104.20999908447266
2019-02-05,105.83999633789062,106.37999725341797,105.5999984741211,106.2699966430664,709500,0.0,106.2699966430664
2019-02-06,106.08000183105469,106.16999816894531,105.22000122070312,105.2699966430664,349900,0.0,105.2699966430664
2019-02-07,103.88999938964844,104.19000244140625,102.9000015258789,103.45999908447266,659600,0.0,103.45999908447266
2019-02-08,103.91000366210938,104.44000244140625,103.52999877929688,104.02999877929688,724500,0.0,104.02999877929688
2019-02-11,104.30000305175781,104.5199966430664,103.69000244140625,104.08999633789062,636500,0.0,104.08999633789062
2019-02-12,104.52999877929688,105.05000305175781,104.27999877929688,104.62999725341797,794300,0.0,104.62999725341797
2019-02-13,105.31999969482422,106.2300033569336,105.23999786376953,105.26000213623047,385100,0.0,105.26000213623047
2019-02-14,105.69000244140625,106.29000091552734,105.26000213623047,105.94000244140625,494900,0.0,105.94000244140625
2019-02-15,106.75,106.8499984741211,105.8499984741211,106.81999969482422,328800,0.0,106.81999969482422
2019-02-19,106.05999755859375,106.97000122070312,106.05999755859375,106.73999786376953,292700,0.0,106.73999786376953
2019-02-20,106.58000183105469,107.36000061035156,106.58000183105469,106.86000061035156,730400,0.0,106.86000061035156
2019-02-21,107.19999694824219,107.58000183105469,106.80999755859375,106.9800033569336,298400,0.0,106.9800033569336
2019-02-22,108.08000183105469,108.4800033569336,107.94000244140625,108.31999969482422,337100,0.0,108.31999969482422
2019-02-25,107.72000122070312,108.06999969482422,107.23999786376953,107.33000183105469,408200,0.0,107.33000183105469
2019-02-26,106.54000091552734,107.62999725341797,106.4800033569336,107.56999969482422,327300,0.0,107.56999969482422
2019-02-27,106.70999908447266,107.08000183105469,106.23999786376953,107.01000213623047,471400,0.0,107.01000213623047
2019-02-28,107.04000091552734,107.31999969482422,106.7300033569336,107.12999725341797,543300,0.0,107.12999725341797
2019-03-01,108.0,108.58000183105469,107.72000122070312,108.37999725341797,473400,0.0,108.37999725341797
2019-03-04,108.0,108.04000091552734,106.61000061035156,107.31999969482422,404200,0.0,107.31999969482422
2019-03-05,107.62000274658203,108.26000213623047,107.30999755859375,107.97000122070312,269400,0.0,107.97000122070312
2019-03-06,108.26000213623047,108.27999877929688,107.44999694824219,107.58999633789062,270100,0.0,107.58999633789062
2019-03-07,107.43000030517578,107.47000122070312,106.11000061035156,106.3499984741211,306400,0.0,106.3499984741211
2019-03-08,106.7699966430664,108.05000305175781,106.69000244140625,107.97000122070312,537200,0.0,107.97000122070312
2019-03-11,106.66000366210938,107.91999816894531,106.66000366210938,107.72000122070312,476000,0.0,107.72000122070312
2019-03-12,107.36000061035156,108.26000213623047,107.2699966430664,108.01000213623047,410300,0.0,108.01000213623047
2019-03-13,108.5199966430664,109.29000091552734,108.47000122070312,108.86000061035156,472400,0.0,108.86000061035156
2019-03-14,109.33000183105469,109.73999786376953,108.91000366210938,109.5199966430664,394200,0.0,109.5199966430664
2019-03-15,111.63999938964844,112.7699966430664,111.62000274658203,112.48999786376953,769100,0.0,112.48999786376953
2019-03-18,111.98999786376953,112.33999633789062,111.52999877929688,112.13999938964844,429600,0.0,112.13999938964844
2019-03-19,113.33000183105469,113.73999786376953,112.9800033569336,113.44000244140625,506100,0.0,113.44000244140625
2019-03-20,113.79000091552734,114.91000366210938,113.38999938964844,114.52999877929688,679600,0.0,114.52999877929688
2019-03-21,113.30999755859375,114.5,113.23999786376953,114.43000030517578,385000,0.0,114.43000030517578
2019-03-22,112.66999816894531,113.11000061035156,111.08999633789062,111.72000122070312,780000,0.0,111.72000122070312
2019-03-25,111.41000366210938,111.91999816894531,111.05999755859375,111.5999984741211,437200,0.0,111.5999984741211
2019-03-26,113.06999969482422,113.97000122070312,112.87000274658203,113.93000030517578,1123000,0.0,113.93000030517578
2019-03-27,113.69000244140625,114.01000213623047,112.6500015258789,113.55999755859375,1172700,0.0,113.55999755859375
2019-03-28,114.31999969482422,114.58999633789062,113.58000183105469,114.20999908447266,1867900,0.0,114.20999908447266
2019-03-29,116.08000183105469,116.1500015258789,115.12000274658203,115.45999908447266,1325700,0.0,115.45999908447266
2019-04-01,115.7699966430664,115.94999694824219,115.38999938964844,115.81999969482422,973200,0.0,115.81999969482422
2019-04-02,115.66999816894531,115.91000366210938,115.30000305175781,115.80999755859375,582000,0.0,115.80999755859375
2019-04-03,116.66999816894531,116.98999786376953,116.4000015258789,116.43000030517578,688800,0.0,116.43000030517578
2019-04-04,117.23999786376953,117.36000061035156,115.76000213623047,115.94999694824219,1130800,0.0,115.94999694824219
2019-04-05,114.5,115.04000091552734,114.47000122070312,114.61000061035156,686600,0.0,114.61000061035156
2019-04-08,114.37000274658203,114.94999694824219,113.7699966430664,114.93000030517578,868500,0.0,114.93000030517578
2019-04-09,111.4000015258789,111.4800033569336,110.27999877929688,110.37000274658203,1094500,0.0,110.37000274658203
2019-04-10,111.93000030517578,112.38999938964844,111.61000061035156,112.2699966430664,834100,0.0,112.2699966430664
2019-04-11,112.18000030517578,112.38999938964844,111.8499984741211,112.33000183105469,508100,0.0,112.33000183105469
2019-04-12,112.66000366210938,112.66000366210938,112.18000030517578,112.31999969482422,354100,0.0,112.31999969482422
2019-04-15,112.26000213623047,113.12000274658203,112.22000122070312,112.80000305175781,638000,0.0,112.80000305175781
2019-04-16,112.22000122070312,112.25,111.0999984741211,111.19999694824219,1081400,0.0,111.19999694824219
2019-04-17,112.80000305175781,112.80000305175781,112.01000213623047,112.30999755859375,881000,0.0,112.30999755859375
2019-04-18,112.80000305175781,113.3499984741211,112.4800033569336,112.97000122070312,485500,0.0,112.97000122070312
2019-04-22,112.6500015258789,114.0,112.6500015258789,113.79000091552734,418100,0.0,113.79000091552734
2019-04-23,113.54000091552734,114.9000015258789,113.5199966430664,114.80000305175781,770700,0.0,114.80000305175781
2019-04-24,125.81999969482422,130.16000366210938,125.61000061035156,129.0800018310547,4694100,0.0,129.0800018310547
2019-04-25,127.05999755859375,129.2899932861328,126.86000061035156,129.0500030517578,2788400,0.0,129.0500030517578
2019-04-26,128.52000427246094,128.52999877929688,127.41999816894531,127.4800033569336,1387200,0.0,127.4800033569336
2019-04-29,127.05999755859375,129.1999969482422,127.0199966430664,129.0500030517578,1894800,0.0,129.0500030517578
2019-04-30,127.52999877929688,128.89999389648438,127.52999877929688,128.86000061035156,903600,0.0,128.86000061035156
2019-05-01,129.05999755859375,129.9499969482422,127.83000183105469,127.86000061035156,748600,0.0,127.86000061035156
2019-05-02,127.06999969482422,127.5,125.6500015258789,125.9800033569336,721500,0.0,125.9800033569336
2019-05-03,126.48999786376953,127.52999877929688,126.11000061035156,127.4000015258789,441100,0.0,127.4000015258789
2019-05-06,125.22000122070312,126.55999755859375,125.08000183105469,126.41999816894531,408300,0.0,126.41999816894531
2019-05-07,124.83999633789062,125.05000305175781,122.76000213623047,123.47000122070312,707500,0.0,123.47000122070312
2019-05-08,123.7300033569336,124.76000213623047,123.4800033569336,124.30000305175781,674200,0.0,124.30000305175781
2019-05-09,124.30000305175781,124.69999694824219,123.20999908447266,124.37000274658203,1096600,0.0,124.37000274658203
2019-05-10,124.76000213623047,125.80000305175781,123.38999938964844,125.75,867400,0.0,125.75
2019-05-13,124.37000274658203,124.63999938964844,123.1500015258789,123.23999786376953,509500,0.0,123.23999786376953
2019-05-14,123.63999938964844,125.68000030517578,123.58999633789062,125.19999694824219,924700,0.0,125.19999694824219
2019-05-15,124.4000015258789,126.86000061035156,124.37000274658203,126.16999816894531,936900,0.0,126.16999816894531
2019-05-16,127.72000122070312,130.11000061035156,127.68000030517578,129.11000061035156,751500,1.696,129.11000061035156
2019-05-17,128.13999938964844,128.6699981689453,127.22000122070312,127.36000061035156,455500,0.0,127.36000061035156
2019-05-20,124.77999877929688,125.7300033569336,124.27999877929688,125.19000244140625,1040200,0.0,125.19000244140625
2019-05-21,127.27999877929688,127.70999908447266,126.66000366210938,126.91000366210938,705600,0.0,126.91000366210938
2019-05-22,127.95999908447266,129.0,127.70999908447266,128.6999969482422,695600,0.0,128.6999969482422
2019-05-23,126.97000122070312,127.01000213623047,125.91000366210938,126.5999984741211,431200,0.0,126.5999984741211
2019-05-24,127.61000061035156,127.91999816894531,127.2699966430664,127.51000213623047,271200,0.0,127.51000213623047
2019-05-28,126.62999725341797,127.47000122070312,125.95999908447266,126.0,500500,0.0,126.0
2019-05-29,124.94000244140625,124.94000244140625,123.5999984741211,124.25,640000,0.0,124.25
2019-05-30,124.19999694824219,125.2699966430664,124.1500015258789,124.91999816894531,405100,0.0,124.91999816894531
2019-05-31,123.30999755859375,123.5,122.86000061035156,123.08000183105469,684300,0.0,123.08000183105469
2019-06-03,124.43000030517578,124.69999694824219,122.12000274658203,122.83999633789062,970500,0.0,122.83999633789062
2019-06-04,123.98999786376953,125.87999725341797,123.23999786376953,125.83000183105469,1238500,0.0,125.83000183105469
2019-06-05,127.26000213623047,127.30000305175781,125.62999725341797,126.26000213623047,813900,0.0,126.26000213623047
2019-06-06,125.4800033569336,126.83999633789062,125.16000366210938,126.48999786376953,914600,0.0,126.48999786376953
2019-06-07,128.24000549316406,129.8000030517578,127.97000122070312,129.63999938964844,808100,0.0,129.63999938964844
2019-06-10,129.77000427246094,130.6699981689453,129.4199981689453,129.42999267578125,348600,0.0,129.42999267578125
2019-06-11,129.5800018310547,129.6999969482422,127.76000213623047,128.3800048828125,562000,0.0,128.3800048828125
2019-06-12,127.77999877929688,128.6699981689453,127.76000213623047,128.30999755859375,899900,0.0,128.30999755859375
2019-06-13,129.3699951171875,129.3800048828125,128.39999389648438,128.80999755859375,451700,0.0,128.80999755859375
2019-06-14,128.0800018310547,128.1699981689453,127.38999938964844,127.6500015258789,426600,0.0,127.6500015258789
2019-06-17,128.61000061035156,129.16000366210938,128.30999755859375,128.4600067138672,516700,0.0,128.4600067138672
2019-06-18,131.6300048828125,132.4199981689453,131.08999633789062,131.77000427246094,921900,0.0,131.77000427246094
2019-06-19,131.1300048828125,131.9600067138672,130.6999969482422,131.83999633789062,430100,0.0,131.83999633789062
2019-06-20,134.67999267578125,134.8000030517578,133.27000427246094,134.39999389648438,908200,0.0,134.39999389648438
2019-06-21,133.97000122070312,134.47999572753906,133.4199981689453,134.35000610351562,1456100,0.0,134.35000610351562
2019-06-24,135.3300018310547,135.39999389648438,134.6999969482422,134.92999267578125,715600,0.0,134.92999267578125
2019-06-25,136.1300048828125,136.14999389648438,132.9199981689453,133.00999450683594,677800,0.0,133.00999450683594
2019-06-26,133.9499969482422,135.0500030517578,133.80999755859375,134.02999877929688,3671600,0.0,134.02999877929688
2019-06-27,133.6699981689453,134.9499969482422,133.4600067138672,134.67999267578125,1819600,0.0,134.67999267578125
2019-06-28,135.94000244140625,137.49000549316406,135.75999450683594,136.8000030517578,3042600,0.0,136.8000030517578
2019-07-01,138.6999969482422,139.00999450683594,137.94000244140625,138.3000030517578,2370200,0.0,138.3000030517578
2019-07-02,138.4600067138672,139.58999633789062,138.42999267578125,139.35000610351562,993200,0.0,139.35000610351562
2019-07-03,140.27999877929688,140.6199951171875,139.85000610351562,140.17999267578125,1097000,0.0,140.17999267578125
2019-07-05,138.0399932861328,138.27999877929688,137.08999633789062,138.16000366210938,472200,0.0,138.16000366210938
2019-07-08,138.32000732421875,138.7100067138672,137.9499969482422,138.47999572753906,477100,0.0,138.47999572753906
2019-07-09,137.57000732421875,138.35000610351562,137.44000244140625,138.27999877929688,471600,0.0,138.27999877929688
2019-07-10,137.57000732421875,138.3699951171875,137.1999969482422,137.66000366210938,675900,0.0,137.66000366210938
2019-07-11,136.9499969482422,137.49000549316406,136.39999389648438,137.4199981689453,525600,0.0,137.4199981689453
2019-07-12,136.25,136.91000366210938,136.0399932861328,136.77000427246094,486500,0.0,136.77000427246094
2019-07-15,136.82000732421875,137.35000610351562,136.5,137.1300048828125,384000,0.0,137.1300048828125
2019-07-16,135.30999755859375,136.0800018310547,134.94000244140625,135.1199951171875,595700,0.0,135.1199951171875
2019-07-17,135.67999267578125,136.02000427246094,133.9499969482422,134.22000122070312,735500,0.0,134.22000122070312
2019-07-18,126.76000213623047,128.41000366210938,125.61000061035156,127.41999816894531,3146800,0.0,127.41999816894531
2019-07-19,126.18000030517578,126.36000061035156,124.47000122070312,124.62999725341797,1481700,0.0,124.62999725341797
2019-07-22,125.83999633789062,125.9800033569336,124.52999877929688,124.83000183105469,1492400,0.0,124.83000183105469
2019-07-23,125.11000061035156,125.7699966430664,124.61000061035156,125.62999725341797,871000,0.0,125.62999725341797
2019-07-24,127.27999877929688,127.63999938964844,126.7699966430664,127.61000061035156,748300,0.0,127.61000061035156
2019-07-25,126.80000305175781,126.8499984741211,125.11000061035156,125.38999938964844,669900,0.0,125.38999938964844
2019-07-26,126.87000274658203,127.25,126.72000122070312,126.98999786376953,366900,0.0,126.98999786376953
2019-07-29,127.62000274658203,127.62000274658203,126.19000244140625,126.43000030517578,440500,0.0,126.43000030517578
2019-07-30,123.8499984741211,124.02999877929688,122.58999633789062,123.0,708000,0.0,123.0
2019-07-31,124.2699966430664,124.83999633789062,122.08999633789062,123.02999877929688,465100,0.0,123.02999877929688
2019-08-01,123.56999969482422,125.36000061035156,122.61000061035156,123.06999969482422,618700,0.0,123.06999969482422
2019-08-02,122.56999969482422,122.72000122070312,121.19999694824219,121.68000030517578,656800,0.0,121.68000030517578
2019-08-05,120.0199966430664,120.1500015258789,117.87000274658203,118.7300033569336,759600,0.0,118.7300033569336
2019-08-06,117.94000244140625,118.5199966430664,116.48999786376953,117.6500015258789,921500,0.0,117.6500015258789
2019-08-07,119.01000213623047,120.52999877929688,118.30000305175781,120.47000122070312,1024900,0.0,120.47000122070312
2019-08-08,120.79000091552734,121.81999969482422,120.68000030517578,121.5199966430664,475900,0.0,121.5199966430664
2019-08-09,119.36000061035156,120.06999969482422,118.55999755859375,119.75,403000,0.0,119.75
2019-08-12,119.48999786376953,119.94999694824219,118.79000091552734,119.0999984741211,240900,0.0,119.0999984741211
2019-08-13,118.79000091552734,121.45999908447266,118.56999969482422,120.93000030517578,681900,0.0,120.93000030517578
2019-08-14,117.58000183105469,118.06999969482422,116.55999755859375,116.87000274658203,776700,0.0,116.87000274658203
2019-08-15,117.4800033569336,118.36000061035156,116.62999725341797,117.16000366210938,589600,0.0,117.16000366210938
2019-08-16,117.94000244140625,119.4000015258789,117.93000030517578,118.9800033569336,295800,0.0,118.9800033569336
2019-08-19,120.25,120.26000213623047,119.4800033569336,119.69999694824219,279400,0.0,119.69999694824219
2019-08-20,118.87999725341797,118.9800033569336,117.94000244140625,117.98999786376953,341500,0.0,117.98999786376953
2019-08-21,121.4800033569336,121.9000015258789,120.98999786376953,121.23999786376953,639100,0.0,121.23999786376953
2019-08-22,120.18000030517578,120.37999725341797,118.75,119.47000122070312,348800,0.0,119.47000122070312
2019-08-23,119.23999786376953,120.19000244140625,117.31999969482422,117.5199966430664,393400,0.0,117.5199966430664
2019-08-26,118.69999694824219,118.86000061035156,118.0199966430664,118.80000305175781,329500,0.0,118.80000305175781
2019-08-27,120.93000030517578,121.12999725341797,119.23999786376953,119.94999694824219,447500,0.0,119.94999694824219
2019-08-28,118.2300033569336,118.94999694824219,117.41000366210938,118.41000366210938,461700,0.0,118.41000366210938
2019-08-29,119.5999984741211,120.30000305175781,119.33000183105469,119.87999725341797,322700,0.0,119.87999725341797
2019-08-30,120.77999877929688,120.8499984741211,118.5999984741211,119.1500015258789,598100,0.0,119.1500015258789
2019-09-03,118.80999755859375,119.19000244140625,118.08999633789062,118.30999755859375,514500,0.0,118.30999755859375
2019-09-04,119.81999969482422,120.66000366210938,119.51000213623047,120.55000305175781,532600,0.0,120.55000305175781
2019-09-05,122.70999908447266,123.58999633789062,122.41000366210938,123.30000305175781,568700,0.0,123.30000305175781
2019-09-06,122.81999969482422,123.0999984741211,121.83000183105469,121.94000244140625,329100,0.0,121.94000244140625
2019-09-09,122.55999755859375,122.66000366210938,121.06999969482422,121.55999755859375,513400,0.0,121.55999755859375
2019-09-10,119.4800033569336,120.77999877929688,118.91000366210938,120.77999877929688,600900,0.0,120.77999877929688
2019-09-11,120.0,120.41999816894531,119.55999755859375,119.93000030517578,1057800,0.0,119.93000030517578
2019-09-12,120.54000091552734,121.33999633789062,120.06999969482422,120.87999725341797,492000,0.0,120.87999725341797
2019-09-13,119.97000122070312,120.04000091552734,118.8499984741211,118.95999908447266,525900,0.0,118.95999908447266
2019-09-16,117.11000061035156,117.70999908447266,116.8499984741211,117.51000213623047,437200,0.0,117.51000213623047
2019-09-17,118.9000015258789,120.12000274658203,118.7699966430664,120.01000213623047,376700,0.0,120.01000213623047
2019-09-18,119.5999984741211,120.12999725341797,118.55000305175781,119.68000030517578,371000,0.0,119.68000030517578
2019-09-19,120.31999969482422,120.72000122070312,119.79000091552734,119.80999755859375,299700,0.0,119.80999755859375
2019-09-20,119.61000061035156,120.83000183105469,119.02999877929688,119.4000015258789,1143900,0.0,119.4000015258789
2019-09-23,118.86000061035156,119.36000061035156,118.62999725341797,118.9000015258789,644000,0.0,118.9000015258789
2019-09-24,119.68000030517578,119.94000244140625,118.30000305175781,118.68000030517578,996400,0.0,118.68000030517578
2019-09-25,117.25,117.5,116.25,117.26000213623047,1036200,0.0,117.26000213623047
2019-09-26,117.5199966430664,118.11000061035156,117.0,117.66000366210938,1813500,0.0,117.66000366210938
2019-09-27,118.97000122070312,119.05999755859375,116.7300033569336,117.44000244140625,1339800,0.0,117.44000244140625
2019-09-30,117.26000213623047,118.33999633789062,117.05999755859375,117.87000274658203,1270000,0.0,117.87000274658203
2019-10-01,118.12000274658203,118.12000274658203,116.31999969482422,117.1500015258789,799100,0.0,117.1500015258789
2019-10-02,114.86000061035156,115.0199966430664,112.94000244140625,113.66000366210938,702700,0.0,113.66000366210938
2019-10-03,114.05000305175781,115.2699966430664,112.88999938964844,115.11000061035156,505500,0.0,115.11000061035156
2019-10-04,114.9800033569336,115.41000366210938,114.43000030517578,115.37000274658203,803700,0.0,115.37000274658203
2019-10-07,114.06999969482422,115.05000305175781,114.06999969482422,114.52999877929688,637700,0.0,114.52999877929688
2019-10-08,113.87999725341797,114.44000244140625,112.80000305175781,112.9000015258789,797800,0.0,112.9000015258789
2019-10-09,115.8499984741211,116.73999786376953,115.58000183105469,116.05000305175781,1061600,0.0,116.05000305175781
2019-10-10,114.95999908447266,116.16000366210938,114.55999755859375,115.25,1062100,0.0,115.25
2019-10-11,125.72000122070312,127.9000015258789,125.47000122070312,126.19999694824219,2234300,0.0,126.19999694824219
2019-10-14,125.94000244140625,126.55999755859375,125.73999786376953,126.05000305175781,877700,0.0,126.05000305175781
2019-10-15,125.83000183105469,127.88999938964844,125.47000122070312,127.18000030517578,830900,0.0,127.18000030517578
2019-10-16,128.85000610351562,129.27999877929688,128.47000122070312,128.72000122070312,1091500,0.0,128.72000122070312
2019-10-17,129.9499969482422,130.1199951171875,128.35000610351562,128.60000610351562,972200,0.0,128.60000610351562
2019-10-18,129.77999877929688,129.9600067138672,127.94999694824219,129.1300048828125,1655800,0.0,129.1300048828125
2019-10-21,132.97999572753906,133.32000732421875,131.27000427246094,132.7100067138672,1210500,0.0,132.7100067138672
2019-10-22,133.30999755859375,133.97999572753906,131.5800018310547,131.8000030517578,1092200,0.0,131.8000030517578
2019-10-23,130.91000366210938,131.83999633789062,130.86000061035156,131.66000366210938,709100,0.0,131.66000366210938
2019-10-24,131.47000122070312,132.17999267578125,131.38999938964844,131.7899932861328,809400,0.0,131.7899932861328
2019-10-25,131.35000610351562,132.22999572753906,130.9499969482422,131.8699951171875,569200,0.0,131.8699951171875
2019-10-28,132.57000732421875,133.19000244140625,132.3800048828125,132.77000427246094,440900,0.0,132.77000427246094
2019-10-29,131.85000610351562,132.42999267578125,131.66000366210938,131.74000549316406,513800,0.0,131.74000549316406
2019-10-30,132.25999450683594,133.5,131.17999267578125,133.22999572753906,485100,0.0,133.22999572753906
2019-10-31,132.72999572753906,133.25,132.25,132.5800018310547,413800,0.0,132.5800018310547
2019-11-01,133.92999267578125,134.25999450683594,133.3000030517578,133.69000244140625,1526900,0.0,133.69000244140625
2019-11-04,134.99000549316406,135.22999572753906,134.27000427246094,134.47000122070312,468600,0.0,134.47000122070312
2019-11-05,133.57000732421875,133.72000122070312,132.66000366210938,133.55999755859375,486100,0.0,133.55999755859375
2019-11-06,134.86000061035156,135.22000122070312,134.38999938964844,135.11000061035156,457600,0.0,135.11000061035156
2019-11-07,134.6999969482422,135.69000244140625,134.6199951171875,135.0800018310547,269200,0.0,135.0800018310547
2019-11-08,135.38999938964844,136.44000244140625,135.11000061035156,136.44000244140625,327000,0.0,136.44000244140625
2019-11-11,135.9600067138672,137.1199951171875,135.9600067138672,136.77999877929688,448700,0.0,136.77999877929688
2019-11-12,135.72999572753906,136.25,135.1699981689453,135.3699951171875,582600,0.0,135.3699951171875
2019-11-13,134.47000122070312,134.80999755859375,134.1300048828125,134.3000030517578,450700,0.0,134.3000030517578
2019-11-14,134.14999389648438,134.5399932861328,133.8000030517578,134.41000366210938,345400,0.0,134.41000366210938
2019-11-15,134.27000427246094,135.64999389648438,134.0800018310547,135.47999572753906,383800,0.0,135.47999572753906
2019-11-18,134.1999969482422,135.77999877929688,133.6699981689453,135.17999267578125,731900,0.0,135.17999267578125
2019-11-19,137.00999450683594,137.02000427246094,135.3699951171875,135.74000549316406,423600,0.0,135.74000549316406
2019-11-20,135.2899932861328,135.9600067138672,134.25,135.0,300900,0.0,135.0
2019-11-21,135.44000244140625,135.92999267578125,135.16000366210938,135.42999267578125,273500,0.0,135.42999267578125
2019-11-22,136.22999572753906,136.42999267578125,135.22000122070312,135.41000366210938,225800,0.0,135.41000366210938
2019-11-25,135.7899932861328,136.24000549316406,135.39999389648438,135.74000549316406,278700,0.0,135.74000549316406
2019-11-26,135.41000366210938,135.86000061035156,134.8699951171875,135.33999633789062,660500,0.0,135.33999633789062
2019-11-27,134.92999267578125,135.6199951171875,134.52999877929688,135.41000366210938,443900,0.0,135.41000366210938
2019-11-29,135.4600067138672,136.25999450683594,135.38999938964844,135.9499969482422,227700,0.0,135.9499969482422
2019-12-02,134.92999267578125,134.92999267578125,132.35000610351562,133.4499969482422,626900,0.0,133.4499969482422
2019-12-03,132.86000061035156,134.25,132.58999633789062,134.22000122070312,654800,0.0,134.22000122070312
2019-12-04,135.24000549316406,135.6199951171875,134.86000061035156,135.5399932861328,354600,0.0,135.5399932861328
2019-12-05,135.52999877929688,135.5800018310547,134.5,134.85000610351562,486700,0.0,134.85000610351562
2019-12-06,135.50999450683594,135.5500030517578,134.67999267578125,135.0,347100,0.0,135.0
2019-12-09,135.1199951171875,135.5800018310547,134.8000030517578,134.86000061035156,227500,0.0,134.86000061035156
2019-12-10,134.25,135.16000366210938,134.11000061035156,134.6999969482422,300600,0.0,134.6999969482422
2019-12-11,134.25,135.14999389648438,134.10000610351562,134.91000366210938,262400,0.0,134.91000366210938
2019-12-12,135.0800018310547,136.88999938964844,134.80999755859375,136.6999969482422,680000,0.0,136.6999969482422
2019-12-13,137.02999877929688,138.74000549316406,136.67999267578125,138.5,745400,0.0,138.5
2019-12-16,138.6300048828125,139.47999572753906,138.55999755859375,139.38999938964844,497100,0.0,139.38999938964844
2019-12-17,135.8000030517578,135.8699951171875,133.91000366210938,134.0399932861328,1439300,0.0,134.0399932861328
2019-12-18,133.32000732421875,133.72999572753906,132.61000061035156,133.38999938964844,663700,0.0,133.38999938964844
2019-12-19,133.02999877929688,133.52999877929688,132.77000427246094,133.0800018310547,454100,0.0,133.0800018310547
2019-12-20,133.92999267578125,134.44000244140625,133.50999450683594,134.41000366210938,474300,0.0,134.41000366210938
2019-12-23,133.16000366210938,134.3300018310547,133.02999877929688,133.77000427246094,296800,0.0,133.77000427246094
2019-12-24,134.1199951171875,134.36000061035156,133.60000610351562,133.60000610351562,117900,0.0,133.60000610351562
2019-12-26,133.9199981689453,134.5800018310547,133.9199981689453,134.5800018310547,170000,0.0,134.5800018310547
2019-12-27,135.8800048828125,135.88999938964844,134.74000549316406,134.97999572753906,357200,0.0,134.97999572753906
2019-12-30,134.66000366210938,134.66000366210938,132.97000122070312,133.38999938964844,257200,0.0,133.38999938964844
2019-12-31,133.1699981689453,134.0800018310547,133.10000610351562,133.99000549316406,299300,0.0,133.99000549316406
2020-01-02,135.4199981689453,137.13999938964844,135.39999389648438,136.80999755859375,2967500,0.0,136.80999755859375
2020-01-03,133.3000030517578,134.9199981689453,133.3000030517578,133.97999572753906,507800,0.0,133.97999572753906
2020-01-06,133.16000366210938,134.22000122070312,133.1300048828125,134.1999969482422,442900,0.0,134.1999969482422
2020-01-07,134.0800018310547,134.35000610351562,133.44000244140625,133.6199951171875,621200,0.0,133.6199951171875
2020-01-08,133.89999389648438,135.52000427246094,133.75999450683594,135.0800018310547,513300,0.0,135.0800018310547
2020-01-09,136.49000549316406,137.2899932861328,136.1199951171875,137.1300048828125,457800,0.0,137.1300048828125
2020-01-10,137.5500030517578,138.07000732421875,136.7899932861328,136.97999572753906,464000,0.0,136.97999572753906
2020-01-13,137.64999389648438,138.5399932861328,137.3300018310547,138.3300018310547,555500,0.0,138.3300018310547
2020-01-14,137.5,137.92999267578125,137.02999877929688,137.25,342100,0.0,137.25
2020-01-15,137.3300018310547,137.67999267578125,136.19000244140625,136.39999389648438,491700,0.0,136.39999389648438
2020-01-16,136.6699981689453,137.3300018310547,135.91000366210938,137.2899932861328,1074900,0.0,137.2899932861328
2020-01-17,139.0399932861328,139.99000549316406,138.75,139.9600067138672,507500,0.0,139.9600067138672
2020-01-21,138.89999389648438,140.19000244140625,138.89999389648438,139.5399932861328,579500,0.0,139.5399932861328
2020-01-22,140.35000610351562,140.6699981689453,139.41000366210938,139.5800018310547,473100,0.0,139.5800018310547
2020-01-23,138.41000366210938,138.5500030517578,136.69000244140625,138.13999938964844,622100,0.0,138.13999938964844
2020-01-24,139.6699981689453,140.10000610351562,138.6999969482422,139.05999755859375,595700,0.0,139.05999755859375
2020-01-27,134.8699951171875,140.4499969482422,134.74000549316406,136.25,1275600,0.0,136.25
2020-01-28,132.47000122070312,132.7100067138672,131.02999877929688,132.4600067138672,2188800,0.0,132.4600067138672
2020-01-29,131.8800048828125,132.39999389648438,131.3699951171875,131.64999389648438,1368500,0.0,131.64999389648438
2020-01-30,130.3699951171875,131.30999755859375,130.0500030517578,130.97000122070312,1631500,0.0,130.97000122070312
2020-01-31,132.10000610351562,132.17999267578125,130.19000244140625,130.77000427246094,1023600,0.0,130.77000427246094
2020-02-03,131.82000732421875,132.91000366210938,131.64999389648438,132.63999938964844,536300,0.0,132.63999938964844
2020-02-04,134.86000061035156,136.0800018310547,134.67999267578125,135.47999572753906,418400,0.0,135.47999572753906
2020-02-05,137.49000549316406,137.5,136.30999755859375,137.4199981689453,663700,0.0,137.4199981689453
2020-02-06,136.08999633789062,136.91000366210938,135.6999969482422,136.49000549316406,497800,0.0,136.49000549316406
2020-02-07,135.9499969482422,136.02000427246094,134.63999938964844,135.05999755859375,511700,0.0,135.05999755859375
2020-02-10,134.67999267578125,135.3699951171875,134.67999267578125,135.22999572753906,381200,0.0,135.22999572753906
2020-02-11,136.5,137.32000732421875,136.19000244140625,136.5500030517578,454100,0.0,136.5500030517578
2020-02-12,138.38999938964844,138.50999450683594,137.61000061035156,138.16000366210938,464800,0.0,138.16000366210938
2020-02-13,136.27999877929688,137.6999969482422,136.27000427246094,137.4499969482422,365800,0.0,137.4499969482422
2020-02-14,137.00999450683594,137.8699951171875,136.77999877929688,137.44000244140625,289800,0.0,137.44000244140625
2020-02-18,137.0399932861328,138.00999450683594,137.00999450683594,137.75999450683594,457000,0.0,137.75999450683594
2020-02-19,138.49000549316406,139.91000366210938,138.4499969482422,139.6999969482422,499500,0.0,139.6999969482422
2020-02-20,138.85000610351562,139.39999389648438,137.6300048828125,138.42999267578125,524000,0.0,138.42999267578125
2020-02-21,137.25,137.4600067138672,135.94000244140625,136.6300048828125,379400,0.0,136.6300048828125
2020-02-24,130.3300018310547,131.9199981689453,130.24000549316406,130.9199981689453,676500,0.0,130.9199981689453
2020-02-25,130.9199981689453,131.1199951171875,127.55999755859375,127.77999877929688,837300,0.0,127.77999877929688
2020-02-26,128.67999267578125,129.82000732421875,126.69999694824219,126.9000015258789,802800,0.0,126.9000015258789
2020-02-27,125.22000122070312,128.27000427246094,124.52999877929688,124.80999755859375,1581300,0.0,124.80999755859375
2020-02-28,121.22000122070312,124.19000244140625,120.38999938964844,123.56999969482422,1389900,0.0,123.56999969482422
2020-03-02,124.12999725341797,126.6500015258789,121.8499984741211,126.52999877929688,931600,0.0,126.52999877929688
2020-03-03,127.23999786376953,129.13999938964844,122.95999908447266,123.80000305175781,907000,0.0,123.80000305175781
2020-03-04,124.9800033569336,125.75,123.3499984741211,125.66000366210938,840200,0.0,125.66000366210938
2020-03-05,122.54000091552734,123.81999969482422,120.22000122070312,121.27999877929688,1395200,0.0,121.27999877929688
2020-03-06,120.2699966430664,122.4000015258789,119.68000030517578,121.48999786376953,1255800,0.0,121.48999786376953
2020-03-09,113.61000061035156,116.19000244140625,110.55000305175781,111.5,1571800,0.0,111.5
2020-03-10,117.4800033569336,118.56999969482422,113.7699966430664,117.98999786376953,1521900,0.0,117.98999786376953
2020-03-11,115.30999755859375,116.0199966430664,111.0,112.62000274658203,1626600,0.0,112.62000274658203
2020-03-12,105.81999969482422,107.75,100.68000030517578,101.44000244140625,1746100,0.0,101.44000244140625
2020-03-13,107.70999908447266,108.55000305175781,100.2300033569336,108.3499984741211,1819600,0.0,108.3499984741211
2020-03-16,93.43000030517578,103.11000061035156,93.41999816894531,97.48999786376953,1344500,0.0,97.48999786376953
2020-03-17,97.69999694824219,102.98999786376953,95.33999633789062,102.95999908447266,1561500,0.0,102.95999908447266
2020-03-18,95.2300033569336,98.05999755859375,93.2300033569336,96.94999694824219,1067200,0.0,96.94999694824219
2020-03-19,92.5,96.16999816894531,90.9000015258789,94.12999725341797,1753800,0.0,94.12999725341797
2020-03-20,96.54000091552734,99.0199966430664,93.80000305175781,94.30000305175781,1372400,0.0,94.30000305175781
2020-03-23,97.98999786376953,100.98999786376953,97.13999938964844,98.31999969482422,1974900,0.0,98.31999969482422
2020-03-24,107.0199966430664,107.47000122070312,103.7699966430664,105.97000122070312,1608000,0.0,105.97000122070312
2020-03-25,104.45999908447266,108.98999786376953,102.5,106.4000015258789,1012200,0.0,106.4000015258789
2020-03-26,109.5999984741211,115.33000183105469,109.5999984741211,115.25,1978300,0.0,115.25
2020-03-27,110.51000213623047,112.97000122070312,108.80999755859375,110.27999877929688,881300,0.0,110.27999877929688
2020-03-30,112.08999633789062,113.12999725341797,110.83999633789062,112.9000015258789,605100,0.0,112.9000015258789
2020-03-31,111.13999938964844,113.23999786376953,110.20999908447266,110.5,1138600,0.0,110.5
2020-04-01,107.12000274658203,107.94000244140625,104.83999633789062,105.52999877929688,1070500,0.0,105.52999877929688
2020-04-02,103.83999633789062,106.06999969482422,103.22000122070312,104.98999786376953,1026700,0.0,104.98999786376953
2020-04-03,104.76000213623047,105.55000305175781,103.83000183105469,105.19000244140625,954300,0.0,105.19000244140625
2020-04-06,108.75,112.08999633789062,108.6500015258789,112.01000213623047,1252400,0.0,112.01000213623047
2020-04-07,114.19000244140625,114.25,111.55000305175781,111.83000183105469,929400,0.0,111.83000183105469
2020-04-08,114.06999969482422,115.69999694824219,112.95999908447266,115.0199966430664,1214600,0.0,115.0199966430664
2020-04-09,120.08000183105469,121.79000091552734,119.31999969482422,121.41000366210938,1371800,0.0,121.41000366210938
2020-04-13,120.0999984741211,122.63999938964844,119.97000122070312,122.37999725341797,1060800,0.0,122.37999725341797
2020-04-14,124.58999633789062,126.0999984741211,122.80999755859375,123.33000183105469,1110900,0.0,123.33000183105469
2020-04-15,117.48999786376953,120.05000305175781,117.1500015258789,118.6500015258789,1144700,0.0,118.6500015258789
2020-04-16,120.43000030517578,120.56999969482422,118.22000122070312,119.27999877929688,693300,0.0,119.27999877929688
2020-04-17,122.97000122070312,123.69000244140625,121.9800033569336,123.41000366210938,709300,0.0,123.41000366210938
2020-04-20,121.26000213623047,124.13999938964844,121.23999786376953,122.55999755859375,919400,0.0,122.55999755859375
2020-04-21,118.93000030517578,119.19999694824219,114.58999633789062,116.0,1671500,0.0,116.0
2020-04-22,117.37999725341797,117.62000274658203,116.4000015258789,117.0999984741211,996500,0.0,117.0999984741211
2020-04-23,115.2300033569336,118.37000274658203,115.12000274658203,115.1500015258789,918200,0.0,115.1500015258789
2020-04-24,116.25,116.55999755859375,114.94999694824219,116.48999786376953,715700,0.0,116.48999786376953
2020-04-27,116.44000244140625,117.41999816894531,116.0999984741211,116.86000061035156,657300,0.0,116.86000061035156
2020-04-28,119.2300033569336,119.25,116.73999786376953,116.86000061035156,693500,0.0,116.86000061035156
2020-04-29,117.88999938964844,119.69000244140625,117.73999786376953,119.1500015258789,571800,0.0,119.1500015258789
2020-04-30,120.22000122070312,120.22000122070312,117.55999755859375,118.54000091552734,651600,0.0,118.54000091552734
2020-05-01,116.86000061035156,117.8499984741211,116.08000183105469,116.97000122070312,654300,0.0,116.97000122070312
2020-05-04,115.94999694824219,117.22000122070312,115.44999694824219,117.19000244140625,552900,0.0,117.19000244140625
2020-05-05,116.43000030517578,118.20999908447266,116.19999694824219,116.56999969482422,757700,0.0,116.56999969482422
2020-05-06,114.69999694824219,115.2300033569336,113.0199966430664,113.1500015258789,1047900,0.0,113.1500015258789
2020-05-07,117.02999877929688,117.0999984741211,115.01000213623047,115.22000122070312,801900,0.0,115.22000122070312
2020-05-08,116.19000244140625,117.06999969482422,115.83999633789062,116.75,476200,0.0,116.75
2020-05-11,114.87999725341797,116.19000244140625,114.7300033569336,115.27999877929688,408200,0.0,115.27999877929688
2020-05-12,116.2300033569336,116.45999908447266,114.33000183105469,114.41999816894531,652600,0.0,114.41999816894531
2020-05-13,116.41999816894531,116.48999786376953,112.91000366210938,114.08000183105469,696000,0.0,114.08000183105469
2020-05-14,110.5999984741211,113.19999694824219,109.81999969482422,113.12999725341797,653200,0.0,113.12999725341797
2020-05-15,112.31999969482422,113.37999725341797,111.97000122070312,113.20999908447266,749500,0.0,113.20999908447266
2020-05-18,116.41000366210938,117.93000030517578,115.98999786376953,117.4800033569336,621500,0.0,117.4800033569336
2020-05-19,117.5,118.55000305175781,117.19000244140625,117.2300033569336,742100,0.0,117.2300033569336
2020-05-20,120.12999725341797,121.19000244140625,119.43000030517578,120.30000305175781,865100,0.0,120.30000305175781
2020-05-21,118.70999908447266,118.94999694824219,116.13999938964844,116.19000244140625,948200,1.712,116.19000244140625
2020-05-22,115.62000274658203,116.62000274658203,115.18000030517578,116.06999969482422,802600,0.0,116.06999969482422
2020-05-26,123.5199966430664,123.55999755859375,121.06999969482422,121.47000122070312,957600,0.0,121.47000122070312
2020-05-27,123.58999633789062,123.69000244140625,121.56999969482422,122.9800033569336,860300,0.0,122.9800033569336
2020-05-28,123.26000213623047,125.20999908447266,123.23999786376953,123.62999725341797,778700,0.0,123.62999725341797
2020-05-29,127.2699966430664,128.13999938964844,124.91000366210938,128.10000610351562,1773300,0.0,128.10000610351562
2020-06-01,127.66000366210938,128.50999450683594,127.18000030517578,128.50999450683594,664600,0.0,128.50999450683594
2020-06-02,129.35000610351562,130.47999572753906,128.7899932861328,130.4600067138672,721400,0.0,130.4600067138672
2020-06-03,131.6300048828125,133.99000549316406,131.25999450683594,133.55999755859375,774400,0.0,133.55999755859375
2020-06-04,133.6999969482422,135.49000549316406,133.57000732421875,134.33999633789062,842400,0.0,134.33999633789062
2020-06-05,135.80999755859375,137.10000610351562,135.3300018310547,135.82000732421875,778700,0.0,135.82000732421875
2020-06-08,135.64999389648438,136.67999267578125,134.72000122070312,136.61000061035156,565500,0.0,136.61000061035156
2020-06-09,137.3800048828125,137.9199981689453,136.24000549316406,136.74000549316406,664000,0.0,136.74000549316406
2020-06-10,137.58999633789062,137.8699951171875,136.11000061035156,136.5800018310547,603700,0.0,136.5800018310547
2020-06-11,135.60000610351562,135.66000366210938,129.3699951171875,129.5,1119100,0.0,129.5
2020-06-12,131.92999267578125,132.4199981689453,127.63999938964844,130.13999938964844,1082100,0.0,130.13999938964844
2020-06-15,127.97000122070312,131.38999938964844,127.54000091552734,130.4199981689453,795700,0.0,130.4199981689453
2020-06-16,133.5399932861328,134.86000061035156,131.91000366210938,133.52999877929688,709100,0.0,133.52999877929688
2020-06-17,135.1300048828125,135.74000549316406,133.91000366210938,134.52000427246094,648100,0.0,134.52000427246094
2020-06-18,134.94000244140625,135.60000610351562,133.75,135.13999938964844,446900,0.0,135.13999938964844
2020-06-19,138.94000244140625,139.5500030517578,135.97999572753906,137.02999877929688,1036100,0.0,137.02999877929688
2020-06-22,139.22999572753906,140.99000549316406,138.55999755859375,140.97999572753906,1635000,0.0,140.97999572753906
2020-06-23,142.60000610351562,143.0500030517578,140.7100067138672,141.07000732421875,1356900,0.0,141.07000732421875
2020-06-24,138.5399932861328,139.36000061035156,134.9199981689453,135.85000610351562,858000,0.0,135.85000610351562
2020-06-25,134.85000610351562,137.97999572753906,134.08999633789062,137.66000366210938,929700,0.0,137.66000366210938
2020-06-26,138.61000061035156,138.82000732421875,135.9600067138672,136.77999877929688,450300,0.0,136.77999877929688
2020-06-29,138.0800018310547,138.8000030517578,136.75999450683594,138.42999267578125,626600,0.0,138.42999267578125
2020-06-30,138.22000122070312,140.42999267578125,137.8800048828125,140.0,463800,0.0,140.0
2020-07-01,138.6199951171875,140.77999877929688,138.39999389648438,140.0800018310547,472000,0.0,140.0800018310547
2020-07-02,142.63999938964844,143.6199951171875,142.39999389648438,142.85000610351562,536500,0.0,142.85000610351562
2020-07-06,147.2100067138672,147.91000366210938,146.42999267578125,147.55999755859375,695300,0.0,147.55999755859375
2020-07-07,145.0399932861328,145.7100067138672,143.9199981689453,144.05999755859375,670200,0.0,144.05999755859375
2020-07-08,145.1999969482422,147.1999969482422,144.91000366210938,146.9499969482422,433500,0.0,146.9499969482422
2020-07-09,155.42999267578125,155.60000610351562,151.27999877929688,152.6699981689453,1718400,0.0,152.6699981689453
2020-07-10,152.7100067138672,153.5,151.3300018310547,153.49000549316406,714100,0.0,153.49000549316406
2020-07-13,155.6199951171875,156.2899932861328,150.42999267578125,150.92999267578125,989100,0.0,150.92999267578125
2020-07-14,151.2899932861328,153.94000244140625,151.05999755859375,153.85000610351562,776300,0.0,153.85000610351562
2020-07-15,155.52000427246094,157.22999572753906,154.6699981689453,156.61000061035156,944200,0.0,156.61000061035156
2020-07-16,155.5500030517578,156.5800018310547,154.52000427246094,155.1199951171875,476100,0.0,155.1199951171875
2020-07-17,155.47999572753906,156.58999633789062,154.66000366210938,156.27999877929688,456800,0.0,156.27999877929688
2020-07-20,157.69000244140625,159.89999389648438,157.42999267578125,159.77000427246094,491600,0.0,159.77000427246094
2020-07-21,163.0,163.94000244140625,161.77000427246094,162.50999450683594,718300,0.0,162.50999450683594
2020-07-22,164.86000061035156,165.27999877929688,163.60000610351562,164.47000122070312,701900,0.0,164.47000122070312
2020-07-23,163.6699981689453,164.6300048828125,160.7899932861328,161.27000427246094,682700,0.0,161.27000427246094
2020-07-24,157.4600067138672,159.02999877929688,156.99000549316406,158.6199951171875,890400,0.0,158.6199951171875
2020-07-27,162.27999877929688,165.38999938964844,162.0800018310547,164.8699951171875,1168700,0.0,164.8699951171875
2020-07-28,161.82000732421875,162.13999938964844,160.2100067138672,160.36000061035156,596100,0.0,160.36000061035156
2020-07-29,163.83999633789062,165.42999267578125,163.5800018310547,164.66000366210938,459300,0.0,164.66000366210938
2020-07-30,158.16000366210938,160.5500030517578,156.3000030517578,160.1699981689453,790300,0.0,160.1699981689453
2020-07-31,160.6699981689453,160.75999450683594,156.9199981689453,159.22000122070312,701000,0.0,159.22000122070312
2020-08-03,160.77999877929688,162.38999938964844,160.4199981689453,162.14999389648438,443700,0.0,162.14999389648438
2020-08-04,158.64999389648438,160.27000427246094,158.63999938964844,160.25999450683594,466400,0.0,160.25999450683594
2020-08-05,162.07000732421875,162.97000122070312,161.0399932861328,161.63999938964844,338100,0.0,161.63999938964844
2020-08-06,160.6300048828125,162.22000122070312,160.0500030517578,161.97999572753906,446400,0.0,161.97999572753906
2020-08-07,161.27999877929688,161.85000610351562,160.00999450683594,161.1699981689453,370900,0.0,161.1699981689453
2020-08-10,159.6199951171875,159.72000122070312,157.94000244140625,159.63999938964844,378800,0.0,159.63999938964844
2020-08-11,161.94000244140625,162.0800018310547,158.91000366210938,159.14999389648438,502300,0.0,159.14999389648438
2020-08-12,160.30999755859375,163.14999389648438,160.30999755859375,162.61000061035156,315400,0.0,162.61000061035156
2020-08-13,161.1199951171875,162.5,160.00999450683594,160.85000610351562,399900,0.0,160.85000610351562
2020-08-14,160.4499969482422,160.9499969482422,159.35000610351562,160.08999633789062,274500,0.0,160.08999633789062
2020-08-17,161.07000732421875,161.6300048828125,159.72999572753906,160.47999572753906,310700,0.0,160.47999572753906
2020-08-18,162.99000549316406,163.13999938964844,160.74000549316406,161.77999877929688,641700,0.0,161.77999877929688
2020-08-19,163.91000366210938,164.14999389648438,160.89999389648438,161.30999755859375,554700,0.0,161.30999755859375
2020-08-20,160.8699951171875,163.6300048828125,160.75999450683594,162.97999572753906,430500,0.0,162.97999572753906
2020-08-21,159.2100067138672,160.52999877929688,159.1300048828125,160.30999755859375,390300,0.0,160.30999755859375
2020-08-24,164.49000549316406,164.5500030517578,162.85000610351562,163.88999938964844,446100,0.0,163.88999938964844
2020-08-25,165.82000732421875,165.83999633789062,163.89999389648438,165.5800018310547,339900,0.0,165.5800018310547
2020-08-26,166.00999450683594,168.64999389648438,166.00999450683594,168.4600067138672,401900,0.0,168.4600067138672
2020-08-27,168.08999633789062,168.14999389648438,164.60000610351562,165.85000610351562,471500,0.0,165.85000610351562
2020-08-28,166.3000030517578,166.99000549316406,165.3699951171875,166.72000122070312,292800,0.0,166.72000122070312
2020-08-31,165.47999572753906,166.69000244140625,164.1999969482422,165.41000366210938,405700,0.0,165.41000366210938
2020-09-01,165.67999267578125,166.4600067138672,164.67999267578125,166.36000061035156,537800,0.0,166.36000061035156
2020-09-02,167.66000366210938,169.3000030517578,166.2899932861328,169.02000427246094,503100,0.0,169.02000427246094
2020-09-03,167.49000549316406,167.60000610351562,160.72000122070312,161.9199981689453,480500,0.0,161.9199981689453
2020-09-04,160.42999267578125,161.3000030517578,153.94000244140625,159.42999267578125,702500,0.0,159.42999267578125
2020-09-08,155.72000122070312,158.47000122070312,154.6699981689453,154.69000244140625,985400,0.0,154.69000244140625
2020-09-09,160.8300018310547,163.67999267578125,159.82000732421875,162.4499969482422,994700,0.0,162.4499969482422
2020-09-10,162.4600067138672,163.1199951171875,158.52000427246094,159.0,503900,0.0,159.0
2020-09-11,160.47000122070312,160.80999755859375,158.2899932861328,159.57000732421875,385800,0.0,159.57000732421875
2020-09-14,160.91000366210938,161.6300048828125,159.83999633789062,160.6999969482422,389100,0.0,160.6999969482422
2020-09-15,160.72000122070312,161.33999633789062,159.8000030517578,160.6699981689453,566500,0.0,160.6699981689453
2020-09-16,161.33999633789062,161.69000244140625,158.86000061035156,158.97000122070312,567600,0.0,158.97000122070312
2020-09-17,159.33999633789062,161.02999877929688,158.97000122070312,160.42999267578125,593100,0.0,160.42999267578125
2020-09-18,162.11000061035156,162.1699981689453,159.25,160.14999389648438,713200,0.0,160.14999389648438
2020-09-21,155.66000366210938,156.1699981689453,153.1699981689453,155.8800048828125,599900,0.0,155.8800048828125
2020-09-22,156.3699951171875,157.32000732421875,154.97000122070312,157.22999572753906,361500,0.0,157.22999572753906
2020-09-23,155.3000030517578,155.63999938964844,151.8300018310547,152.11000061035156,449500,0.0,152.11000061035156
2020-09-24,152.86000061035156,155.00999450683594,151.75,153.33999633789062,513700,0.0,153.33999633789062
2020-09-25,149.92999267578125,153.0399932861328,149.42999267578125,152.05999755859375,632200,0.0,152.05999755859375
2020-09-28,155.92999267578125,157.63999938964844,155.5,157.0800018310547,777100,0.0,157.0800018310547
2020-09-29,156.39999389648438,157.52000427246094,156.1300048828125,156.57000732421875,488200,0.0,156.57000732421875
2020-09-30,156.05999755859375,157.02999877929688,154.58999633789062,155.80999755859375,507200,0.0,155.80999755859375
2020-10-01,156.38999938964844,157.4199981689453,155.4199981689453,156.82000732421875,462700,0.0,156.82000732421875
2020-10-02,154.74000549316406,155.88999938964844,153.8300018310547,154.2899932861328,542400,0.0,154.2899932861328
2020-10-05,154.7899932861328,156.75,154.72999572753906,156.60000610351562,290700,0.0,156.60000610351562
2020-10-06,155.69000244140625,156.3699951171875,153.74000549316406,154.0500030517578,667800,0.0,154.0500030517578
2020-10-07,153.38999938964844,154.60000610351562,152.41000366210938,154.32000732421875,880900,0.0,154.32000732421875
2020-10-08,155.5500030517578,156.2899932861328,155.0399932861328,156.1199951171875,377100,0.0,156.1199951171875
2020-10-09,156.69000244140625,157.7100067138672,156.60000610351562,157.13999938964844,282500,0.0,157.13999938964844
2020-10-12,158.16000366210938,159.4600067138672,157.9499969482422,158.77000427246094,313900,0.0,158.77000427246094
2020-10-13,157.0399932861328,157.64999389648438,155.99000549316406,156.60000610351562,357700,0.0,156.60000610351562
2020-10-14,158.36000061035156,158.6999969482422,156.49000549316406,157.44000244140625,369100,0.0,157.44000244140625
2020-10-15,152.75,154.0500030517578,152.13999938964844,153.8000030517578,574700,0.0,153.8000030517578
2020-10-16,155.63999938964844,157.2100067138672,154.7100067138672,155.1199951171875,679300,0.0,155.1199951171875
2020-10-19,156.05999755859375,156.2899932861328,152.1999969482422,152.50999450683594,388300,0.0,152.50999450683594
2020-10-20,151.8300018310547,152.80999755859375,150.3800048828125,150.66000366210938,545700,0.0,150.66000366210938
2020-10-21,148.22999572753906,149.86000061035156,148.0800018310547,148.3699951171875,847600,0.0,148.3699951171875
2020-10-22,146.58999633789062,148.58999633789062,145.3800048828125,147.63999938964844,844500,0.0,147.63999938964844
2020-10-23,148.05999755859375,149.80999755859375,147.14999389648438,149.67999267578125,1204100,0.0,149.67999267578125
2020-10-26,118.2699966430664,118.69000244140625,113.2300033569336,115.0199966430664,11290200,0.0,115.0199966430664
2020-10-27,118.52999877929688,118.66999816894531,113.86000061035156,114.5,6608600,0.0,114.5
2020-10-28,109.66999816894531,110.33999633789062,107.69999694824219,108.11000061035156,5486700,0.0,108.11000061035156
2020-10-29,106.80000305175781,109.87000274658203,106.05999755859375,108.62999725341797,2824800,0.0,108.62999725341797
2020-10-30,108.0,108.1500015258789,105.66000366210938,106.83000183105469,2615900,0.0,106.83000183105469
2020-11-02,106.30999755859375,106.33000183105469,104.63999938964844,105.83000183105469,2235600,0.0,105.83000183105469
2020-11-03,108.5,110.69000244140625,108.33999633789062,109.70999908447266,1834500,0.0,109.70999908447266
2020-11-04,111.63999938964844,113.77999877929688,110.88999938964844,112.44999694824219,1836800,0.0,112.44999694824219
2020-11-05,117.06999969482422,117.12999725341797,114.2300033569336,115.68000030517578,2559800,0.0,115.68000030517578
2020-11-06,116.69999694824219,116.83000183105469,114.97000122070312,115.12000274658203,1770200,0.0,115.12000274658203
2020-11-09,120.05000305175781,120.0999984741211,115.22000122070312,115.22000122070312,3263900,0.0,115.22000122070312
2020-11-10,119.29000091552734,119.30000305175781,116.58999633789062,116.77999877929688,2269500,0.0,116.77999877929688
2020-11-11,119.0,119.7300033569336,118.5,119.51000213623047,1725700,0.0,119.51000213623047
2020-11-12,119.3499984741211,119.62000274658203,117.22000122070312,117.43000030517578,1525700,0.0,117.43000030517578
2020-11-13,119.62999725341797,120.43000030517578,119.25,120.30999755859375,1052100,0.0,120.30999755859375
2020-11-16,120.55999755859375,120.69000244140625,118.47000122070312,118.94999694824219,849100,0.0,118.94999694824219
2020-11-17,117.44999694824219,117.6500015258789,116.43000030517578,116.98999786376953,1367600,0.0,116.98999786376953
2020-11-18,118.48999786376953,119.45999908447266,117.87999725341797,117.93000030517578,1600800,0.0,117.93000030517578
2020-11-19,117.91000366210938,118.68000030517578,117.43000030517578,118.68000030517578,1469900,0.0,118.68000030517578
2020-11-20,117.30999755859375,117.70999908447266,116.7300033569336,117.0199966430664,1374000,0.0,117.0199966430664
2020-11-23,117.83000183105469,118.0,116.2300033569336,117.38999938964844,1365400,0.0,117.38999938964844
2020-11-24,117.19000244140625,117.25,115.69999694824219,116.80000305175781,1705000,0.0,116.80000305175781
2020-11-25,116.58999633789062,118.13999938964844,116.55000305175781,118.08999633789062,1040400,0.0,118.08999633789062
2020-11-27,119.43000030517578,120.0199966430664,119.12999725341797,119.25,504900,0.0,119.25
2020-11-30,121.68000030517578,121.87999725341797,120.0199966430664,121.16000366210938,1918100,0.0,121.16000366210938
2020-12-01,122.16000366210938,123.18000030517578,121.68000030517578,123.0199966430664,1288500,0.0,123.0199966430664
2020-12-02,122.45999908447266,122.83000183105469,121.75,122.5,582000,0.0,122.5
2020-12-03,121.7699966430664,123.06999969482422,121.7699966430664,122.41000366210938,602800,0.0,122.41000366210938
2020-12-04,123.75,124.86000061035156,123.69999694824219,124.63999938964844,624800,0.0,124.63999938964844
2020-12-07,123.12000274658203,123.81999969482422,123.01000213623047,123.22000122070312,537300,0.0,123.22000122070312
2020-12-08,122.9800033569336,124.0999984741211,122.83000183105469,123.98999786376953,516700,0.0,123.98999786376953
2020-12-09,125.23999786376953,125.38999938964844,122.2300033569336,122.9800033569336,871500,0.0,122.9800033569336
2020-12-10,121.05000305175781,123.25,120.7699966430664,123.0,765100,0.0,123.0
2020-12-11,121.12000274658203,121.76000213623047,119.87999725341797,120.8499984741211,1005500,0.0,120.8499984741211
2020-12-14,121.08999633789062,122.13999938964844,121.06999969482422,121.30999755859375,942300,0.0,121.30999755859375
2020-12-15,122.97000122070312,123.25,122.33999633789062,123.06999969482422,643900,0.0,123.06999969482422
2020-12-16,124.12999725341797,125.4800033569336,124.11000061035156,125.0,657600,0.0,125.0
2020-12-17,128.14999389648438,128.77999877929688,127.80000305175781,128.6699981689453,955100,0.0,128.6699981689453
2020-12-18,128.5500030517578,128.5500030517578,126.44999694824219,127.33999633789062,1318200,0.0,127.33999633789062
2020-12-21,124.12000274658203,125.66000366210938,123.16999816894531,125.31999969482422,831600,0.0,125.31999969482422
2020-12-22,126.44999694824219,126.76000213623047,125.58000183105469,125.93000030517578,860400,0.0,125.93000030517578
2020-12-23,126.83999633789062,127.05000305175781,125.80000305175781,126.0,616500,0.0,126.0
2020-12-24,125.91999816894531,126.30999755859375,125.5999984741211,126.05999755859375,223500,0.0,126.05999755859375
2020-12-28,129.33999633789062,131.0,128.0800018310547,130.91000366210938,1626100,0.0,130.91000366210938
2020-12-29,131.9499969482422,132.36000061035156,129.80999755859375,129.9499969482422,1058500,0.0,129.9499969482422
2020-12-30,130.5500030517578,131.30999755859375,130.3300018310547,130.63999938964844,407200,0.0,130.63999938964844
2020-12-31,130.6699981689453,130.86000061035156,129.64999389648438,130.38999938964844,379000,0.0,130.38999938964844
2021-01-04,131.66000366210938,131.8000030517578,127.62999725341797,129.24000549316406,1005400,0.0,129.24000549316406
2021-01-05,129.05999755859375,130.32000732421875,128.88999938964844,129.97999572753906,879800,0.0,129.97999572753906
2021-01-06,129.0,130.85000610351562,128.44000244140625,129.74000549316406,1000000,0.0,129.74000549316406
2021-01-07,128.05999755859375,129.47999572753906,127.80999755859375,128.8000030517578,981200,0.0,128.8000030517578
2021-01-08,130.16000366210938,131.33999633789062,128.9600067138672,131.16000366210938,909800,0.0,131.16000366210938
2021-01-11,128.0399932861328,129.75999450683594,127.98999786376953,129.3000030517578,1335200,0.0,129.3000030517578
2021-01-12,129.3300018310547,129.58999633789062,127.91000366210938,129.39999389648438,649200,0.0,129.39999389648438
2021-01-13,128.6999969482422,129.10000610351562,128.0399932861328,128.05999755859375,871000,0.0,128.05999755859375
2021-01-14,126.01000213623047,127.29000091552734,125.87000274658203,126.0999984741211,1060600,0.0,126.0999984741211
2021-01-15,125.52999877929688,126.3499984741211,124.36000061035156,125.0,1564300,0.0,125.0
2021-01-19,126.45999908447266,127.25,125.23999786376953,127.08000183105469,892400,0.0,127.08000183105469
2021-01-20,126.73999786376953,128.02999877929688,126.62999725341797,127.62999725341797,917100,0.0,127.62999725341797
2021-01-21,127.5999984741211,128.1300048828125,126.81999969482422,127.9000015258789,797500,0.0,127.9000015258789
2021-01-22,126.48999786376953,128.36000061035156,126.2699966430664,127.4800033569336,934300,0.0,127.4800033569336
2021-01-25,127.68000030517578,133.60000610351562,126.63999938964844,129.6300048828125,1742100,0.0,129.6300048828125
2021-01-26,132.17999267578125,134.97999572753906,132.11000061035156,134.8800048828125,1883900,0.0,134.8800048828125
2021-01-27,131.85000610351562,133.66000366210938,130.64999389648438,132.19000244140625,1829500,0.0,132.19000244140625
2021-01-28,130.80999755859375,132.52000427246094,130.33999633789062,130.44000244140625,1437200,0.0,130.44000244140625
2021-01-29,129.80999755859375,130.27000427246094,126.08999633789062,126.19999694824219,2396600,0.0,126.19999694824219
2021-02-01,130.1300048828125,130.13999938964844,128.52000427246094,129.55999755859375,1314700,0.0,129.55999755859375
2021-02-02,130.00999450683594,130.47999572753906,128.83999633789062,129.55999755859375,1308600,0.0,129.55999755859375
2021-02-03,129.97000122070312,131.39999389648438,129.69000244140625,130.61000061035156,835300,0.0,130.61000061035156
2021-02-04,131.24000549316406,132.50999450683594,130.75999450683594,132.30999755859375,732700,0.0,132.30999755859375
2021-02-05,131.1300048828125,131.47999572753906,130.1999969482422,130.2899932861328,572500,0.0,130.2899932861328
2021-02-08,131.72000122070312,132.0399932861328,130.72999572753906,131.5,554800,0.0,131.5
2021-02-09,130.8800048828125,132.14999389648438,130.75999450683594,131.5399932861328,630300,0.0,131.5399932861328
2021-02-10,131.36000061035156,131.36000061035156,129.10000610351562,129.6699981689453,701500,0.0,129.6699981689453
2021-02-11,131.88999938964844,132.77999877929688,131.5399932861328,132.52000427246094,782000,0.0,132.52000427246094
2021-02-12,130.91000366210938,132.00999450683594,130.7899932861328,131.92999267578125,799700,0.0,131.92999267578125
2021-02-16,131.1999969482422,131.4600067138672,130.38999938964844,130.75999450683594,587900,0.0,130.75999450683594
2021-02-17,126.83999633789062,127.13999938964844,125.27999877929688,126.30999755859375,1692100,0.0,126.30999755859375
2021-02-18,127.0999984741211,129.1300048828125,126.30000305175781,128.67999267578125,1197400,0.0,128.67999267578125
2021-02-19,128.14999389648438,128.1999969482422,126.54000091552734,126.81999969482422,773800,0.0,126.81999969482422
2021-02-22,126.08999633789062,126.9000015258789,125.55999755859375,125.7300033569336,740800,0.0,125.7300033569336
2021-02-23,124.36000061035156,125.76000213623047,123.13999938964844,124.86000061035156,1394200,0.0,124.86000061035156
2021-02-24,124.79000091552734,126.62000274658203,124.04000091552734,126.55999755859375,606100,0.0,126.55999755859375
2021-02-25,125.55000305175781,126.12000274658203,123.27999877929688,123.69000244140625,735200,0.0,123.69000244140625
2021-02-26,124.19999694824219,124.37999725341797,122.83999633789062,123.3499984741211,727700,0.0,123.3499984741211
2021-03-01,124.0,124.77999877929688,123.91999816894531,124.41999816894531,551200,0.0,124.41999816894531
2021-03-02,125.79000091552734,125.81999969482422,124.77999877929688,125.33999633789062,584500,0.0,125.33999633789062
2021-03-03,123.88999938964844,124.70999908447266,122.7300033569336,123.12000274658203,781300,0.0,123.12000274658203
2021-03-04,123.69999694824219,124.77999877929688,120.88999938964844,122.04000091552734,1044800,0.0,122.04000091552734
2021-03-05,122.20999908447266,123.56999969482422,121.04000091552734,123.08000183105469,1146100,0.0,123.08000183105469
2021-03-08,122.5199966430664,124.77999877929688,122.26000213623047,123.06999969482422,817500,0.0,123.06999969482422
2021-03-09,126.63999938964844,127.69999694824219,125.79000091552734,126.2300033569336,927100,0.0,126.2300033569336
2021-03-10,126.66999816894531,126.8499984741211,125.56999969482422,125.93000030517578,901200,0.0,125.93000030517578
2021-03-11,127.11000061035156,127.27999877929688,126.41000366210938,126.8499984741211,890400,0.0,126.8499984741211
2021-03-12,124.3499984741211,124.45999908447266,123.1500015258789,123.81999969482422,789300,0.0,123.81999969482422
2021-03-15,122.88999938964844,123.3499984741211,122.05999755859375,122.7699966430664,797500,0.0,122.7699966430664
2021-03-16,122.56999969482422,123.05000305175781,122.16000366210938,122.16999816894531,635100,0.0,122.16999816894531
2021-03-17,122.37000274658203,124.16000366210938,121.79000091552734,123.62000274658203,740000,0.0,123.62000274658203
2021-03-18,122.20999908447266,123.01000213623047,121.6500015258789,121.79000091552734,1071800,0.0,121.79000091552734
2021-03-19,122.2300033569336,123.7300033569336,122.22000122070312,123.16999816894531,789000,0.0,123.16999816894531
2021-03-22,122.44999694824219,124.12999725341797,122.41999816894531,122.94999694824219,829600,0.0,122.94999694824219
2021-03-23,122.04000091552734,123.13999938964844,121.83000183105469,122.31999969482422,989700,0.0,122.31999969482422
2021-03-24,121.56999969482422,122.12000274658203,120.88999938964844,121.08999633789062,860800,0.0,121.08999633789062
2021-03-25,120.62999725341797,121.5999984741211,120.08000183105469,121.4800033569336,1008500,0.0,121.4800033569336
2021-03-26,121.44000244140625,122.75,120.87999725341797,122.70999908447266,936800,0.0,122.70999908447266
2021-03-29,121.63999938964844,123.05000305175781,121.58999633789062,122.44999694824219,1153800,0.0,122.44999694824219
2021-03-30,121.62999725341797,121.8499984741211,121.05999755859375,121.54000091552734,689800,0.0,121.54000091552734
2021-03-31,121.44999694824219,122.87000274658203,121.44000244140625,122.79000091552734,851500,0.0,122.79000091552734
2021-04-01,125.13999938964844,125.8499984741211,124.94999694824219,125.75,786800,0.0,125.75
2021-04-05,126.48999786376953,132.1300048828125,126.31999969482422,131.8000030517578,2431300,0.0,131.8000030517578
2021-04-06,128.89999389648438,129.52999877929688,128.38999938964844,128.4499969482422,1741500,0.0,128.4499969482422
2021-04-07,129.8000030517578,130.3800048828125,129.4199981689453,129.7899932861328,987200,0.0,129.7899932861328
2021-04-08,132.57000732421875,133.6699981689453,131.57000732421875,133.17999267578125,1591000,0.0,133.17999267578125
2021-04-09,132.61000061035156,133.92999267578125,132.52000427246094,133.7899932861328,972400,0.0,133.7899932861328
2021-04-12,132.25,132.8300018310547,132.10000610351562,132.39999389648438,704600,0.0,132.39999389648438
2021-04-13,133.1300048828125,134.55999755859375,133.02999877929688,134.42999267578125,1056500,0.0,134.42999267578125
2021-04-14,139.0,139.0,135.50999450683594,135.97000122070312,1427600,0.0,135.97000122070312
2021-04-15,138.3800048828125,139.3699951171875,138.07000732421875,139.1999969482422,1148200,0.0,139.1999969482422
2021-04-16,138.69000244140625,139.69000244140625,138.52999877929688,139.3000030517578,636800,0.0,139.3000030517578
2021-04-19,139.16000366210938,139.8000030517578,138.8300018310547,139.52999877929688,699800,0.0,139.52999877929688
2021-04-20,139.5,139.83999633789062,138.47000122070312,139.11000061035156,553000,0.0,139.11000061035156
2021-04-21,138.6300048828125,142.00999450683594,138.50999450683594,141.89999389648438,914000,0.0,141.89999389648438
2021-04-22,142.36000061035156,145.4199981689453,142.2100067138672,143.75,1113400,0.0,143.75
2021-04-23,142.4600067138672,144.0399932861328,142.33999633789062,143.94000244140625,806200,0.0,143.94000244140625
2021-04-26,143.30999755859375,143.5399932861328,142.55999755859375,143.22000122070312,572200,0.0,143.22000122070312
2021-04-27,143.4600067138672,143.58999633789062,142.36000061035156,142.64999389648438,518300,0.0,142.64999389648438
2021-04-28,142.9499969482422,144.49000549316406,142.64999389648438,144.0800018310547,1007100,0.0,144.0800018310547
2021-04-29,144.07000732421875,144.19000244140625,142.47000122070312,143.77999877929688,876500,0.0,143.77999877929688
2021-04-30,142.1999969482422,142.47999572753906,139.47000122070312,139.94000244140625,805600,0.0,139.94000244140625
2021-05-03,141.3000030517578,141.83999633789062,140.61000061035156,141.02000427246094,589200,0.0,141.02000427246094
2021-05-04,138.08999633789062,138.52000427246094,135.4499969482422,136.72000122070312,1201700,0.0,136.72000122070312
2021-05-05,139.14999389648438,139.44000244140625,137.91000366210938,138.14999389648438,517100,0.0,138.14999389648438
2021-05-06,140.27999877929688,141.67999267578125,139.5500030517578,141.6699981689453,890100,0.0,141.6699981689453
2021-05-07,141.9199981689453,142.72999572753906,141.44000244140625,141.74000549316406,695300,0.0,141.74000549316406
2021-05-10,140.88999938964844,141.05999755859375,139.33999633789062,139.52000427246094,833100,0.0,139.52000427246094
2021-05-11,136.58999633789062,138.19000244140625,136.36000061035156,137.8300018310547,1113800,0.0,137.8300018310547
2021-05-12,136.19000244140625,137.13999938964844,135.1199951171875,135.5,705000,0.0,135.5
2021-05-13,135.55999755859375,136.11000061035156,134.57000732421875,135.22999572753906,611000,2.189,135.22999572753906
2021-05-14,137.11000061035156,138.89999389648438,136.72999572753906,138.82000732421875,690800,0.0,138.82000732421875
2021-05-17,137.5399932861328,137.94000244140625,136.97000122070312,137.36000061035156,493600,0.0,137.36000061035156
2021-05-18,137.9600067138672,138.88999938964844,137.6999969482422,138.0,512800,0.0,138.0
2021-05-19,136.22000122070312,137.30999755859375,135.66000366210938,137.10000610351562,848800,0.0,137.10000610351562
2021-05-20,137.94000244140625,140.80999755859375,137.80999755859375,140.1699981689453,475000,0.0,140.1699981689453
2021-05-21,140.32000732421875,140.60000610351562,139.58999633789062,139.85000610351562,335900,0.0,139.85000610351562
2021-05-24,141.17999267578125,142.1199951171875,141.0800018310547,141.44000244140625,371700,0.0,141.44000244140625
2021-05-25,141.24000549316406,141.5399932861328,140.52999877929688,140.97999572753906,436200,0.0,140.97999572753906
2021-05-26,141.91000366210938,142.22000122070312,141.0399932861328,141.5500030517578,324700,0.0,141.5500030517578
2021-05-27,139.7100067138672,139.75,138.3000030517578,138.35000610351562,713700,0.0,138.35000610351562
2021-05-28,140.0,140.9199981689453,139.82000732421875,139.92999267578125,485400,0.0,139.92999267578125
2021-06-01,141.1999969482422,141.27999877929688,139.52000427246094,140.02999877929688,449300,0.0,140.02999877929688
2021-06-02,138.9600067138672,140.05999755859375,138.91000366210938,139.13999938964844,615700,0.0,139.13999938964844
2021-06-03,137.88999938964844,138.39999389648438,137.47999572753906,137.83999633789062,682700,0.0,137.83999633789062
2021-06-04,139.05999755859375,139.8800048828125,138.77999877929688,139.8800048828125,234400,0.0,139.8800048828125
2021-06-07,140.7899932861328,141.27000427246094,140.5800018310547,140.91000366210938,279800,0.0,140.91000366210938
2021-06-08,142.72999572753906,142.85000610351562,141.25999450683594,141.6699981689453,545300,0.0,141.6699981689453
2021-06-09,140.63999938964844,141.30999755859375,139.83999633789062,139.97000122070312,486800,0.0,139.97000122070312
2021-06-10,140.2100067138672,142.0,139.9499969482422,141.9499969482422,505800,0.0,141.9499969482422
2021-06-11,142.2899932861328,143.55999755859375,142.24000549316406,143.50999450683594,409200,0.0,143.50999450683594
2021-06-14,145.0,145.9600067138672,144.5500030517578,145.83999633789062,611700,0.0,145.83999633789062
2021-06-15,146.1999969482422,146.2899932861328,143.75999450683594,144.22000122070312,880200,0.0,144.22000122070312
2021-06-16,144.72999572753906,145.14999389648438,141.97000122070312,142.52000427246094,615800,0.0,142.52000427246094
2021-06-17,140.63999938964844,142.35000610351562,140.60000610351562,141.80999755859375,426500,0.0,141.80999755859375
2021-06-18,140.7100067138672,140.97000122070312,139.6300048828125,140.17999267578125,847100,0.0,140.17999267578125
2021-06-21,140.82000732421875,141.0500030517578,139.6999969482422,140.77999877929688,730500,0.0,140.77999877929688
2021-06-22,140.0500030517578,141.36000061035156,139.74000549316406,141.24000549316406,584100,0.0,141.24000549316406
2021-06-23,140.86000061035156,141.16000366210938,138.61000061035156,138.7100067138672,472200,0.0,138.7100067138672
2021-06-24,141.66000366210938,142.35000610351562,140.99000549316406,141.22999572753906,707800,0.0,141.22999572753906
2021-06-25,140.94000244140625,141.1199951171875,140.02999877929688,140.36000061035156,326800,0.0,140.36000061035156
2021-06-28,141.4199981689453,141.80999755859375,140.85000610351562,141.47000122070312,406400,0.0,141.47000122070312
2021-06-29,142.8800048828125,143.08999633789062,142.25999450683594,142.8300018310547,331900,0.0,142.8300018310547
2021-06-30,141.52000427246094,141.9499969482422,140.1199951171875,140.4600067138672,421800,0.0,140.4600067138672
2021-07-01,140.0800018310547,140.9600067138672,139.77000427246094,140.50999450683594,413300,0.0,140.50999450683594
2021-07-02,140.83999633789062,141.77000427246094,140.6300048828125,141.72000122070312,256500,0.0,141.72000122070312
2021-07-06,142.5500030517578,143.0,141.05999755859375,141.7100067138672,427800,0.0,141.7100067138672
2021-07-07,147.69000244140625,147.80999755859375,145.72000122070312,147.69000244140625,927000,0.0,147.69000244140625
2021-07-08,144.44000244140625,146.67999267578125,144.33999633789062,146.11000061035156,966200,0.0,146.11000061035156
2021-07-09,146.52999877929688,148.27999877929688,146.25999450683594,148.11000061035156,503800,0.0,148.11000061035156
2021-07-12,148.3800048828125,149.58999633789062,147.8699951171875,148.9600067138672,589100,0.0,148.9600067138672
2021-07-13,148.77000427246094,150.60000610351562,148.74000549316406,149.60000610351562,611300,0.0,149.60000610351562
2021-07-14,150.17999267578125,150.6300048828125,149.1199951171875,150.1999969482422,547100,0.0,150.1999969482422
2021-07-15,148.32000732421875,148.7899932861328,147.3300018310547,147.69000244140625,435000,0.0,147.69000244140625
2021-07-16,148.61000061035156,148.8000030517578,147.35000610351562,147.64999389648438,393200,0.0,147.64999389648438
2021-07-19,144.8300018310547,145.3800048828125,144.1999969482422,144.80999755859375,587100,0.0,144.80999755859375
2021-07-20,142.64999389648438,144.5399932861328,142.52000427246094,144.10000610351562,1081400,0.0,144.10000610351562
2021-07-21,136.3300018310547,140.19000244140625,136.08999633789062,138.86000061035156,2498800,0.0,138.86000061035156
2021-07-22,138.38999938964844,140.27000427246094,138.38999938964844,139.3300018310547,848000,0.0,139.3300018310547
2021-07-23,140.00999450683594,140.05999755859375,138.0399932861328,138.77000427246094,821700,0.0,138.77000427246094
2021-07-26,139.08999633789062,139.33999633789062,138.25999450683594,138.66000366210938,685800,0.0,138.66000366210938
2021-07-27,141.64999389648438,141.77000427246094,140.0500030517578,141.4199981689453,829700,0.0,141.4199981689453
2021-07-28,141.66000366210938,143.3300018310547,141.22000122070312,142.97000122070312,642900,0.0,142.97000122070312
2021-07-29,143.64999389648438,144.64999389648438,143.6300048828125,144.33999633789062,499000,0.0,144.33999633789062
2021-07-30,143.32000732421875,144.1699981689453,143.0800018310547,143.72000122070312,709400,0.0,143.72000122070312
2021-08-02,143.0500030517578,144.61000061035156,142.75,143.32000732421875,382800,0.0,143.32000732421875
2021-08-03,144.50999450683594,145.55999755859375,143.9600067138672,145.5399932861328,742400,0.0,145.5399932861328
2021-08-04,145.8800048828125,147.0500030517578,145.6300048828125,146.38999938964844,1003100,0.0,146.38999938964844
2021-08-05,148.52999877929688,149.3000030517578,148.4499969482422,148.94000244140625,574200,0.0,148.94000244140625
2021-08-06,146.9600067138672,147.5399932861328,146.36000061035156,146.3699951171875,490300,0.0,146.3699951171875
2021-08-09,146.39999389648438,146.69000244140625,146.0,146.55999755859375,480600,0.0,146.55999755859375
2021-08-10,147.25999450683594,147.49000549316406,145.13999938964844,145.75,390400,0.0,145.75
2021-08-11,146.4499969482422,146.6300048828125,144.97999572753906,145.24000549316406,359500,0.0,145.24000549316406
2021-08-12,146.4199981689453,147.88999938964844,145.8300018310547,147.75,375600,0.0,147.75
2021-08-13,147.77000427246094,148.33999633789062,147.44000244140625,148.3000030517578,221400,0.0,148.3000030517578
2021-08-16,147.4499969482422,148.47000122070312,147.07000732421875,147.92999267578125,644100,0.0,147.92999267578125
2021-08-17,147.8000030517578,148.99000549316406,147.66000366210938,148.9199981689453,497000,0.0,148.9199981689453
2021-08-18,148.7100067138672,149.05999755859375,147.52000427246094,147.5800018310547,317200,0.0,147.5800018310547
2021-08-19,145.55999755859375,147.6199951171875,145.5500030517578,147.02000427246094,543100,0.0,147.02000427246094
2021-08-20,147.42999267578125,147.97000122070312,147.14999389648438,147.83999633789062,305900,0.0,147.83999633789062
2021-08-23,147.72999572753906,149.0800018310547,147.17999267578125,148.9499969482422,259300,0.0,148.9499969482422
2021-08-24,147.85000610351562,148.69000244140625,147.60000610351562,148.22999572753906,290100,0.0,148.22999572753906
2021-08-25,147.42999267578125,147.69000244140625,146.83999633789062,146.97999572753906,358300,0.0,146.97999572753906
2021-08-26,147.25999450683594,147.75,146.86000061035156,147.1300048828125,261100,0.0,147.1300048828125
2021-08-27,147.5500030517578,149.05999755859375,147.42999267578125,148.72000122070312,338100,0.0,148.72000122070312
2021-08-30,148.7899932861328,149.94000244140625,148.5399932861328,149.8800048828125,291000,0.0,149.8800048828125
2021-08-31,150.36000061035156,150.75,149.30999755859375,150.13999938964844,451000,0.0,150.13999938964844
2021-09-01,150.77999877929688,151.47999572753906,150.0800018310547,150.11000061035156,363500,0.0,150.11000061035156
2021-09-02,149.57000732421875,149.6699981689453,148.86000061035156,148.97999572753906,211500,0.0,148.97999572753906
2021-09-03,148.16000366210938,150.0,147.72000122070312,149.8300018310547,479200,0.0,149.8300018310547
2021-09-07,150.72000122070312,150.91000366210938,149.61000061035156,149.6199951171875,383300,0.0,149.6199951171875
2021-09-08,147.25999450683594,147.7899932861328,146.6300048828125,146.72999572753906,544800,0.0,146.72999572753906
2021-09-09,146.52000427246094,147.0,145.47000122070312,145.67999267578125,345700,0.0,145.67999267578125
2021-09-10,146.6699981689453,146.9600067138672,144.9600067138672,145.07000732421875,434400,0.0,145.07000732421875
2021-09-13,145.92999267578125,146.10000610351562,144.67999267578125,145.27000427246094,542100,0.0,145.27000427246094
2021-09-14,145.08999633789062,145.5399932861328,144.47000122070312,145.14999389648438,1336300,0.0,145.14999389648438
2021-09-15,145.5500030517578,145.67999267578125,143.3000030517578,144.25,735800,0.0,144.25
2021-09-16,144.72999572753906,144.99000549316406,143.75999450683594,144.86000061035156,448800,0.0,144.86000061035156
2021-09-17,145.05999755859375,145.13999938964844,142.38999938964844,143.32000732421875,549300,0.0,143.32000732421875
2021-09-20,139.41000366210938,140.36000061035156,138.1199951171875,139.1699981689453,829300,0.0,139.1699981689453
2021-09-21,142.02000427246094,142.82000732421875,141.1999969482422,141.8300018310547,668000,0.0,141.8300018310547
2021-09-22,141.77999877929688,142.5399932861328,141.22999572753906,141.7899932861328,320200,0.0,141.7899932861328
2021-09-23,143.8800048828125,145.0,143.6699981689453,144.8800048828125,297400,0.0,144.8800048828125
2021-09-24,142.24000549316406,142.77999877929688,141.5500030517578,142.58999633789062,451700,0.0,142.58999633789062
2021-09-27,142.13999938964844,142.58999633789062,141.27000427246094,142.5,360900,0.0,142.5
2021-09-28,139.0500030517578,139.1300048828125,137.4600067138672,137.57000732421875,716800,0.0,137.57000732421875
2021-09-29,137.52999877929688,137.72000122070312,136.07000732421875,136.33999633789062,432600,0.0,136.33999633789062
2021-09-30,135.83999633789062,136.27999877929688,134.9499969482422,135.0399932861328,458600,0.0,135.0399932861328
2021-10-01,136.10000610351562,136.19000244140625,133.9600067138672,135.9499969482422,488700,0.0,135.9499969482422
2021-10-04,135.1699981689453,135.2100067138672,133.08999633789062,133.77000427246094,456300,0.0,133.77000427246094
2021-10-05,133.35000610351562,134.07000732421875,133.22999572753906,133.4199981689453,698800,0.0,133.4199981689453
2021-10-06,133.16000366210938,135.7899932861328,132.97999572753906,135.75,700100,0.0,135.75
2021-10-07,135.5399932861328,136.99000549316406,135.38999938964844,135.66000366210938,568700,0.0,135.66000366210938
2021-10-08,136.74000549316406,136.75,135.36000061035156,135.44000244140625,525300,0.0,135.44000244140625
2021-10-11,135.25999450683594,135.80999755859375,134.92999267578125,135.1199951171875,670200,0.0,135.1199951171875
2021-10-12,135.42999267578125,135.63999938964844,134.47000122070312,134.6300048828125,526100,0.0,134.6300048828125
2021-10-13,141.0399932861328,141.8699951171875,140.0800018310547,141.64999389648438,991600,0.0,141.64999389648438
2021-10-14,143.83999633789062,145.47999572753906,143.5399932861328,145.0399932861328,682000,0.0,145.0399932861328
2021-10-15,145.8000030517578,146.3699951171875,145.25999450683594,146.02999877929688,471400,0.0,146.02999877929688
2021-10-18,145.33999633789062,145.5500030517578,144.86000061035156,145.3699951171875,468400,0.0,145.3699951171875
2021-10-19,145.55999755859375,146.08999633789062,144.3699951171875,144.4199981689453,559400,0.0,144.4199981689453
2021-10-20,145.27000427246094,145.27999877929688,143.5399932861328,143.64999389648438,647000,0.0,143.64999389648438
2021-10-21,139.22999572753906,141.00999450683594,137.7899932861328,139.4600067138672,1417300,0.0,139.4600067138672
2021-10-22,141.61000061035156,142.35000610351562,140.75,141.77999877929688,764800,0.0,141.77999877929688
2021-10-25,143.8000030517578,144.77000427246094,142.86000061035156,144.72000122070312,742800,0.0,144.72000122070312
2021-10-26,145.89999389648438,146.60000610351562,145.5399932861328,145.72999572753906,848800,0.0,145.72999572753906
2021-10-27,144.63999938964844,145.4499969482422,144.55999755859375,144.8800048828125,538600,0.0,144.8800048828125
2021-10-28,146.83999633789062,147.8800048828125,146.8000030517578,147.47000122070312,539000,0.0,147.47000122070312
2021-10-29,144.5,145.5800018310547,144.30999755859375,144.77999877929688,609900,0.0,144.77999877929688
2021-11-01,145.64999389648438,146.5,145.10000610351562,146.24000549316406,615400,0.0,146.24000549316406
2021-11-02,147.16000366210938,147.47999572753906,146.22999572753906,146.97000122070312,443100,0.0,146.97000122070312
2021-11-03,147.80999755859375,149.69000244140625,147.44000244140625,149.42999267578125,427600,0.0,149.42999267578125
2021-11-04,148.4600067138672,149.39999389648438,148.3000030517578,148.9199981689453,456700,0.0,148.9199981689453
2021-11-05,149.27999877929688,149.66000366210938,148.39999389648438,149.52999877929688,550100,0.0,149.52999877929688
2021-11-08,148.91000366210938,149.9199981689453,148.6300048828125,148.69000244140625,390900,0.0,148.69000244140625
2021-11-09,149.3000030517578,149.4499969482422,148.1300048828125,148.3300018310547,340200,0.0,148.3300018310547
2021-11-10,147.1199951171875,147.66000366210938,145.64999389648438,145.64999389648438,373400,0.0,145.64999389648438
2021-11-11,145.72000122070312,145.9600067138672,144.91000366210938,144.91000366210938,292200,0.0,144.91000366210938
2021-11-12,143.97000122070312,144.0,142.39999389648438,142.41000366210938,561900,0.0,142.41000366210938
2021-11-15,142.35000610351562,142.74000549316406,141.32000732421875,141.3800048828125,411800,0.0,141.3800048828125
2021-11-16,141.52999877929688,142.97000122070312,141.4199981689453,142.25999450683594,482600,0.0,142.25999450683594
2021-11-17,142.22000122070312,142.25999450683594,141.57000732421875,141.97000122070312,314500,0.0,141.97000122070312
2021-11-18,140.75999450683594,142.47999572753906,140.67999267578125,142.47999572753906,381900,0.0,142.47999572753906
2021-11-19,142.3800048828125,142.8800048828125,140.77000427246094,140.9499969482422,563000,0.0,140.9499969482422
2021-11-22,137.99000549316406,138.17999267578125,135.92999267578125,135.9600067138672,687200,0.0,135.9600067138672
2021-11-23,134.97000122070312,135.72000122070312,134.19000244140625,135.47000122070312,548000,0.0,135.47000122070312
2021-11-24,131.5399932861328,133.6999969482422,131.30999755859375,133.66000366210938,652400,0.0,133.66000366210938
2021-11-26,132.60000610351562,133.1199951171875,130.2899932861328,130.67999267578125,536500,0.0,130.67999267578125
2021-11-29,132.2899932861328,133.10000610351562,131.2899932861328,132.92999267578125,740900,0.0,132.92999267578125
2021-11-30,130.8300018310547,131.3800048828125,127.72000122070312,128.44000244140625,1516500,0.0,128.44000244140625
2021-12-01,131.47999572753906,132.8300018310547,129.75,129.80999755859375,1096300,0.0,129.80999755859375
2021-12-02,129.63999938964844,130.67999267578125,128.8800048828125,130.1699981689453,824500,0.0,130.1699981689453
2021-12-03,130.52999877929688,130.7100067138672,128.05999755859375,128.97999572753906,625300,0.0,128.97999572753906
2021-12-06,130.52000427246094,132.7100067138672,130.0500030517578,132.58999633789062,997900,0.0,132.58999633789062
2021-12-07,132.6999969482422,134.94000244140625,132.6999969482422,134.5,819900,0.0,134.5
2021-12-08,134.4199981689453,134.72000122070312,133.8000030517578,134.52000427246094,519400,0.0,134.52000427246094
2021-12-09,133.97999572753906,134.1199951171875,132.7899932861328,132.86000061035156,346800,0.0,132.86000061035156
2021-12-10,134.77999877929688,135.7100067138672,134.49000549316406,135.38999938964844,556400,0.0,135.38999938964844
2021-12-13,138.52999877929688,138.6199951171875,137.1699981689453,137.9499969482422,875600,0.0,137.9499969482422
2021-12-14,136.5800018310547,136.9499969482422,134.63999938964844,135.60000610351562,710700,0.0,135.60000610351562
2021-12-15,136.07000732421875,138.47000122070312,136.0,138.41000366210938,606200,0.0,138.41000366210938
2021-12-16,139.77999877929688,139.86000061035156,136.9499969482422,137.64999389648438,559300,0.0,137.64999389648438
2021-12-17,138.13999938964844,139.97999572753906,137.67999267578125,138.6300048828125,1175200,0.0,138.6300048828125
2021-12-20,136.1999969482422,136.83999633789062,135.60000610351562,136.3800048828125,773600,0.0,136.3800048828125
2021-12-21,136.75999450683594,137.6300048828125,135.8699951171875,137.4199981689453,487300,0.0,137.4199981689453
2021-12-22,137.22999572753906,139.4199981689453,137.13999938964844,139.39999389648438,423200,0.0,139.39999389648438
2021-12-23,139.1699981689453,140.35000610351562,139.1699981689453,140.0800018310547,336400,0.0,140.0800018310547
2021-12-27,139.85000610351562,141.35000610351562,139.85000610351562,141.2899932861328,365100,0.0,141.2899932861328
2021-12-28,140.6699981689453,141.6199951171875,140.25999450683594,141.50999450683594,504400,0.0,141.50999450683594
2021-12-29,140.39999389648438,140.75,139.7100067138672,140.0399932861328,465900,0.0,140.0399932861328
2021-12-30,140.91000366210938,141.4499969482422,140.3699951171875,140.39999389648438,246600,0.0,140.39999389648438
2021-12-31,140.27999877929688,140.9199981689453,140.0,140.11000061035156,254100,0.0,140.11000061035156
2022-01-03,140.32000732421875,141.57000732421875,139.16000366210938,141.39999389648438,811200,0.0,141.39999389648438
2022-01-04,141.11000061035156,141.32000732421875,139.94000244140625,140.27000427246094,749400,0.0,140.27000427246094
2022-01-05,141.63999938964844,141.69000244140625,139.38999938964844,139.5800018310547,902900,0.0,139.5800018310547
2022-01-06,137.25999450683594,138.64999389648438,136.8000030517578,136.99000549316406,837300,0.0,136.99000549316406
2022-01-07,137.07000732421875,138.42999267578125,136.6199951171875,138.25999450683594,632300,0.0,138.25999450683594
2022-01-10,137.11000061035156,138.64999389648438,136.47999572753906,138.61000061035156,803500,0.0,138.61000061035156
2022-01-11,137.74000549316406,138.97000122070312,137.4600067138672,138.7899932861328,720400,0.0,138.7899932861328
2022-01-12,139.8699951171875,140.41000366210938,139.0,140.14999389648438,591500,0.0,140.14999389648438
2022-01-13,139.02999877929688,139.39999389648438,135.7899932861328,135.91000366210938,657300,0.0,135.91000366210938
2022-01-14,136.55999755859375,139.0399932861328,136.52999877929688,138.89999389648438,1388800,0.0,138.89999389648438
2022-01-18,136.42999267578125,137.80999755859375,135.7100067138672,136.10000610351562,988000,0.0,136.10000610351562
2022-01-19,137.22000122070312,138.6199951171875,136.69000244140625,136.7899932861328,681300,0.0,136.7899932861328
2022-01-20,139.27999877929688,139.82000732421875,136.88999938964844,137.00999450683594,1018100,0.0,137.00999450683594
2022-01-21,137.3699951171875,137.83999633789062,135.74000549316406,135.8000030517578,1414800,0.0,135.8000030517578
2022-01-24,132.16000366210938,133.92999267578125,129.6699981689453,133.72000122070312,1767900,0.0,133.72000122070312
2022-01-25,130.8000030517578,133.91000366210938,129.89999389648438,132.32000732421875,1474600,0.0,132.32000732421875
2022-01-26,133.32000732421875,134.35000610351562,131.3300018310547,132.27999877929688,1572900,0.0,132.27999877929688
2022-01-27,123.91999816894531,125.19999694824219,122.08000183105469,122.37999725341797,2149000,0.0,122.37999725341797
2022-01-28,119.69999694824219,122.02999877929688,119.04000091552734,121.97000122070312,1479600,0.0,121.97000122070312
2022-01-31,121.81999969482422,125.2300033569336,121.81999969482422,125.20999908447266,1143000,0.0,125.20999908447266
2022-02-01,126.55000305175781,127.83999633789062,125.33000183105469,127.68000030517578,1289400,0.0,127.68000030517578
2022-02-02,127.0,127.47000122070312,126.6500015258789,127.1500015258789,989800,0.0,127.1500015258789
2022-02-03,124.27999877929688,125.44000244140625,123.58999633789062,123.80999755859375,1063900,0.0,123.80999755859375
2022-02-04,124.54000091552734,126.44000244140625,124.29000091552734,126.13999938964844,1343100,0.0,126.13999938964844
2022-02-07,127.70999908447266,128.16000366210938,126.52999877929688,126.88999938964844,1121800,0.0,126.88999938964844
2022-02-08,125.27999877929688,125.9000015258789,124.75,125.69000244140625,711300,0.0,125.69000244140625
2022-02-09,125.55000305175781,126.37000274658203,124.93000030517578,126.29000091552734,945900,0.0,126.29000091552734
2022-02-10,123.54000091552734,126.16000366210938,123.47000122070312,123.8499984741211,679500,0.0,123.8499984741211
2022-02-11,123.62999725341797,124.18000030517578,120.0199966430664,120.33999633789062,979100,0.0,120.33999633789062
2022-02-14,118.58999633789062,119.54000091552734,117.48999786376953,118.3499984741211,1384500,0.0,118.3499984741211
2022-02-15,120.20999908447266,120.55999755859375,119.66000366210938,120.25,703400,0.0,120.25
2022-02-16,119.86000061035156,121.05000305175781,119.08000183105469,120.91000366210938,766600,0.0,120.91000366210938
2022-02-17,119.56999969482422,119.77999877929688,117.7300033569336,117.83999633789062,724700,0.0,117.83999633789062
2022-02-18,117.61000061035156,117.66999816894531,115.61000061035156,115.70999908447266,831600,0.0,115.70999908447266
2022-02-22,113.55999755859375,114.52999877929688,112.3499984741211,113.55999755859375,1052500,0.0,113.55999755859375
2022-02-23,114.37999725341797,114.51000213623047,110.87999725341797,110.9800033569336,1219500,0.0,110.9800033569336
2022-02-24,107.62000274658203,112.01000213623047,107.37000274658203,111.94999694824219,1878600,0.0,111.94999694824219
2022-02-25,113.5999984741211,115.05000305175781,112.9800033569336,115.0199966430664,909500,0.0,115.0199966430664
2022-02-28,112.18000030517578,114.13999938964844,111.47000122070312,112.58000183105469,1295500,0.0,112.58000183105469
2022-03-01,111.13999938964844,111.91999816894531,108.87999725341797,109.25,1442000,0.0,109.25
2022-03-02,111.12000274658203,113.44000244140625,110.62999725341797,113.19000244140625,1509900,0.0,113.19000244140625
2022-03-03,111.4800033569336,111.54000091552734,108.66000366210938,109.01000213623047,1281900,0.0,109.01000213623047
2022-03-04,107.12000274658203,107.4000015258789,105.33999633789062,106.0999984741211,1618000,0.0,106.0999984741211
2022-03-07,108.05999755859375,108.45999908447266,104.94999694824219,104.97000122070312,1888000,0.0,104.97000122070312
2022-03-08,106.08999633789062,108.97000122070312,104.13999938964844,106.20999908447266,1672700,0.0,106.20999908447266
2022-03-09,109.62999725341797,112.94000244140625,109.2300033569336,111.8499984741211,1394800,0.0,111.8499984741211
2022-03-10,108.08999633789062,109.44000244140625,107.4800033569336,108.51000213623047,874200,0.0,108.51000213623047
2022-03-11,110.87999725341797,111.13999938964844,107.5999984741211,107.68000030517578,959200,0.0,107.68000030517578
2022-03-14,110.55000305175781,111.72000122070312,109.83999633789062,110.05000305175781,1005100,0.0,110.05000305175781
2022-03-15,110.87999725341797,111.01000213623047,109.06999969482422,110.7300033569336,898900,0.0,110.7300033569336
2022-03-16,112.4000015258789,114.48999786376953,111.37000274658203,114.48999786376953,897600,0.0,114.48999786376953
2022-03-17,113.63999938964844,115.7300033569336,113.51000213623047,115.70999908447266,816300,0.0,115.70999908447266
2022-03-18,112.25,115.55000305175781,112.25,115.36000061035156,1406200,0.0,115.36000061035156
2022-03-21,112.76000213623047,113.72000122070312,111.36000061035156,111.87000274658203,1329300,0.0,111.87000274658203
2022-03-22,111.80000305175781,113.30000305175781,111.58999633789062,112.7300033569336,911200,0.0,112.7300033569336
2022-03-23,110.48999786376953,110.94999694824219,109.69000244140625,109.79000091552734,1007300,0.0,109.79000091552734
2022-03-24,110.01000213623047,111.30000305175781,109.52999877929688,111.22000122070312,712600,0.0,111.22000122070312
2022-03-25,112.02999877929688,112.02999877929688,110.3499984741211,111.33999633789062,570700,0.0,111.33999633789062
2022-03-28,110.87000274658203,111.94000244140625,110.36000061035156,111.80999755859375,905600,0.0,111.80999755859375
2022-03-29,115.29000091552734,116.0,113.73999786376953,114.73999786376953,920500,0.0,114.73999786376953
2022-03-30,113.4800033569336,114.19999694824219,112.76000213623047,113.1500015258789,982400,0.0,113.1500015258789
2022-03-31,113.0999984741211,113.31999969482422,110.88999938964844,110.95999908447266,1323100,0.0,110.95999908447266
2022-04-01,110.80999755859375,111.08000183105469,109.41999816894531,110.62999725341797,749800,0.0,110.62999725341797
2022-04-04,110.13999938964844,112.58999633789062,110.12999725341797,112.4800033569336,1238900,0.0,112.4800033569336
2022-04-05,111.12000274658203,111.7699966430664,110.25,110.80999755859375,1559300,0.0,110.80999755859375
2022-04-06,109.9800033569336,110.38999938964844,109.05000305175781,109.70999908447266,766200,0.0,109.70999908447266
2022-04-07,108.95999908447266,109.80000305175781,108.37000274658203,109.18000030517578,1048700,0.0,109.18000030517578
2022-04-08,107.94999694824219,109.44999694824219,107.81999969482422,108.47000122070312,800000,0.0,108.47000122070312
2022-04-11,108.19999694824219,108.52999877929688,107.41000366210938,107.55999755859375,1088400,0.0,107.55999755859375
2022-04-12,106.66999816894531,107.54000091552734,104.83999633789062,105.41999816894531,1398600,0.0,105.41999816894531
2022-04-13,104.29000091552734,106.01000213623047,104.05999755859375,105.91999816894531,1154900,0.0,105.91999816894531
2022-04-14,105.6500015258789,105.7300033569336,103.88999938964844,103.88999938964844,914600,0.0,103.88999938964844
2022-04-18,103.91999816894531,104.79000091552734,103.19999694824219,104.22000122070312,1020800,0.0,104.22000122070312
2022-04-19,104.29000091552734,105.33000183105469,104.16000366210938,105.23999786376953,1106300,0.0,105.23999786376953
2022-04-20,106.55000305175781,107.5,105.94999694824219,106.87999725341797,1350300,0.0,106.87999725341797
2022-04-21,108.30000305175781,108.7699966430664,106.2300033569336,106.33999633789062,1723500,0.0,106.33999633789062
2022-04-22,105.05000305175781,105.69000244140625,103.79000091552734,103.8499984741211,2378700,0.0,103.8499984741211
2022-04-25,102.94999694824219,103.77999877929688,102.31999969482422,103.7300033569336,1541400,0.0,103.7300033569336
2022-04-26,103.26000213623047,103.36000061035156,99.7699966430664,99.79000091552734,1362500,0.0,99.79000091552734
2022-04-27,100.12999725341797,101.06999969482422,98.9000015258789,99.52999877929688,1589600,0.0,99.52999877929688
2022-04-28,101.0,103.19999694824219,100.36000061035156,102.70999908447266,1185100,0.0,102.70999908447266
2022-04-29,103.5,104.05000305175781,100.66999816894531,100.80000305175781,1137200,0.0,100.80000305175781
2022-05-02,101.23999786376953,102.41999816894531,100.73999786376953,102.41000366210938,1658100,0.0,102.41000366210938
2022-05-03,101.06999969482422,101.47000122070312,99.58999633789062,100.0,1990000,0.0,100.0
2022-05-04,99.79000091552734,102.58999633789062,98.58000183105469,102.55999755859375,2117600,0.0,102.55999755859375
2022-05-05,101.25,101.44000244140625,98.87999725341797,99.81999969482422,2176800,0.0,99.81999969482422
2022-05-06,97.22000122070312,97.66000366210938,95.52999877929688,96.13999938964844,1988400,0.0,96.13999938964844
2022-05-09,95.05000305175781,97.37999725341797,94.79000091552734,95.9800033569336,2595300,0.0,95.9800033569336
2022-05-10,98.2300033569336,98.44000244140625,96.16000366210938,96.83000183105469,1520600,0.0,96.83000183105469
2022-05-11,96.5,98.41000366210938,95.30000305175781,95.58999633789062,1568900,0.0,95.58999633789062
2022-05-12,95.2699966430664,97.83000183105469,95.0,96.97000122070312,1578500,0.0,96.97000122070312
2022-05-13,97.41999816894531,99.02999877929688,97.05000305175781,98.70999908447266,1214000,0.0,98.70999908447266
2022-05-16,98.1500015258789,98.30999755859375,96.88999938964844,97.54000091552734,754300,0.0,97.54000091552734
2022-05-17,100.01000213623047,100.05999755859375,97.77999877929688,99.05999755859375,1174400,0.0,99.05999755859375
2022-05-18,97.36000061035156,97.48999786376953,92.94000244140625,93.23999786376953,2296700,0.0,93.23999786376953
2022-05-19,93.19999694824219,96.4000015258789,93.01000213623047,95.3499984741211,2220400,2.66,95.3499984741211
2022-05-20,97.33999633789062,97.58000183105469,95.81999969482422,97.43000030517578,2173600,0.0,97.43000030517578
2022-05-23,98.63999938964844,99.83999633789062,98.2300033569336,99.83000183105469,1688500,0.0,99.83000183105469
2022-05-24,99.70999908447266,99.94999694824219,97.91000366210938,98.69999694824219,2749800,0.0,98.69999694824219
2022-05-25,96.61000061035156,98.05999755859375,96.23999786376953,97.31999969482422,1331400,0.0,97.31999969482422
2022-05-26,97.04000091552734,98.80000305175781,96.94999694824219,98.47000122070312,760900,0.0,98.47000122070312
2022-05-27,100.01000213623047,101.1500015258789,100.0,101.1500015258789,1034400,0.0,101.1500015258789
2022-05-31,99.73999786376953,100.30999755859375,98.73999786376953,99.83999633789062,1459200,0.0,99.83999633789062
2022-06-01,100.94000244140625,101.33999633789062,99.11000061035156,99.33000183105469,1786100,0.0,99.33000183105469
2022-06-02,99.5199966430664,102.12999725341797,99.33000183105469,102.12000274658203,967700,0.0,102.12000274658203
2022-06-03,100.58999633789062,101.06999969482422,100.0199966430664,100.43000030517578,678900,0.0,100.43000030517578
2022-06-06,102.16999816894531,102.4000015258789,100.62999725341797,100.86000061035156,740600,0.0,100.86000061035156
2022-06-07,100.4800033569336,102.05999755859375,100.30000305175781,101.98999786376953,955900,0.0,101.98999786376953
2022-06-08,100.56999969482422,101.04000091552734,99.62999725341797,99.86000061035156,815000,0.0,99.86000061035156
2022-06-09,98.80999755859375,99.44999694824219,96.77999877929688,96.79000091552734,940000,0.0,96.79000091552734
2022-06-10,95.58999633789062,95.61000061035156,93.66000366210938,94.16999816894531,1284300,0.0,94.16999816894531
2022-06-13,90.6500015258789,91.7699966430664,90.12000274658203,90.81999969482422,1837900,0.0,90.81999969482422
2022-06-14,91.72000122070312,91.87999725341797,89.91000366210938,90.37000274658203,1629900,0.0,90.37000274658203
2022-06-15,92.7699966430664,94.20999908447266,91.41999816894531,93.30000305175781,1294400,0.0,93.30000305175781
2022-06-16,92.36000061035156,93.05999755859375,91.83000183105469,92.76000213623047,1466000,0.0,92.76000213623047
2022-06-17,92.66999816894531,93.80000305175781,91.98999786376953,93.0,1435500,0.0,93.0
2022-06-21,94.33000183105469,94.9000015258789,93.98999786376953,94.08999633789062,1023200,0.0,94.08999633789062
2022-06-22,93.08000183105469,95.25,92.98999786376953,94.0,915100,0.0,94.0
2022-06-23,93.33999633789062,94.38999938964844,92.79000091552734,94.23999786376953,919000,0.0,94.23999786376953
2022-06-24,95.79000091552734,98.45999908447266,95.72000122070312,98.41000366210938,1276900,0.0,98.41000366210938
2022-06-27,97.75,98.30999755859375,96.87000274658203,97.30000305175781,835700,0.0,97.30000305175781
2022-06-28,96.55999755859375,97.05000305175781,95.45999908447266,95.47000122070312,1405100,0.0,95.47000122070312
2022-06-29,94.33000183105469,95.19999694824219,93.7699966430664,93.93000030517578,1221400,0.0,93.93000030517578
2022-06-30,89.91000366210938,91.25,88.95999908447266,90.72000122070312,1805100,0.0,90.72000122070312
2022-07-01,89.7699966430664,90.70999908447266,89.30999755859375,90.69999694824219,1630000,0.0,90.69999694824219
2022-07-05,87.56999969482422,89.19000244140625,87.31999969482422,89.16000366210938,1580400,0.0,89.16000366210938
2022-07-06,90.04000091552734,90.38999938964844,88.98999786376953,89.86000061035156,1459800,0.0,89.86000061035156
2022-07-07,89.87999725341797,90.7300033569336,89.87000274658203,90.70999908447266,805600,0.0,90.70999908447266
2022-07-08,90.08000183105469,91.25,89.66999816894531,90.58999633789062,860400,0.0,90.58999633789062
2022-07-11,89.16999816894531,89.33999633789062,88.19999694824219,88.31999969482422,1008600,0.0,88.31999969482422
2022-07-12,87.8499984741211,88.05000305175781,86.11000061035156,86.3499984741211,1164700,0.0,86.3499984741211
2022-07-13,84.56999969482422,86.52999877929688,84.4800033569336,85.94999694824219,1170200,0.0,85.94999694824219
2022-07-14,84.63999938964844,85.79000091552734,83.5,85.41999816894531,1142100,0.0,85.41999816894531
2022-07-15,87.0,88.0199966430664,86.63999938964844,88.0,1065800,0.0,88.0
2022-07-18,88.76000213623047,89.48999786376953,87.86000061035156,88.08999633789062,1003100,0.0,88.08999633789062
2022-07-19,90.55999755859375,92.41999816894531,90.19000244140625,92.33999633789062,1548200,0.0,92.33999633789062
2022-07-20,91.7699966430664,92.7300033569336,91.48999786376953,92.33000183105469,1609100,0.0,92.33000183105469
2022-07-21,87.83999633789062,90.3499984741211,87.31999969482422,90.29000091552734,2309800,0.0,90.29000091552734
2022-07-22,94.77999877929688,95.80000305175781,93.2699966430664,93.75,1907300,0.0,93.75
2022-07-25,93.0,93.12000274658203,91.2300033569336,91.97000122070312,1303800,0.0,91.97000122070312
2022-07-26,90.87999725341797,90.95999908447266,89.87000274658203,90.29000091552734,924000,0.0,90.29000091552734
2022-07-27,89.5999984741211,91.54000091552734,89.4000015258789,91.30999755859375,1545200,0.0,91.30999755859375
2022-07-28,90.7300033569336,91.97000122070312,89.80999755859375,91.7699966430664,1051800,0.0,91.7699966430664
2022-07-29,92.54000091552734,93.3499984741211,92.19999694824219,93.20999908447266,763300,0.0,93.20999908447266
2022-08-01,93.77999877929688,94.6500015258789,93.37999725341797,93.79000091552734,1834700,0.0,93.79000091552734
2022-08-02,91.55000305175781,92.12000274658203,91.12000274658203,91.19000244140625,1076300,0.0,91.19000244140625
2022-08-03,92.26000213623047,93.63999938964844,92.26000213623047,93.48999786376953,777200,0.0,93.48999786376953
2022-08-04,95.13999938964844,95.33999633789062,94.37999725341797,95.29000091552734,876800,0.0,95.29000091552734
2022-08-05,93.6500015258789,94.56999969482422,93.41999816894531,94.55999755859375,815200,0.0,94.55999755859375
2022-08-08,95.0199966430664,95.61000061035156,94.12000274658203,94.33000183105469,629900,0.0,94.33000183105469
2022-08-09,94.19000244140625,94.29000091552734,93.5199966430664,93.76000213623047,643700,0.0,93.76000213623047
2022-08-10,96.19999694824219,96.81999969482422,95.70999908447266,96.06999969482422,931900,0.0,96.06999969482422
2022-08-11,96.19000244140625,96.19000244140625,95.05999755859375,95.23999786376953,792500,0.0,95.23999786376953
2022-08-12,95.51000213623047,95.98999786376953,95.08000183105469,95.94999694824219,674200,0.0,95.94999694824219
2022-08-15,94.91000366210938,95.9000015258789,94.83999633789062,95.80999755859375,1193300,0.0,95.80999755859375
2022-08-16,94.19000244140625,94.69999694824219,93.69999694824219,94.19999694824219,828000,0.0,94.19999694824219
2022-08-17,93.08000183105469,93.58000183105469,92.55000305175781,92.94999694824219,746900,0.0,92.94999694824219
2022-08-18,92.73999786376953,92.97000122070312,92.11000061035156,92.45999908447266,703600,0.0,92.45999908447266
2022-08-19,92.3499984741211,92.4800033569336,91.47000122070312,91.62000274658203,706800,0.0,91.62000274658203
2022-08-22,89.44999694824219,89.51000213623047,88.2300033569336,88.43000030517578,916700,0.0,88.43000030517578
2022-08-23,87.9000015258789,88.91000366210938,87.29000091552734,87.37000274658203,765400,0.0,87.37000274658203
2022-08-24,87.02999877929688,88.0999984741211,86.81999969482422,87.41999816894531,753000,0.0,87.41999816894531
2022-08-25,87.33999633789062,88.20999908447266,86.9000015258789,88.19999694824219,704800,0.0,88.19999694824219
2022-08-26,87.8499984741211,87.91000366210938,84.02999877929688,84.23999786376953,1116400,0.0,84.23999786376953
2022-08-29,84.36000061035156,85.05000305175781,84.13999938964844,84.58000183105469,959800,0.0,84.58000183105469
2022-08-30,85.69000244140625,85.87000274658203,84.0999984741211,84.5199966430664,734500,0.0,84.5199966430664
2022-08-31,85.33000183105469,86.30000305175781,85.06999969482422,85.22000122070312,1234500,0.0,85.22000122070312
2022-09-01,84.52999877929688,84.69000244140625,82.41000366210938,83.9800033569336,1300300,0.0,83.9800033569336
2022-09-02,84.83999633789062,85.55999755859375,82.7699966430664,83.2699966430664,1080300,0.0,83.2699966430664
2022-09-06,84.83000183105469,85.16999816894531,83.80000305175781,84.16999816894531,1035900,0.0,84.16999816894531
2022-09-07,84.5999984741211,85.79000091552734,84.3499984741211,85.56999969482422,1992400,0.0,85.56999969482422
2022-09-08,83.69000244140625,85.33000183105469,83.44999694824219,85.30999755859375,960200,0.0,85.30999755859375
2022-09-09,86.4000015258789,87.27999877929688,86.37999725341797,87.06999969482422,649500,0.0,87.06999969482422
2022-09-12,88.5,89.30000305175781,88.37999725341797,88.94999694824219,818800,0.0,88.94999694824219
2022-09-13,87.01000213623047,87.63999938964844,85.72000122070312,85.86000061035156,1077500,0.0,85.86000061035156
2022-09-14,85.54000091552734,86.37000274658203,85.1500015258789,86.30999755859375,1289100,0.0,86.30999755859375
2022-09-15,85.5,85.98999786376953,84.20999908447266,84.41000366210938,1332700,0.0,84.41000366210938
2022-09-16,83.0,84.12999725341797,82.9000015258789,83.94000244140625,1093200,0.0,83.94000244140625
2022-09-19,82.69000244140625,84.2699966430664,82.68000030517578,84.26000213623047,934900,0.0,84.26000213623047
2022-09-20,82.75,83.62000274658203,82.37000274658203,82.93000030517578,1331500,0.0,82.93000030517578
2022-09-21,83.06999969482422,84.01000213623047,82.18000030517578,82.33999633789062,1162200,0.0,82.33999633789062
2022-09-22,82.04000091552734,82.29000091552734,80.97000122070312,81.37000274658203,1612700,0.0,81.37000274658203
2022-09-23,79.18000030517578,79.4800033569336,78.22000122070312,79.47000122070312,2048200,0.0,79.47000122070312
2022-09-26,80.08000183105469,81.08999633789062,79.1500015258789,79.62999725341797,2899800,0.0,79.62999725341797
2022-09-27,80.4800033569336,80.98999786376953,78.55999755859375,79.12000274658203,2478700,0.0,79.12000274658203
2022-09-28,79.37000274658203,81.7699966430664,79.01000213623047,81.45999908447266,2057000,0.0,81.45999908447266
2022-09-29,80.25,80.55999755859375,79.19000244140625,80.4800033569336,2137300,0.0,80.4800033569336
2022-09-30,81.45999908447266,82.61000061035156,81.19000244140625,81.25,1390600,0.0,81.25
2022-10-03,82.44999694824219,84.12000274658203,82.02999877929688,83.94000244140625,1686600,0.0,83.94000244140625
2022-10-04,86.81999969482422,88.3499984741211,86.54000091552734,88.04000091552734,1626500,0.0,88.04000091552734
2022-10-05,86.19000244140625,87.44999694824219,85.58999633789062,87.18000030517578,1225200,0.0,87.18000030517578
2022-10-06,86.58999633789062,87.22000122070312,86.16999816894531,86.36000061035156,1249700,0.0,86.36000061035156
2022-10-07,85.38999938964844,85.5199966430664,84.1500015258789,84.52999877929688,1140700,0.0,84.52999877929688
2022-10-10,84.45999908447266,84.52999877929688,83.37999725341797,84.05000305175781,1263900,0.0,84.05000305175781
2022-10-11,83.63999938964844,84.5199966430664,82.7699966430664,83.01000213623047,1287300,0.0,83.01000213623047
2022-10-12,83.2699966430664,83.88999938964844,82.5,82.51000213623047,1115600,0.0,82.51000213623047
2022-10-13,80.9800033569336,85.37999725341797,80.5,85.1500015258789,1515200,0.0,85.1500015258789
2022-10-14,86.69999694824219,87.58000183105469,84.5199966430664,84.61000061035156,1207800,0.0,84.61000061035156
2022-10-17,86.41000366210938,87.52999877929688,86.36000061035156,86.8499984741211,1362700,0.0,86.8499984741211
2022-10-18,90.22000122070312,90.30999755859375,88.33000183105469,89.0199966430664,1526700,0.0,89.0199966430664
2022-10-19,87.70999908447266,87.97000122070312,86.30000305175781,86.7300033569336,1086400,0.0,86.7300033569336
2022-10-20,86.91000366210938,88.45999908447266,86.70999908447266,86.91000366210938,1103400,0.0,86.91000366210938
2022-10-21,88.44000244140625,90.95999908447266,88.0199966430664,90.87999725341797,1722400,0.0,90.87999725341797
2022-10-24,90.62000274658203,91.19000244140625,89.19000244140625,91.01000213623047,1447700,0.0,91.01000213623047
2022-10-25,96.58000183105469,97.29000091552734,96.02999877929688,96.31999969482422,2401400,0.0,96.31999969482422
2022-10-26,96.2300033569336,99.13999938964844,96.1500015258789,97.76000213623047,1991000,0.0,97.76000213623047
2022-10-27,97.7300033569336,98.9000015258789,97.2300033569336,97.44000244140625,1024800,0.0,97.44000244140625
2022-10-28,96.58000183105469,97.86000061035156,96.55000305175781,97.70999908447266,1438000,0.0,97.70999908447266
2022-10-31,96.4800033569336,96.88999938964844,96.05000305175781,96.05999755859375,986200,0.0,96.05999755859375
2022-11-01,97.20999908447266,97.38999938964844,95.16999816894531,95.83999633789062,831300,0.0,95.83999633789062
2022-11-02,96.66000366210938,97.16000366210938,93.97000122070312,93.97000122070312,1372400,0.0,93.97000122070312
2022-11-03,93.30999755859375,94.31999969482422,92.66999816894531,92.69000244140625,1126700,0.0,92.69000244140625
2022-11-04,95.68000030517578,96.18000030517578,94.54000091552734,96.0199966430664,1221300,0.0,96.0199966430664
2022-11-07,96.94999694824219,97.73999786376953,96.13999938964844,97.56999969482422,1213200,0.0,97.56999969482422
2022-11-08,97.87000274658203,99.26000213623047,96.73999786376953,97.97000122070312,1403700,0.0,97.97000122070312
2022-11-09,97.94000244140625,98.62000274658203,97.47000122070312,97.55000305175781,947800,0.0,97.55000305175781
2022-11-10,103.80999755859375,107.19000244140625,103.55999755859375,107.18000030517578,2371200,0.0,107.18000030517578
2022-11-11,109.04000091552734,110.55000305175781,108.54000091552734,110.16999816894531,1997100,0.0,110.16999816894531
2022-11-14,109.0999984741211,109.80999755859375,108.36000061035156,108.83000183105469,1133700,0.0,108.83000183105469
2022-11-15,110.33000183105469,111.04000091552734,108.08000183105469,109.80999755859375,1627600,0.0,109.80999755859375
2022-11-16,111.18000030517578,111.43000030517578,109.87000274658203,111.05999755859375,1226300,0.0,111.05999755859375
2022-11-17,110.5,112.18000030517578,110.44000244140625,111.81999969482422,2138300,0.0,111.81999969482422
2022-11-18,109.70999908447266,109.7300033569336,108.25,108.79000091552734,1214000,0.0,108.79000091552734
2022-11-21,109.47000122070312,109.8499984741211,108.47000122070312,108.5,889800,0.0,108.5
2022-11-22,108.44999694824219,109.66999816894531,107.9800033569336,109.62000274658203,735500,0.0,109.62000274658203
2022-11-23,109.05999755859375,110.04000091552734,108.97000122070312,109.8499984741211,931600,0.0,109.8499984741211
2022-11-25,109.81999969482422,110.66000366210938,109.79000091552734,110.6500015258789,411200,0.0,110.6500015258789
2022-11-28,109.62000274658203,110.19000244140625,107.80000305175781,108.0,808600,0.0,108.0
2022-11-29,107.33999633789062,107.48999786376953,106.38999938964844,106.91999816894531,831300,0.0,106.91999816894531
2022-11-30,107.91999816894531,110.93000030517578,107.5,110.87000274658203,1019500,0.0,110.87000274658203
2022-12-01,111.58999633789062,112.38999938964844,111.0199966430664,112.01000213623047,1000900,0.0,112.01000213623047
2022-12-02,111.16000366210938,112.48999786376953,110.63999938964844,112.02999877929688,906900,0.0,112.02999877929688
2022-12-05,110.76000213623047,111.25,109.94999694824219,110.2699966430664,661200,0.0,110.2699966430664
2022-12-06,109.48999786376953,109.48999786376953,107.27999877929688,107.7699966430664,871000,0.0,107.7699966430664
2022-12-07,107.48999786376953,108.05999755859375,106.75,107.87000274658203,1010500,0.0,107.87000274658203
2022-12-08,107.16000366210938,108.36000061035156,106.55000305175781,107.81999969482422,902600,0.0,107.81999969482422
2022-12-09,107.47000122070312,108.05000305175781,107.2300033569336,107.29000091552734,543200,0.0,107.29000091552734
2022-12-12,107.22000122070312,108.37999725341797,107.16999816894531,108.36000061035156,951700,0.0,108.36000061035156
2022-12-13,112.22000122070312,112.81999969482422,109.30999755859375,109.80999755859375,1050900,0.0,109.80999755859375
2022-12-14,109.87999725341797,111.0,109.01000213623047,109.70999908447266,707500,0.0,109.70999908447266
2022-12-15,107.88999938964844,108.08000183105469,105.3499984741211,105.58000183105469,928400,0.0,105.58000183105469
2022-12-16,104.70999908447266,105.5,104.11000061035156,105.36000061035156,1505600,0.0,105.36000061035156
2022-12-19,105.37000274658203,105.5,103.97000122070312,104.30000305175781,886100,0.0,104.30000305175781
2022-12-20,103.91000366210938,104.54000091552734,103.5999984741211,104.48999786376953,1162300,0.0,104.48999786376953
2022-12-21,104.80999755859375,105.55999755859375,104.48999786376953,104.80000305175781,756700,0.0,104.80000305175781
2022-12-22,104.18000030517578,104.2300033569336,102.6500015258789,103.9800033569336,981500,0.0,103.9800033569336
2022-12-23,103.22000122070312,103.70999908447266,102.66000366210938,103.5,760600,0.0,103.5
2022-12-27,103.33000183105469,103.87999725341797,102.7699966430664,103.33999633789062,523500,0.0,103.33999633789062
2022-12-28,102.87000274658203,103.43000030517578,101.77999877929688,101.80999755859375,635400,0.0,101.80999755859375
2022-12-29,103.38999938964844,104.3499984741211,103.27999877929688,104.11000061035156,546800,0.0,104.11000061035156
2022-12-30,102.80999755859375,103.29000091552734,102.36000061035156,103.19000244140625,442500,0.0,103.19000244140625
2023-01-03,104.04000091552734,105.06999969482422,103.27999877929688,103.9800033569336,928800,0.0,103.9800033569336
2023-01-04,107.12000274658203,107.16999816894531,105.72000122070312,106.88999938964844,819200,0.0,106.88999938964844
2023-01-05,107.30999755859375,107.33999633789062,106.0,106.16000366210938,853400,0.0,106.16000366210938
2023-01-06,106.58000183105469,109.37999725341797,105.5,109.11000061035156,820900,0.0,109.11000061035156
2023-01-09,110.69999694824219,112.87999725341797,110.69999694824219,111.44000244140625,1481800,0.0,111.44000244140625
2023-01-10,112.30999755859375,113.43000030517578,112.0199966430664,113.41999816894531,1093400,0.0,113.41999816894531
2023-01-11,114.20999908447266,114.91999816894531,113.98999786376953,114.87000274658203,785900,0.0,114.87000274658203
2023-01-12,115.30999755859375,116.69000244140625,114.12999725341797,116.68000030517578,1082800,0.0,116.68000030517578
2023-01-13,115.72000122070312,117.1500015258789,115.70999908447266,117.01000213623047,755600,0.0,117.01000213623047
2023-01-17,116.22000122070312,117.44000244140625,115.73999786376953,116.20999908447266,826800,0.0,116.20999908447266
2023-01-18,118.05999755859375,118.80000305175781,116.91999816894531,117.08000183105469,1394900,0.0,117.08000183105469
2023-01-19,114.8499984741211,116.12999725341797,114.6500015258789,115.66999816894531,891100,0.0,115.66999816894531
2023-01-20,115.55999755859375,117.1500015258789,115.20999908447266,117.12000274658203,728500,0.0,117.12000274658203
2023-01-23,115.63999938964844,117.0199966430664,115.5999984741211,116.70999908447266,1059800,0.0,116.70999908447266
2023-01-24,116.04000091552734,116.56999969482422,115.79000091552734,116.19000244140625,1022100,0.0,116.19000244140625
2023-01-25,115.41999816894531,116.5199966430664,114.51000213623047,116.16000366210938,1310900,0.0,116.16000366210938
2023-01-26,112.75,114.69000244140625,112.30000305175781,114.0999984741211,1869700,0.0,114.0999984741211
2023-01-27,112.55000305175781,114.0199966430664,112.25,113.20999908447266,957900,0.0,113.20999908447266
2023-01-30,116.51000213623047,117.05999755859375,115.70999908447266,116.08999633789062,1587800,0.0,116.08999633789062
2023-01-31,116.62999725341797,118.56999969482422,116.56999969482422,118.52999877929688,1270400,0.0,118.52999877929688
2023-02-01,119.37000274658203,121.41999816894531,118.30000305175781,121.02999877929688,853900,0.0,121.02999877929688
2023-02-02,122.70999908447266,123.27999877929688,122.19000244140625,122.97000122070312,866500,0.0,122.97000122070312
2023-02-03,120.18000030517578,121.91000366210938,120.08999633789062,120.62999725341797,1098500,0.0,120.62999725341797
2023-02-06,119.94999694824219,120.29000091552734,119.3499984741211,119.72000122070312,519500,0.0,119.72000122070312
2023-02-07,118.11000061035156,120.19000244140625,117.81999969482422,119.83999633789062,538300,0.0,119.83999633789062
2023-02-08,118.63999938964844,119.51000213623047,118.22000122070312,118.61000061035156,872200,0.0,118.61000061035156
2023-02-09,120.52999877929688,120.63999938964844,118.18000030517578,118.69999694824219,636000,0.0,118.69999694824219
2023-02-10,117.55000305175781,117.8499984741211,116.80000305175781,117.3499984741211,662000,0.0,117.3499984741211
2023-02-13,117.52999877929688,118.51000213623047,117.44999694824219,118.4800033569336,374200,0.0,118.4800033569336
2023-02-14,117.98999786376953,119.63999938964844,117.63999938964844,118.76000213623047,616000,0.0,118.76000213623047
2023-02-15,117.80000305175781,119.30999755859375,117.7300033569336,119.2699966430664,669500,0.0,119.2699966430664
2023-02-16,117.58000183105469,118.62000274658203,117.12000274658203,117.95999908447266,505000,0.0,117.95999908447266
2023-02-17,116.51000213623047,117.44000244140625,116.16999816894531,117.3499984741211,411000,0.0,117.3499984741211
2023-02-21,115.16000366210938,115.76000213623047,114.72000122070312,114.77999877929688,867000,0.0,114.77999877929688
2023-02-22,115.52999877929688,115.88999938964844,114.79000091552734,115.26000213623047,510600,0.0,115.26000213623047
2023-02-23,116.30999755859375,116.7699966430664,114.86000061035156,116.01000213623047,784500,0.0,116.01000213623047
2023-02-24,113.95999908447266,114.36000061035156,112.56999969482422,113.18000030517578,991700,0.0,113.18000030517578
2023-02-27,115.18000030517578,115.54000091552734,114.73999786376953,115.12999725341797,579900,0.0,115.12999725341797
2023-02-28,114.06999969482422,114.83999633789062,113.76000213623047,113.81999969482422,693500,0.0,113.81999969482422
2023-03-01,115.12000274658203,115.12000274658203,113.4000015258789,114.2300033569336,848900,0.0,114.2300033569336
2023-03-02,113.05000305175781,114.63999938964844,113.0,114.52999877929688,664900,0.0,114.52999877929688
2023-03-03,115.86000061035156,116.97000122070312,115.77999877929688,116.9000015258789,694500,0.0,116.9000015258789
2023-03-06,119.5,120.20999908447266,119.04000091552734,119.7300033569336,953700,0.0,119.7300033569336
2023-03-07,118.86000061035156,118.94000244140625,116.5999984741211,116.88999938964844,469600,0.0,116.88999938964844
2023-03-08,116.72000122070312,117.55000305175781,116.19999694824219,117.41000366210938,730100,0.0,117.41000366210938
2023-03-09,117.4000015258789,118.5,115.94999694824219,115.98999786376953,691900,0.0,115.98999786376953
2023-03-10,117.97000122070312,118.0199966430664,115.2300033569336,115.45999908447266,1005300,0.0,115.45999908447266
2023-03-13,114.30999755859375,115.80999755859375,113.63999938964844,115.02999877929688,1144700,0.0,115.02999877929688
2023-03-14,118.06999969482422,118.48999786376953,117.1500015258789,118.12000274658203,862000,0.0,118.12000274658203
2023-03-15,114.33999633789062,115.69999694824219,113.69999694824219,115.5999984741211,1111300,0.0,115.5999984741211
2023-03-16,116.37999725341797,120.4000015258789,116.20999908447266,120.30000305175781,1052700,0.0,120.30000305175781
2023-03-17,119.06999969482422,120.22000122070312,118.08999633789062,119.22000122070312,1040300,0.0,119.22000122070312
2023-03-20,121.33999633789062,121.4800033569336,120.5199966430664,121.37999725341797,771600,0.0,121.37999725341797
2023-03-21,122.43000030517578,123.61000061035156,122.12000274658203,123.4800033569336,594200,0.0,123.4800033569336
2023-03-22,122.81999969482422,124.47000122070312,122.22000122070312,122.23999786376953,480500,0.0,122.23999786376953
2023-03-23,124.04000091552734,125.27999877929688,123.05000305175781,123.73999786376953,599500,0.0,123.73999786376953
2023-03-24,123.11000061035156,123.54000091552734,122.02999877929688,123.29000091552734,907100,0.0,123.29000091552734
2023-03-27,123.8499984741211,124.38999938964844,122.98999786376953,123.25,571100,0.0,123.25
2023-03-28,123.55000305175781,123.6500015258789,122.73999786376953,123.47000122070312,631400,0.0,123.47000122070312
2023-03-29,123.58000183105469,124.55999755859375,123.54000091552734,124.31999969482422,915900,0.0,124.31999969482422
2023-03-30,125.51000213623047,126.06999969482422,125.11000061035156,126.06999969482422,746000,0.0,126.06999969482422
2023-03-31,125.83999633789062,126.7699966430664,125.7300033569336,126.55000305175781,668200,0.0,126.55000305175781
2023-04-03,126.18000030517578,126.43000030517578,125.56999969482422,126.31999969482422,876300,0.0,126.31999969482422
2023-04-04,126.94999694824219,127.86000061035156,126.91000366210938,127.80999755859375,788200,0.0,127.80999755859375
2023-04-05,128.00999450683594,128.22999572753906,126.27999877929688,126.73999786376953,665600,0.0,126.73999786376953
2023-04-06,128.0,128.8800048828125,127.19999694824219,128.7100067138672,989500,0.0,128.7100067138672
2023-04-10,127.5999984741211,127.5999984741211,125.80000305175781,127.44999694824219,604300,0.0,127.44999694824219
2023-04-11,126.69000244140625,127.05000305175781,126.3499984741211,126.54000091552734,1146800,0.0,126.54000091552734
2023-04-12,127.58999633789062,128.1199951171875,126.79000091552734,127.11000061035156,1318400,0.0,127.11000061035156
2023-04-13,127.05999755859375,128.49000549316406,127.05999755859375,128.0500030517578,1132100,0.0,128.0500030517578
2023-04-14,127.72000122070312,128.1699981689453,126.69999694824219,127.41999816894531,980000,0.0,127.41999816894531
2023-04-17,127.75,127.94999694824219,126.66999816894531,127.19999694824219,1387900,0.0,127.19999694824219
2023-04-18,128.1300048828125,128.3000030517578,127.3499984741211,127.63999938964844,1417100,0.0,127.63999938964844
2023-04-19,127.66999816894531,127.7699966430664,127.05999755859375,127.30000305175781,1512200,0.0,127.30000305175781
2023-04-20,126.93000030517578,127.72000122070312,126.4000015258789,126.86000061035156,1512400,0.0,126.86000061035156
2023-04-21,132.1300048828125,134.63999938964844,131.8000030517578,133.9499969482422,2742800,0.0,133.9499969482422
2023-04-24,132.88999938964844,133.74000549316406,131.9199981689453,132.5399932861328,1406600,0.0,132.5399932861328
2023-04-25,134.4600067138672,135.6699981689453,133.41000366210938,133.42999267578125,1427200,0.0,133.42999267578125
2023-04-26,135.61000061035156,135.61000061035156,133.1199951171875,133.35000610351562,1346400,0.0,133.35000610351562
2023-04-27,135.7899932861328,136.85000610351562,135.00999450683594,136.64999389648438,967500,0.0,136.64999389648438
2023-04-28,135.33999633789062,135.7100067138672,134.8300018310547,135.27000427246094,747500,0.0,135.27000427246094
2023-05-01,135.57000732421875,135.57000732421875,134.44000244140625,134.47999572753906,467200,0.0,134.47999572753906
2023-05-02,133.61000061035156,134.5,133.49000549316406,134.36000061035156,867600,0.0,134.36000061035156
2023-05-03,136.0800018310547,137.32000732421875,135.27999877929688,135.77999877929688,1414800,0.0,135.77999877929688
2023-05-04,133.86000061035156,134.63999938964844,133.44000244140625,134.08999633789062,692500,0.0,134.08999633789062
2023-05-05,134.1300048828125,135.0,134.0,134.75999450683594,623800,0.0,134.75999450683594
2023-05-08,136.05999755859375,136.1999969482422,135.22000122070312,135.77999877929688,718500,0.0,135.77999877929688
2023-05-09,133.9600067138672,135.10000610351562,133.83999633789062,134.67999267578125,674800,0.0,134.67999267578125
2023-05-10,134.83999633789062,135.41000366210938,133.85000610351562,134.8300018310547,733600,0.0,134.8300018310547
2023-05-11,134.07000732421875,134.1300048828125,132.80999755859375,133.69000244140625,756900,0.0,133.69000244140625
2023-05-12,131.7899932861328,132.02000427246094,131.2899932861328,131.5800018310547,655500,2.186,131.5800018310547
2023-05-15,130.36000061035156,134.0500030517578,130.10000610351562,131.3000030517578,1864700,0.0,131.3000030517578
2023-05-16,131.32000732421875,133.88999938964844,131.2100067138672,133.16000366210938,2324800,0.0,133.16000366210938
2023-05-17,133.39999389648438,133.5800018310547,131.63999938964844,132.6199951171875,995600,0.0,132.6199951171875
2023-05-18,133.39999389648438,134.14999389648438,133.11000061035156,133.89999389648438,954700,0.0,133.89999389648438
2023-05-19,134.5800018310547,135.1199951171875,134.27999877929688,134.27999877929688,696700,0.0,134.27999877929688
2023-05-22,133.47000122070312,133.92999267578125,133.25999450683594,133.2899932861328,693500,0.0,133.2899932861328
2023-05-23,132.52999877929688,132.80999755859375,129.7100067138672,129.8300018310547,1170700,0.0,129.8300018310547
2023-05-24,129.6300048828125,129.6300048828125,128.77000427246094,129.2100067138672,717300,0.0,129.2100067138672
2023-05-25,129.8000030517578,129.82000732421875,128.83999633789062,129.44000244140625,1352200,0.0,129.44000244140625
2023-05-26,130.1300048828125,131.6300048828125,130.0399932861328,131.41000366210938,832100,0.0,131.41000366210938
2023-05-30,131.91000366210938,132.07000732421875,130.1199951171875,130.24000549316406,729100,0.0,130.24000549316406
2023-05-31,130.47999572753906,130.8699951171875,129.14999389648438,130.44000244140625,1325000,0.0,130.44000244140625
2023-06-01,131.14999389648438,132.3699951171875,130.6199951171875,132.1699981689453,783400,0.0,132.1699981689453
2023-06-02,133.25999450683594,133.52999877929688,132.50999450683594,132.97000122070312,532500,0.0,132.97000122070312
2023-06-05,132.3000030517578,132.3300018310547,131.25999450683594,131.5,515100,0.0,131.5
2023-06-06,132.16000366210938,132.24000549316406,131.52000427246094,131.83999633789062,551900,0.0,131.83999633789062
2023-06-07,132.75,133.25999450683594,131.47999572753906,131.6999969482422,805200,0.0,131.6999969482422
2023-06-08,132.00999450683594,133.2899932861328,131.9600067138672,133.2100067138672,417100,0.0,133.2100067138672
2023-06-09,132.9499969482422,133.60000610351562,132.0500030517578,132.72000122070312,499300,0.0,132.72000122070312
2023-06-12,131.9600067138672,133.94000244140625,131.74000549316406,133.77000427246094,1084100,0.0,133.77000427246094
2023-06-13,134.66000366210938,135.83999633789062,134.02999877929688,135.2899932861328,766600,0.0,135.2899932861328
2023-06-14,134.63999938964844,136.36000061035156,134.47000122070312,135.55999755859375,505900,0.0,135.55999755859375
2023-06-15,134.9199981689453,137.05999755859375,134.6199951171875,137.0399932861328,688500,0.0,137.0399932861328
2023-06-16,139.0399932861328,139.25,137.19000244140625,137.27999877929688,983300,0.0,137.27999877929688
2023-06-20,136.05999755859375,136.8300018310547,135.47999572753906,136.00999450683594,686200,0.0,136.00999450683594
2023-06-21,135.57000732421875,135.67999267578125,134.3800048828125,134.7899932861328,824500,0.0,134.7899932861328
2023-06-22,134.3800048828125,135.4199981689453,134.3000030517578,135.11000061035156,697700,0.0,135.11000061035156
2023-06-23,133.6999969482422,134.1199951171875,133.27999877929688,133.47000122070312,477900,0.0,133.47000122070312
2023-06-26,133.10000610351562,133.2100067138672,132.25,132.42999267578125,474200,0.0,132.42999267578125
2023-06-27,132.49000549316406,133.1999969482422,132.00999450683594,133.00999450683594,682600,0.0,133.00999450683594
2023-06-28,133.75,134.97000122070312,133.6999969482422,134.27000427246094,679700,0.0,134.27000427246094
2023-06-29,134.3000030517578,134.42999267578125,133.5399932861328,134.42999267578125,454400,0.0,134.42999267578125
2023-06-30,135.4600067138672,137.14999389648438,135.32000732421875,136.80999755859375,1073400,0.0,136.80999755859375
2023-07-03,135.6699981689453,135.88999938964844,133.86000061035156,134.5500030517578,612200,0.0,134.5500030517578
2023-07-05,133.6999969482422,134.47999572753906,133.47000122070312,134.39999389648438,1265100,0.0,134.39999389648438
2023-07-06,132.8300018310547,132.9199981689453,131.49000549316406,132.42999267578125,817500,0.0,132.42999267578125
2023-07-07,132.77000427246094,134.0,132.60000610351562,133.25999450683594,1029300,0.0,133.25999450683594
2023-07-10,133.38999938964844,135.0399932861328,133.3699951171875,134.8800048828125,1067600,0.0,134.8800048828125
2023-07-11,135.2899932861328,136.44000244140625,134.91000366210938,136.32000732421875,1114200,0.0,136.32000732421875
2023-07-12,138.69000244140625,140.7899932861328,138.0800018310547,140.5800018310547,1524800,0.0,140.5800018310547
2023-07-13,142.39999389648438,144.16000366210938,142.33999633789062,143.9600067138672,1576400,0.0,143.9600067138672
2023-07-14,144.0399932861328,144.89999389648438,144.0399932861328,144.35000610351562,762700,0.0,144.35000610351562
2023-07-17,142.86000061035156,145.10000610351562,142.77000427246094,144.99000549316406,1143100,0.0,144.99000549316406
2023-07-18,144.3800048828125,145.0,143.25,144.91000366210938,928000,0.0,144.91000366210938
2023-07-19,143.6300048828125,144.33999633789062,142.3800048828125,143.0,1121200,0.0,143.0
2023-07-20,140.86000061035156,141.50999450683594,133.0399932861328,133.92999267578125,2770100,0.0,133.92999267578125
2023-07-21,135.75,136.13999938964844,133.82000732421875,134.02000427246094,1909500,0.0,134.02000427246094
2023-07-24,133.52000427246094,133.55999755859375,132.22999572753906,132.38999938964844,1096400,0.0,132.38999938964844
2023-07-25,132.11000061035156,133.02000427246094,131.8300018310547,132.61000061035156,996700,0.0,132.61000061035156
2023-07-26,131.4499969482422,132.58999633789062,131.11000061035156,132.33999633789062,841000,0.0,132.33999633789062
2023-07-27,135.44000244140625,136.25999450683594,133.97999572753906,134.07000732421875,909800,0.0,134.07000732421875
2023-07-28,135.8300018310547,136.83999633789062,135.39999389648438,136.80999755859375,1022900,0.0,136.80999755859375
2023-07-31,137.27000427246094,137.6999969482422,136.3000030517578,136.35000610351562,828500,0.0,136.35000610351562
2023-08-01,136.32000732421875,136.69000244140625,135.72000122070312,136.38999938964844,807400,0.0,136.38999938964844
2023-08-02,135.1699981689453,135.17999267578125,132.7899932861328,133.2100067138672,829500,0.0,133.2100067138672
2023-08-03,132.2100067138672,132.77999877929688,131.91000366210938,132.1999969482422,463400,0.0,132.1999969482422
2023-08-04,133.0500030517578,134.50999450683594,132.50999450683594,132.9600067138672,645600,0.0,132.9600067138672
2023-08-07,135.52000427246094,135.8699951171875,134.47000122070312,135.8000030517578,594800,0.0,135.8000030517578
2023-08-08,133.5500030517578,134.8000030517578,133.17999267578125,134.6300048828125,1218500,0.0,134.6300048828125
2023-08-09,134.74000549316406,136.22000122070312,134.5500030517578,135.52000427246094,1402900,0.0,135.52000427246094
2023-08-10,137.97000122070312,139.50999450683594,137.5500030517578,137.88999938964844,1222300,0.0,137.88999938964844
2023-08-11,136.97000122070312,137.72999572753906,136.57000732421875,137.64999389648438,1340100,0.0,137.64999389648438
2023-08-14,137.77000427246094,139.0,137.57000732421875,138.9499969482422,662800,0.0,138.9499969482422
2023-08-15,138.0800018310547,138.60000610351562,137.41000366210938,137.69000244140625,808600,0.0,137.69000244140625
2023-08-16,138.32000732421875,139.08999633789062,137.33999633789062,137.4199981689453,710800,0.0,137.4199981689453
2023-08-17,136.47999572753906,136.69000244140625,134.13999938964844,134.33999633789062,1063300,0.0,134.33999633789062
2023-08-18,133.97999572753906,135.66000366210938,133.63999938964844,135.36000061035156,1050800,0.0,135.36000061035156
2023-08-21,136.08999633789062,136.9600067138672,135.52000427246094,136.7100067138672,562900,0.0,136.7100067138672
2023-08-22,138.83999633789062,138.97999572753906,138.02999877929688,138.47000122070312,629600,0.0,138.47000122070312
2023-08-23,138.47999572753906,140.5500030517578,138.47999572753906,140.13999938964844,680700,0.0,140.13999938964844
2023-08-24,138.82000732421875,138.86000061035156,135.4600067138672,135.5800018310547,837000,0.0,135.5800018310547
2023-08-25,136.91000366210938,137.97999572753906,135.38999938964844,137.4600067138672,793300,0.0,137.4600067138672
2023-08-28,137.94000244140625,138.72000122070312,137.55999755859375,138.33999633789062,556700,0.0,138.33999633789062
2023-08-29,137.5500030517578,140.13999938964844,137.5500030517578,140.0500030517578,403100,0.0,140.0500030517578
2023-08-30,140.17999267578125,141.17999267578125,140.17999267578125,140.63999938964844,374300,0.0,140.63999938964844
2023-08-31,140.69000244140625,141.33999633789062,139.47999572753906,139.69000244140625,557200,0.0,139.69000244140625
2023-09-01,140.52000427246094,140.6199951171875,137.86000061035156,138.19000244140625,533700,0.0,138.19000244140625
2023-09-05,137.80999755859375,138.1300048828125,137.1300048828125,137.6699981689453,443300,0.0,137.6699981689453
2023-09-06,138.2899932861328,138.8000030517578,137.64999389648438,138.74000549316406,550000,0.0,138.74000549316406
2023-09-07,139.33999633789062,140.10000610351562,138.80999755859375,139.9499969482422,623900,0.0,139.9499969482422
2023-09-08,140.2899932861328,141.3800048828125,140.2899932861328,140.4600067138672,574100,0.0,140.4600067138672
2023-09-11,139.1199951171875,139.22999572753906,138.02999877929688,139.1699981689453,678600,0.0,139.1699981689453
2023-09-12,135.14999389648438,136.3000030517578,135.02000427246094,135.25,975500,0.0,135.25
2023-09-13,135.60000610351562,136.25999450683594,134.92999267578125,135.75,590400,0.0,135.75
2023-09-14,135.6300048828125,136.27000427246094,135.02000427246094,135.99000549316406,785300,0.0,135.99000549316406
2023-09-15,135.75,136.25,135.00999450683594,135.24000549316406,770400,0.0,135.24000549316406
2023-09-18,134.4199981689453,135.69000244140625,134.4199981689453,135.24000549316406,536200,0.0,135.24000549316406
2023-09-19,134.52000427246094,135.1199951171875,133.94000244140625,134.6999969482422,652400,0.0,134.6999969482422
2023-09-20,134.38999938964844,135.0500030517578,133.52999877929688,133.52999877929688,632100,0.0,133.52999877929688
2023-09-21,132.94000244140625,133.4600067138672,131.05999755859375,131.16000366210938,1481800,0.0,131.16000366210938
2023-09-22,132.25999450683594,133.49000549316406,131.99000549316406,132.64999389648438,746600,0.0,132.64999389648438
2023-09-25,131.6999969482422,132.13999938964844,131.22000122070312,131.9499969482422,576000,0.0,131.9499969482422
2023-09-26,128.86000061035156,129.83999633789062,126.93000030517578,127.18000030517578,1159900,0.0,127.18000030517578
2023-09-27,128.27000427246094,128.50999450683594,126.87000274658203,127.68000030517578,739800,0.0,127.68000030517578
2023-09-28,127.19999694824219,128.83999633789062,126.75,127.94999694824219,1486200,0.0,127.94999694824219
2023-09-29,131.1199951171875,131.22999572753906,128.88999938964844,129.32000732421875,855300,0.0,129.32000732421875
2023-10-02,129.24000549316406,129.58999633789062,127.83999633789062,128.55999755859375,651500,0.0,128.55999755859375
2023-10-03,128.3800048828125,128.8300018310547,127.33999633789062,127.94000244140625,654800,0.0,127.94000244140625
2023-10-04,128.75,129.44000244140625,127.48999786376953,128.92999267578125,529100,0.0,128.92999267578125
2023-10-05,128.8300018310547,129.58999633789062,128.10000610351562,129.55999755859375,816900,0.0,129.55999755859375
2023-10-06,128.72999572753906,131.47000122070312,128.14999389648438,130.9199981689453,1055100,0.0,130.9199981689453
2023-10-09,129.0,129.94000244140625,128.41000366210938,129.91000366210938,1507600,0.0,129.91000366210938
2023-10-10,131.02999877929688,131.77000427246094,130.57000732421875,131.1999969482422,1052600,0.0,131.1999969482422
2023-10-11,131.6999969482422,132.57000732421875,131.47000122070312,132.38999938964844,995200,0.0,132.38999938964844
2023-10-12,132.5399932861328,133.17999267578125,131.27000427246094,131.66000366210938,1034000,0.0,131.66000366210938
2023-10-13,130.6999969482422,130.8000030517578,127.80000305175781,128.7899932861328,1352400,0.0,128.7899932861328
2023-10-16,129.3000030517578,130.8699951171875,128.97999572753906,130.6999969482422,1988400,0.0,130.6999969482422
2023-10-17,128.8000030517578,131.02999877929688,128.42999267578125,130.49000549316406,1112800,0.0,130.49000549316406
2023-10-18,128.22999572753906,129.1199951171875,127.30000305175781,127.61000061035156,1782900,0.0,127.61000061035156
2023-10-19,134.4199981689453,135.8000030517578,133.13999938964844,133.3800048828125,2078600,0.0,133.3800048828125
2023-10-20,132.6699981689453,132.99000549316406,130.64999389648438,130.6999969482422,1356000,0.0,130.6999969482422
2023-10-23,131.14999389648438,132.8300018310547,130.0800018310547,132.1999969482422,732600,0.0,132.1999969482422
2023-10-24,132.97000122070312,133.82000732421875,132.58999633789062,133.6699981689453,675700,0.0,133.6699981689453
2023-10-25,132.49000549316406,132.88999938964844,130.67999267578125,130.7100067138672,840700,0.0,130.7100067138672
2023-10-26,131.9499969482422,132.42999267578125,130.6300048828125,131.22000122070312,1082900,0.0,131.22000122070312
2023-10-27,132.57000732421875,132.9600067138672,131.02999877929688,131.38999938964844,690400,0.0,131.38999938964844
2023-10-30,132.77000427246094,134.08999633789062,132.3300018310547,133.64999389648438,878400,0.0,133.64999389648438
2023-10-31,133.83999633789062,134.4199981689453,133.4600067138672,134.0,758500,0.0,134.0
2023-11-01,134.24000549316406,136.08999633789062,134.17999267578125,136.0800018310547,618100,0.0,136.0800018310547
2023-11-02,138.8699951171875,139.17999267578125,137.97999572753906,138.5800018310547,712000,0.0,138.5800018310547
2023-11-03,138.74000549316406,139.44000244140625,138.13999938964844,138.97999572753906,764900,0.0,138.97999572753906
2023-11-06,138.44000244140625,138.7899932861328,137.77000427246094,138.5500030517578,488800,0.0,138.5500030517578
2023-11-07,140.08999633789062,141.47000122070312,139.75999450683594,140.66000366210938,461700,0.0,140.66000366210938
2023-11-08,141.7100067138672,142.63999938964844,141.7100067138672,142.1699981689453,662700,0.0,142.1699981689453
2023-11-09,143.0500030517578,144.32000732421875,142.38999938964844,142.4499969482422,711500,0.0,142.4499969482422
2023-11-10,143.30999755859375,145.14999389648438,143.00999450683594,145.10000610351562,609300,0.0,145.10000610351562
2023-11-13,143.89999389648438,145.10000610351562,143.72000122070312,145.02999877929688,400200,0.0,145.02999877929688
2023-11-14,148.08999633789062,148.25,146.99000549316406,147.66000366210938,693700,0.0,147.66000366210938
2023-11-15,148.16000366210938,149.13999938964844,147.60000610351562,148.52000427246094,902600,0.0,148.52000427246094
2023-11-16,148.67999267578125,149.66000366210938,148.10000610351562,148.58999633789062,835400,0.0,148.58999633789062
2023-11-17,149.3000030517578,150.08999633789062,148.94000244140625,149.9499969482422,439900,0.0,149.9499969482422
2023-11-20,152.5399932861328,153.47999572753906,152.47999572753906,153.3000030517578,750700,0.0,153.3000030517578
2023-11-21,153.10000610351562,153.55999755859375,152.22999572753906,152.5,697800,0.0,152.5
2023-11-22,154.30999755859375,154.47999572753906,153.00999450683594,153.16000366210938,1184100,0.0,153.16000366210938
2023-11-24,154.27000427246094,154.52999877929688,153.89999389648438,154.19000244140625,276100,0.0,154.19000244140625
2023-11-27,154.55999755859375,155.30999755859375,154.44000244140625,154.94000244140625,719900,0.0,154.94000244140625
2023-11-28,155.5,156.72000122070312,155.3699951171875,156.3000030517578,583900,0.0,156.3000030517578
2023-11-29,158.27999877929688,159.0800018310547,158.0500030517578,158.6300048828125,584500,0.0,158.6300048828125
2023-11-30,159.14999389648438,159.3699951171875,157.97000122070312,159.1199951171875,920400,0.0,159.1199951171875
2023-12-01,158.38999938964844,160.35000610351562,158.14999389648438,160.08999633789062,810900,0.0,160.08999633789062
2023-12-04,158.77000427246094,159.5,157.89999389648438,159.27000427246094,670300,0.0,159.27000427246094
2023-12-05,158.4600067138672,159.44000244140625,158.25999450683594,159.36000061035156,566900,0.0,159.36000061035156
2023-12-06,159.8300018310547,159.94000244140625,158.05999755859375,158.10000610351562,588900,0.0,158.10000610351562
2023-12-07,158.5800018310547,159.47000122070312,158.2899932861328,159.33999633789062,635000,0.0,159.33999633789062
2023-12-08,158.35000610351562,160.22999572753906,158.24000549316406,160.16000366210938,685400,0.0,160.16000366210938
2023-12-11,156.50999450683594,159.17999267578125,156.50999450683594,159.1300048828125,1078700,0.0,159.1300048828125
2023-12-12,157.7899932861328,159.17999267578125,157.7899932861328,158.25999450683594,736400,0.0,158.25999450683594
2023-12-13,158.47999572753906,159.83999633789062,157.44000244140625,159.77000427246094,859800,0.0,159.77000427246094
2023-12-14,156.67999267578125,157.14999389648438,155.1300048828125,156.00999450683594,1090300,0.0,156.00999450683594
2023-12-15,154.39999389648438,154.77000427246094,153.1999969482422,153.5,1251200,0.0,153.5
2023-12-18,154.47999572753906,155.1300048828125,153.64999389648438,154.89999389648438,933300,0.0,154.89999389648438
2023-12-19,155.0800018310547,155.50999450683594,151.0,155.0800018310547,1018600,0.0,155.0800018310547
2023-12-20,153.4499969482422,153.66000366210938,150.8800048828125,151.13999938964844,901900,0.0,151.13999938964844
2023-12-21,151.32000732421875,152.2100067138672,150.83999633789062,152.17999267578125,759400,0.0,152.17999267578125
2023-12-22,152.02999877929688,152.88999938964844,151.8699951171875,152.6999969482422,448400,0.0,152.6999969482422
2023-12-26,152.52000427246094,153.44000244140625,152.52000427246094,153.17999267578125,279700,0.0,153.17999267578125
2023-12-27,154.86000061035156,156.0,154.82000732421875,155.89999389648438,911600,0.0,155.89999389648438
2023-12-28,155.13999938964844,155.55999755859375,154.3300018310547,154.3300018310547,1295500,0.0,154.3300018310547
2023-12-29,154.0,155.05999755859375,154.0,154.58999633789062,432200,0.0,154.58999633789062
2024-01-02,151.1699981689453,151.27999877929688,149.72999572753906,150.2100067138672,918400,0.0,150.2100067138672
2024-01-03,150.0,150.47000122070312,149.42999267578125,149.7899932861328,945400,0.0,149.7899932861328
2024-01-04,149.5399932861328,149.75,148.3800048828125,148.52000427246094,905700,0.0,148.52000427246094
2024-01-05,149.47000122070312,151.08999633789062,149.4499969482422,149.85000610351562,576300,0.0,149.85000610351562
2024-01-08,151.42999267578125,152.69000244140625,151.36000061035156,152.55999755859375,606100,0.0,152.55999755859375
2024-01-09,151.16000366210938,152.4499969482422,151.16000366210938,152.14999389648438,466600,0.0,152.14999389648438
2024-01-10,154.83999633789062,156.25999450683594,154.24000549316406,155.83999633789062,961800,0.0,155.83999633789062
2024-01-11,156.64999389648438,157.25999450683594,154.9600067138672,156.50999450683594,484700,0.0,156.50999450683594
2024-01-12,157.97999572753906,158.92999267578125,157.6699981689453,158.5399932861328,603900,0.0,158.5399932861328
2024-01-16,156.77999877929688,157.4499969482422,156.27999877929688,156.82000732421875,523800,0.0,156.82000732421875
2024-01-17,156.82000732421875,157.91000366210938,155.82000732421875,157.77999877929688,615700,0.0,157.77999877929688
2024-01-18,159.00999450683594,160.52999877929688,158.94000244140625,160.42999267578125,967100,0.0,160.42999267578125
2024-01-19,161.17999267578125,163.72000122070312,161.1300048828125,163.4499969482422,763800,0.0,163.4499969482422
2024-01-22,162.8800048828125,163.72999572753906,162.69000244140625,163.2100067138672,762700,0.0,163.2100067138672
2024-01-23,161.19000244140625,163.38999938964844,161.07000732421875,163.3800048828125,1157100,0.0,163.3800048828125
2024-01-24,174.5500030517578,176.38999938964844,173.25999450683594,174.61000061035156,2737500,0.0,174.61000061035156
2024-01-25,175.9499969482422,175.97000122070312,172.3300018310547,173.44000244140625,1773700,0.0,173.44000244140625
2024-01-26,173.30999755859375,174.1199951171875,173.0500030517578,173.67999267578125,1070500,0.0,173.67999267578125
2024-01-29,174.16000366210938,176.4499969482422,173.94000244140625,176.33999633789062,642000,0.0,176.33999633789062
2024-01-30,176.39999389648438,176.60000610351562,175.25,175.72999572753906,631600,0.0,175.72999572753906
2024-01-31,175.63999938964844,176.0800018310547,173.0500030517578,173.10000610351562,685900,0.0,173.10000610351562
2024-02-01,175.11000061035156,177.32000732421875,174.9499969482422,177.22000122070312,601600,0.0,177.22000122070312
2024-02-02,176.5,177.5500030517578,175.64999389648438,177.05999755859375,851500,0.0,177.05999755859375
2024-02-05,176.27999877929688,177.49000549316406,175.83999633789062,177.0399932861328,661000,0.0,177.0399932861328
2024-02-06,179.1699981689453,179.42999267578125,178.0500030517578,178.7899932861328,602300,0.0,178.7899932861328
2024-02-07,180.07000732421875,181.57000732421875,179.94000244140625,181.17999267578125,619900,0.0,181.17999267578125
2024-02-08,180.5,181.17999267578125,180.25999450683594,181.16000366210938,558000,0.0,181.16000366210938
2024-02-09,181.66000366210938,181.94000244140625,180.85000610351562,181.5500030517578,446900,0.0,181.5500030517578
2024-02-12,179.88999938964844,180.8300018310547,179.08999633789062,179.38999938964844,607300,0.0,179.38999938964844
2024-02-13,173.25,174.60000610351562,173.08999633789062,173.97999572753906,1023600,0.0,173.97999572753906
2024-02-14,175.8699951171875,177.50999450683594,175.8300018310547,177.47000122070312,583600,0.0,177.47000122070312
2024-02-15,177.25999450683594,177.6300048828125,176.3699951171875,177.60000610351562,581100,0.0,177.60000610351562
2024-02-16,176.6199951171875,178.08999633789062,175.9600067138672,176.91000366210938,456600,0.0,176.91000366210938
2024-02-20,177.0800018310547,177.6199951171875,175.7100067138672,176.60000610351562,471800,0.0,176.60000610351562
2024-02-21,175.36000061035156,176.0500030517578,174.8800048828125,175.9199981689453,494700,0.0,175.9199981689453
2024-02-22,180.3300018310547,181.6999969482422,180.2100067138672,181.69000244140625,573300,0.0,181.69000244140625
2024-02-23,183.5,184.4600067138672,183.17999267578125,184.22000122070312,731200,0.0,184.22000122070312
2024-02-26,187.83999633789062,188.13999938964844,187.2899932861328,187.50999450683594,612000,0.0,187.50999450683594
2024-02-27,188.44000244140625,189.8300018310547,188.0500030517578,189.1699981689453,786900,0.0,189.1699981689453
2024-02-28,186.99000549316406,187.08999633789062,186.08999633789062,186.6699981689453,533600,0.0,186.6699981689453
2024-02-29,187.33999633789062,188.1999969482422,186.1300048828125,187.8699951171875,591700,0.0,187.8699951171875
2024-03-01,187.02999877929688,188.57000732421875,186.80999755859375,188.52999877929688,641300,0.0,188.52999877929688
2024-03-04,189.36000061035156,191.3300018310547,189.17999267578125,190.82000732421875,659300,0.0,190.82000732421875
2024-03-05,191.22999572753906,191.33999633789062,186.58999633789062,187.4600067138672,816100,0.0,187.4600067138672
2024-03-06,190.1999969482422,191.77999877929688,189.9600067138672,190.67999267578125,599600,0.0,190.67999267578125
2024-03-07,193.25,195.99000549316406,193.1199951171875,195.57000732421875,961400,0.0,195.57000732421875
2024-03-08,194.25,194.82000732421875,192.38999938964844,192.99000549316406,647400,0.0,192.99000549316406
2024-03-11,188.52000427246094,190.10000610351562,188.3699951171875,189.8300018310547,1213400,0.0,189.8300018310547
2024-03-12,191.3000030517578,193.92999267578125,190.6699981689453,193.8300018310547,668200,0.0,193.8300018310547
2024-03-13,192.8800048828125,193.02999877929688,191.35000610351562,192.50999450683594,676500,0.0,192.50999450683594
2024-03-14,191.9600067138672,192.52000427246094,189.5,190.4499969482422,659000,0.0,190.4499969482422
2024-03-15,188.72000122070312,188.85000610351562,187.1999969482422,188.30999755859375,756500,0.0,188.30999755859375
2024-03-18,188.60000610351562,189.0399932861328,186.57000732421875,186.77000427246094,684500,0.0,186.77000427246094
2024-03-19,187.67999267578125,188.75,187.10000610351562,188.7100067138672,442600,0.0,188.7100067138672
2024-03-20,188.77000427246094,190.5399932861328,188.0500030517578,190.3800048828125,412400,0.0,190.3800048828125
2024-03-21,192.39999389648438,196.61000061035156,192.07000732421875,194.80999755859375,617700,0.0,194.80999755859375
2024-03-22,194.52000427246094,195.9499969482422,193.72000122070312,195.35000610351562,533300,0.0,195.35000610351562
2024-03-25,195.14999389648438,196.24000549316406,194.77999877929688,195.27999877929688,419500,0.0,195.27999877929688
2024-03-26,197.67999267578125,198.55999755859375,196.5800018310547,196.66000366210938,556900,0.0,196.66000366210938
2024-03-27,199.1999969482422,199.2899932861328,196.27999877929688,197.08999633789062,852700,0.0,197.08999633789062
2024-03-28,195.49000549316406,196.3000030517578,194.5,195.02999877929688,376200,0.0,195.02999877929688
2024-04-01,196.3699951171875,197.02000427246094,195.3800048828125,196.02999877929688,554200,0.0,196.02999877929688
2024-04-02,192.3300018310547,192.5500030517578,190.3300018310547,192.1199951171875,644900,0.0,192.1199951171875
2024-04-03,190.9600067138672,193.5800018310547,190.8699951171875,193.24000549316406,870000,0.0,193.24000549316406
2024-04-04,193.22000122070312,194.02000427246094,191.02999877929688,191.02999877929688,1249400,0.0,191.02999877929688
2024-04-05,191.41000366210938,193.22999572753906,190.9499969482422,191.82000732421875,639300,0.0,191.82000732421875
2024-04-08,192.77999877929688,193.4600067138672,191.58999633789062,191.6300048828125,519600,0.0,191.6300048828125
2024-04-09,189.8000030517578,190.1300048828125,186.7100067138672,187.88999938964844,995400,0.0,187.88999938964844
2024-04-10,184.8800048828125,185.8300018310547,183.5,184.22000122070312,682400,0.0,184.22000122070312
2024-04-11,183.97999572753906,185.97000122070312,181.99000549316406,185.6699981689453,1037200,0.0,185.6699981689453
2024-04-12,181.58999633789062,182.75,180.57000732421875,180.77999877929688,987000,0.0,180.77999877929688
2024-04-15,184.1699981689453,184.4499969482422,180.1999969482422,180.22999572753906,529700,0.0,180.22999572753906
2024-04-16,181.5,182.33999633789062,180.1300048828125,180.55999755859375,799400,0.0,180.55999755859375
2024-04-17,181.75999450683594,181.75999450683594,179.22999572753906,179.94000244140625,489600,0.0,179.94000244140625
2024-04-18,179.91000366210938,180.8300018310547,178.0800018310547,178.63999938964844,1502900,0.0,178.63999938964844
2024-04-19,178.2100067138672,178.6300048828125,175.0800018310547,175.77000427246094,954100,0.0,175.77000427246094
2024-04-22,176.58999633789062,178.99000549316406,176.13999938964844,178.17999267578125,1062900,0.0,178.17999267578125
2024-04-23,184.8300018310547,188.25,184.82000732421875,188.00999450683594,1649200,0.0,188.00999450683594
2024-04-24,188.52999877929688,189.27000427246094,186.61000061035156,188.07000732421875,1188900,0.0,188.07000732421875
2024-04-25,181.3699951171875,185.27000427246094,180.16000366210938,185.08999633789062,1557100,0.0,185.08999633789062
2024-04-26,185.69000244140625,186.8699951171875,185.5800018310547,186.17999267578125,920900,0.0,186.17999267578125
2024-04-29,184.77000427246094,184.85000610351562,183.07000732421875,183.77000427246094,476700,0.0,183.77000427246094
2024-04-30,182.64999389648438,183.4600067138672,180.9199981689453,181.2100067138672,773200,0.0,181.2100067138672
2024-05-01,181.6999969482422,183.42999267578125,179.14999389648438,180.07000732421875,622200,0.0,180.07000732421875
2024-05-02,181.49000549316406,181.63999938964844,179.7100067138672,180.63999938964844,731400,0.0,180.63999938964844
2024-05-03,183.61000061035156,184.25999450683594,182.8300018310547,183.4499969482422,377200,0.0,183.4499969482422
2024-05-06,183.99000549316406,185.47000122070312,183.72000122070312,185.41000366210938,419200,0.0,185.41000366210938
2024-05-07,187.0399932861328,188.30999755859375,186.64999389648438,187.5399932861328,483600,0.0,187.5399932861328
2024-05-08,188.88999938964844,190.3699951171875,188.63999938964844,190.30999755859375,907600,0.0,190.30999755859375
2024-05-09,190.41000366210938,192.02999877929688,190.17999267578125,191.99000549316406,652600,0.0,191.99000549316406
2024-05-10,189.6999969482422,190.69000244140625,189.41000366210938,190.0500030517578,541800,0.0,190.0500030517578
2024-05-13,190.91000366210938,191.1999969482422,189.7100067138672,189.9600067138672,356200,0.0,189.9600067138672
2024-05-14,189.14999389648438,189.92999267578125,188.52999877929688,189.6999969482422,495700,0.0,189.6999969482422
2024-05-15,189.97999572753906,192.4499969482422,189.83999633789062,192.44000244140625,528300,0.0,192.44000244140625
2024-05-16,192.5500030517578,192.91000366210938,190.63999938964844,190.6699981689453,855300,2.385,190.6699981689453
2024-05-17,191.1199951171875,193.08999633789062,190.8000030517578,192.8000030517578,570000,0.0,192.8000030517578
2024-05-20,194.13999938964844,195.75,193.85000610351562,195.3000030517578,701800,0.0,195.3000030517578
2024-05-21,195.19000244140625,195.80999755859375,194.58999633789062,194.72000122070312,843000,0.0,194.72000122070312
2024-05-22,194.0,195.0800018310547,193.6300048828125,193.91000366210938,540800,0.0,193.91000366210938
2024-05-23,196.75,196.99000549316406,193.97000122070312,195.02000427246094,844100,0.0,195.02000427246094
2024-05-24,194.6199951171875,195.63999938964844,193.25999450683594,195.3800048828125,651800,0.0,195.3800048828125
2024-05-28,193.91000366210938,194.0399932861328,191.6699981689453,192.52000427246094,794900,0.0,192.52000427246094
2024-05-29,189.9600067138672,191.13999938964844,189.74000549316406,190.3699951171875,747400,0.0,190.3699951171875
2024-05-30,185.25,185.52999877929688,179.75999450683594,180.25,1950600,0.0,180.25
2024-05-31,181.97999572753906,182.64999389648438,179.42999267578125,182.44000244140625,848700,0.0,182.44000244140625
2024-06-03,183.89999389648438,184.39999389648438,181.83999633789062,184.24000549316406,755000,0.0,184.24000549316406
2024-06-04,184.0,184.99000549316406,183.22999572753906,184.22000122070312,470500,0.0,184.22000122070312
2024-06-05,186.1699981689453,188.77999877929688,185.3699951171875,188.75,697700,0.0,188.75
2024-06-06,194.30999755859375,194.47000122070312,192.6999969482422,193.0399932861328,852100,0.0,193.0399932861328
2024-06-07,191.72999572753906,192.3300018310547,190.91000366210938,191.10000610351562,512900,0.0,191.10000610351562
2024-06-10,188.8300018310547,190.52000427246094,188.75999450683594,190.24000549316406,456300,0.0,190.24000549316406
2024-06-11,187.19000244140625,189.5500030517578,186.39999389648438,188.74000549316406,1006300,0.0,188.74000549316406
2024-06-12,195.1699981689453,197.42999267578125,194.89999389648438,197.1999969482422,1325100,0.0,197.1999969482422
2024-06-13,195.10000610351562,195.52000427246094,190.3300018310547,192.4199981689453,909600,0.0,192.4199981689453
2024-06-14,188.16000366210938,188.69000244140625,186.5,187.82000732421875,1359700,0.0,187.82000732421875
2024-06-17,188.7100067138672,190.41000366210938,188.1699981689453,190.02000427246094,1070100,0.0,190.02000427246094
2024-06-18,188.8000030517578,189.82000732421875,188.4499969482422,188.6199951171875,681600,0.0,188.6199951171875
2024-06-20,190.49000549316406,193.44000244140625,190.2100067138672,191.47000122070312,1168800,0.0,191.47000122070312
2024-06-21,192.8800048828125,194.3000030517578,192.00999450683594,194.16000366210938,650800,0.0,194.16000366210938
2024-06-24,192.13999938964844,193.3300018310547,191.58999633789062,191.69000244140625,709900,0.0,191.69000244140625
2024-06-25,193.00999450683594,195.7899932861328,192.41000366210938,195.74000549316406,696100,0.0,195.74000549316406
2024-06-26,197.3300018310547,199.33999633789062,197.0399932861328,198.58999633789062,1205700,0.0,198.58999633789062
2024-06-27,199.6699981689453,201.4499969482422,199.61000061035156,200.75,763100,0.0,200.75
2024-06-28,201.75999450683594,204.3300018310547,200.88999938964844,201.7100067138672,843300,0.0,201.7100067138672
2024-07-01,200.5399932861328,200.83999633789062,198.5800018310547,199.4199981689453,753400,0.0,199.4199981689453
2024-07-02,197.67999267578125,199.3300018310547,197.5500030517578,198.5800018310547,596300,0.0,198.5800018310547
2024-07-03,201.16000366210938,203.25,201.11000061035156,203.02000427246094,471600,0.0,203.02000427246094
2024-07-05,205.7100067138672,206.0800018310547,203.72999572753906,205.94000244140625,552300,0.0,205.94000244140625
2024-07-08,205.64999389648438,205.72999572753906,202.4600067138672,202.7899932861328,544900,0.0,202.7899932861328
2024-07-09,202.64999389648438,202.64999389648438,199.58999633789062,200.27999877929688,654000,0.0,200.27999877929688
2024-07-10,201.27000427246094,202.4199981689453,200.58999633789062,202.2899932861328,465900,0.0,202.2899932861328
2024-07-11,203.77000427246094,204.13999938964844,201.3699951171875,201.72999572753906,613000,0.0,201.72999572753906
2024-07-12,202.8800048828125,206.33999633789062,202.47000122070312,205.11000061035156,635300,0.0,205.11000061035156
2024-07-15,205.3300018310547,205.7100067138672,203.25,203.50999450683594,493700,0.0,203.50999450683594
2024-07-16,204.49000549316406,204.91000366210938,203.5,204.8699951171875,425800,0.0,204.8699951171875
2024-07-17,201.50999450683594,202.16000366210938,199.1699981689453,200.00999450683594,790500,0.0,200.00999450683594
2024-07-18,200.6300048828125,200.77000427246094,196.13999938964844,197.22999572753906,795700,0.0,197.22999572753906
2024-07-19,196.75999450683594,198.6199951171875,196.66000366210938,197.2100067138672,699600,0.0,197.2100067138672
2024-07-22,199.22999572753906,201.3000030517578,199.0399932861328,200.47000122070312,1058500,0.0,200.47000122070312
2024-07-23,212.55999755859375,214.94000244140625,211.0,214.75999450683594,2594000,0.0,214.75999450683594
2024-07-24,211.85000610351562,212.3300018310547,208.97000122070312,209.39999389648438,1380700,0.0,209.39999389648438
2024-07-25,210.27999877929688,213.77000427246094,208.89999389648438,210.80999755859375,1378100,0.0,210.80999755859375
2024-07-26,211.7100067138672,214.0500030517578,210.91000366210938,213.4499969482422,688300,0.0,213.4499969482422
2024-07-29,211.27000427246094,211.85000610351562,208.69000244140625,209.1999969482422,1005100,0.0,209.1999969482422
2024-07-30,207.7899932861328,208.67999267578125,206.3699951171875,206.75999450683594,1045500,0.0,206.75999450683594
2024-07-31,210.7100067138672,212.44000244140625,209.6999969482422,211.60000610351562,491500,0.0,211.60000610351562
2024-08-01,208.69000244140625,211.08999633789062,204.35000610351562,205.55999755859375,681900,0.0,205.55999755859375
2024-08-02,204.0800018310547,204.99000549316406,202.6699981689453,204.72000122070312,1144600,0.0,204.72000122070312
2024-08-05,195.10000610351562,200.77999877929688,194.92999267578125,199.02999877929688,1473800,0.0,199.02999877929688
2024-08-06,201.2899932861328,204.5500030517578,201.02999877929688,201.72999572753906,898700,0.0,201.72999572753906
2024-08-07,203.8800048828125,205.91000366210938,201.36000061035156,201.58999633789062,715100,0.0,201.58999633789062
2024-08-08,203.08999633789062,206.9499969482422,201.7100067138672,206.27999877929688,1038200,0.0,206.27999877929688
2024-08-09,205.75999450683594,208.99000549316406,205.75999450683594,208.52999877929688,593300,0.0,208.52999877929688
2024-08-12,207.0800018310547,207.8000030517578,205.50999450683594,205.97999572753906,521200,0.0,205.97999572753906
2024-08-13,208.4600067138672,211.36000061035156,208.24000549316406,211.02000427246094,413200,0.0,211.02000427246094
2024-08-14,211.97000122070312,212.7899932861328,210.8300018310547,212.5500030517578,711000,0.0,212.5500030517578
2024-08-15,213.47999572753906,215.52000427246094,213.44000244140625,214.94000244140625,543200,0.0,214.94000244140625
2024-08-16,215.6300048828125,217.10000610351562,215.16000366210938,216.1699981689453,546500,0.0,216.1699981689453
2024-08-19,216.16000366210938,219.05999755859375,215.89999389648438,219.0399932861328,558700,0.0,219.0399932861328
2024-08-20,219.17999267578125,220.1199951171875,217.1300048828125,217.77000427246094,567900,0.0,217.77000427246094
2024-08-21,218.82000732421875,219.5,217.8000030517578,218.8699951171875,471800,0.0,218.8699951171875
2024-08-22,219.67999267578125,220.10000610351562,217.14999389648438,217.25,1449600,0.0,217.25
2024-08-23,218.02999877929688,220.1300048828125,217.4600067138672,219.14999389648438,1285100,0.0,219.14999389648438
2024-08-26,217.41000366210938,217.7899932861328,215.86000061035156,215.86000061035156,1566600,0.0,215.86000061035156
2024-08-27,216.5500030517578,218.66000366210938,216.3800048828125,217.8300018310547,1007400,0.0,217.8300018310547
2024-08-28,218.6300048828125,219.0399932861328,216.58999633789062,216.92999267578125,642900,0.0,216.92999267578125
2024-08-29,219.4499969482422,221.24000549316406,218.25,218.77999877929688,736400,0.0,218.77999877929688
2024-08-30,218.85000610351562,219.85000610351562,217.58999633789062,219.7100067138672,355900,0.0,219.7100067138672
2024-09-03,220.33999633789062,220.52999877929688,215.52000427246094,216.49000549316406,779600,0.0,216.49000549316406
2024-09-04,213.74000549316406,216.22000122070312,213.41000366210938,215.42999267578125,586800,0.0,215.42999267578125
2024-09-05,212.50999450683594,214.19000244140625,211.9199981689453,212.60000610351562,1305000,0.0,212.60000610351562
2024-09-06,214.30999755859375,214.80999755859375,210.3800048828125,211.3300018310547,682400,0.0,211.3300018310547
2024-09-09,212.0800018310547,214.5399932861328,211.66000366210938,213.97999572753906,836000,0.0,213.97999572753906
2024-09-10,213.39999389648438,214.55999755859375,210.80999755859375,213.9199981689453,1422100,0.0,213.9199981689453
2024-09-11,214.82000732421875,217.92999267578125,212.11000061035156,217.6199951171875,732700,0.0,217.6199951171875
2024-09-12,218.4600067138672,221.17999267578125,217.8800048828125,221.00999450683594,562700,0.0,221.00999450683594
2024-09-13,221.1999969482422,222.64999389648438,220.72999572753906,221.27999877929688,549100,0.0,221.27999877929688
2024-09-16,223.52000427246094,223.89999389648438,222.3000030517578,223.60000610351562,646000,0.0,223.60000610351562
2024-09-17,223.25999450683594,223.50999450683594,221.33999633789062,222.05999755859375,621800,0.0,222.05999755859375
2024-09-18,222.4600067138672,224.0500030517578,221.14999389648438,221.8800048828125,591000,0.0,221.8800048828125
2024-09-19,229.13999938964844,230.19000244140625,228.27000427246094,228.97000122070312,784400,0.0,228.97000122070312
2024-09-20,229.17999267578125,229.27999877929688,227.00999450683594,228.80999755859375,577800,0.0,228.80999755859375
2024-09-23,230.47000122070312,230.85000610351562,229.77000427246094,230.44000244140625,374900,0.0,230.44000244140625
2024-09-24,229.9199981689453,231.1300048828125,228.25999450683594,230.92999267578125,572900,0.0,230.92999267578125
2024-09-25,224.9600067138672,225.9199981689453,223.2899932861328,223.2899932861328,1305200,0.0,223.2899932861328
2024-09-26,229.63999938964844,229.63999938964844,226.66000366210938,228.11000061035156,1057000,0.0,228.11000061035156
2024-09-27,228.63999938964844,229.67999267578125,227.72999572753906,228.0,618100,0.0,228.0
2024-09-30,229.60000610351562,229.88999938964844,227.27999877929688,229.10000610351562,488500,0.0,229.10000610351562
2024-10-01,230.6300048828125,230.6699981689453,224.74000549316406,225.80999755859375,731600,0.0,225.80999755859375
2024-10-02,223.58999633789062,225.57000732421875,222.3300018310547,224.6300048828125,534700,0.0,224.6300048828125
2024-10-03,221.52999877929688,221.83999633789062,219.86000061035156,220.47000122070312,756900,0.0,220.47000122070312
2024-10-04,220.30999755859375,221.0399932861328,219.47000122070312,220.8800048828125,955300,0.0,220.8800048828125
2024-10-07,220.41000366210938,220.69000244140625,217.52000427246094,218.1300048828125,803200,0.0,218.1300048828125
2024-10-08,223.75999450683594,226.7899932861328,223.25999450683594,226.6300048828125,1102800,0.0,226.6300048828125
2024-10-09,225.5800018310547,228.91000366210938,225.5399932861328,228.89999389648438,762700,0.0,228.89999389648438
2024-10-10,224.88999938964844,225.5,223.6999969482422,224.77000427246094,685900,0.0,224.77000427246094
2024-10-11,226.17999267578125,228.6300048828125,225.6699981689453,228.14999389648438,553500,0.0,228.14999389648438
2024-10-14,230.27000427246094,232.22999572753906,230.17999267578125,231.8000030517578,678800,0.0,231.8000030517578
2024-10-15,231.66000366210938,231.86000061035156,227.8300018310547,229.52000427246094,1066900,0.0,229.52000427246094
2024-10-16,230.0800018310547,230.25,228.49000549316406,229.44000244140625,917400,0.0,229.44000244140625
2024-10-17,229.7100067138672,229.97000122070312,227.67999267578125,228.83999633789062,576300,0.0,228.83999633789062
2024-10-18,229.6999969482422,231.60000610351562,229.38999938964844,230.44000244140625,654200,0.0,230.44000244140625
2024-10-21,229.8699951171875,230.83999633789062,228.1199951171875,229.47999572753906,1525500,0.0,229.47999572753906
2024-10-22,236.41000366210938,237.72000122070312,231.08999633789062,232.32000732421875,2155000,0.0,232.32000732421875
2024-10-23,235.1199951171875,236.80999755859375,234.08999633789062,234.58999633789062,1099300,0.0,234.58999633789062
2024-10-24,237.1999969482422,238.47999572753906,236.32000732421875,238.3000030517578,1369300,0.0,238.3000030517578
2024-10-25,238.88999938964844,240.0800018310547,237.4499969482422,237.69000244140625,741500,0.0,237.69000244140625
2024-10-28,240.82000732421875,240.99000549316406,239.72999572753906,240.27999877929688,874600,0.0,240.27999877929688
2024-10-29,240.5,243.00999450683594,240.0,242.30999755859375,802300,0.0,242.30999755859375
2024-10-30,238.6999969482422,240.55999755859375,237.19000244140625,237.35000610351562,820800,0.0,237.35000610351562
2024-10-31,235.9499969482422,235.9499969482422,231.4499969482422,233.63999938964844,890500,0.0,233.63999938964844
2024-11-01,234.8000030517578,235.55999755859375,233.11000061035156,233.11000061035156,745700,0.0,233.11000061035156
2024-11-04,233.0399932861328,233.4499969482422,231.67999267578125,232.8300018310547,416600,0.0,232.8300018310547
2024-11-05,234.0800018310547,236.1999969482422,234.02000427246094,235.89999389648438,836200,0.0,235.89999389648438
2024-11-06,229.8800048828125,231.6300048828125,228.25999450683594,231.3000030517578,1821800,0.0,231.3000030517578
2024-11-07,236.74000549316406,240.3699951171875,236.69000244140625,240.19000244140625,839800,0.0,240.19000244140625
2024-11-08,239.13999938964844,239.22999572753906,236.74000549316406,237.55999755859375,706600,0.0,237.55999755859375
2024-11-11,237.39999389648438,237.57000732421875,234.6199951171875,235.86000061035156,856100,0.0,235.86000061035156
2024-11-12,235.88999938964844,236.6199951171875,233.13999938964844,234.47000122070312,888100,0.0,234.47000122070312
2024-11-13,231.60000610351562,232.77999877929688,228.42999267578125,230.0,1488300,0.0,230.0
2024-11-14,232.1300048828125,234.24000549316406,231.27999877929688,231.39999389648438,831700,0.0,231.39999389648438
2024-11-15,228.89999389648438,229.3699951171875,227.52000427246094,228.30999755859375,824400,0.0,228.30999755859375
2024-11-18,229.6999969482422,231.57000732421875,229.25999450683594,231.3000030517578,609400,0.0,231.3000030517578
2024-11-19,229.99000549316406,233.69000244140625,229.72000122070312,233.1999969482422,614200,0.0,233.1999969482422
2024-11-20,234.11000061035156,235.02999877929688,231.2899932861328,235.02000427246094,603900,0.0,235.02000427246094
2024-11-21,234.5399932861328,236.64999389648438,233.25999450683594,236.02999877929688,947100,0.0,236.02999877929688
2024-11-22,235.74000549316406,236.75999450683594,234.25999450683594,236.25,750700,0.0,236.25
2024-11-25,237.1699981689453,237.22999572753906,233.25999450683594,233.80999755859375,616800,0.0,233.80999755859375
2024-11-26,234.41000366210938,235.13999938964844,233.3300018310547,235.05999755859375,804800,0.0,235.05999755859375
2024-11-27,232.4600067138672,233.22999572753906,231.5500030517578,232.02000427246094,961700,0.0,232.02000427246094
2024-11-29,234.3800048828125,237.92999267578125,234.05999755859375,237.60000610351562,420900,0.0,237.60000610351562
2024-12-02,239.72000122070312,242.24000549316406,238.22999572753906,241.58999633789062,799500,0.0,241.58999633789062
2024-12-03,242.30999755859375,245.02000427246094,242.0,243.89999389648438,788400,0.0,243.89999389648438
2024-12-04,249.58999633789062,254.72000122070312,248.6999969482422,253.61000061035156,895000,0.0,253.61000061035156
2024-12-05,255.2899932861328,256.1300048828125,253.82000732421875,255.5399932861328,825300,0.0,255.5399932861328
2024-12-06,254.61000061035156,256.1300048828125,253.72999572753906,254.13999938964844,843500,0.0,254.13999938964844
2024-12-09,254.1999969482422,254.8300018310547,251.86000061035156,252.5399932861328,728000,0.0,252.5399932861328
2024-12-10,253.5800018310547,254.36000061035156,251.3000030517578,251.3300018310547,532500,0.0,251.3300018310547
2024-12-11,246.41000366210938,250.97999572753906,246.27999877929688,249.52999877929688,1138400,0.0,249.52999877929688
2024-12-12,251.02999877929688,254.6999969482422,250.6199951171875,253.6300048828125,965200,0.0,253.6300048828125
2024-12-13,253.1699981689453,253.9499969482422,251.52999877929688,253.3000030517578,664700,0.0,253.3000030517578
2024-12-16,252.61000061035156,253.99000549316406,252.0,252.9600067138672,1033700,0.0,252.9600067138672
2024-12-17,252.0399932861328,252.22999572753906,250.52000427246094,250.97000122070312,1119000,0.0,250.97000122070312
2024-12-18,252.6199951171875,253.5,244.3699951171875,244.4499969482422,969000,0.0,244.4499969482422
2024-12-19,247.42999267578125,248.1699981689453,244.9199981689453,245.69000244140625,1499200,0.0,245.69000244140625
2024-12-20,243.7899932861328,250.27999877929688,243.19000244140625,247.89999389648438,1647300,0.0,247.89999389648438
2024-12-23,246.57000732421875,249.50999450683594,244.72000122070312,248.86000061035156,980200,0.0,248.86000061035156
2024-12-24,248.47000122070312,254.08999633789062,248.3699951171875,253.63999938964844,722200,0.0,253.63999938964844
2024-12-26,253.00999450683594,254.5399932861328,252.22000122070312,253.50999450683594,721400,0.0,253.50999450683594
2024-12-27,249.9600067138672,250.47999572753906,248.19000244140625,250.14999389648438,1384300,0.0,250.14999389648438
2024-12-30,246.8800048828125,250.16000366210938,245.32000732421875,248.8300018310547,572400,0.0,248.8300018310547
2024-12-31,248.8300018310547,250.3000030517578,245.91000366210938,246.2100067138672,522600,0.0,246.2100067138672
2025-01-02,245.33999633789062,246.22999572753906,241.89999389648438,243.1199951171875,839200,0.0,243.1199951171875
2025-01-03,241.99000549316406,243.63999938964844,240.69000244140625,241.39999389648438,746500,0.0,241.39999389648438
2025-01-06,245.1999969482422,248.83999633789062,244.41000366210938,247.0500030517578,1171000,0.0,247.0500030517578
2025-01-07,253.42999267578125,253.4499969482422,248.69000244140625,249.50999450683594,978600,0.0,249.50999450683594
2025-01-08,250.97000122070312,253.85000610351562,250.5800018310547,253.49000549316406,1349400,0.0,253.49000549316406
2025-01-10,253.25,253.82000732421875,250.11000061035156,251.52999877929688,984800,0.0,251.52999877929688
2025-01-13,247.8800048828125,249.66000366210938,247.4199981689453,249.52999877929688,807900,0.0,249.52999877929688
2025-01-14,253.6300048828125,254.77000427246094,252.52999877929688,253.5,1250700,0.0,253.5
2025-01-15,260.6099853515625,261.9800109863281,259.8699951171875,261.7900085449219,1026500,0.0,261.7900085449219
2025-01-16,262.1600036621094,262.8699951171875,260.94000244140625,261.5799865722656,622300,0.0,261.5799865722656
2025-01-17,263.29998779296875,264.7099914550781,262.45001220703125,262.8299865722656,799000,0.0,262.8299865722656
2025-01-21,267.0799865722656,269.2900085449219,265.82000732421875,269.2900085449219,955200,0.0,269.2900085449219
2025-01-22,274.739990234375,275.1000061035156,272.2799987792969,273.0,992900,0.0,273.0
2025-01-23,271.4200134277344,275.3800048828125,270.4800109863281,275.3699951171875,1091100,0.0,275.3699951171875
2025-01-24,275.25,277.3599853515625,274.8900146484375,276.2900085449219,870600,0.0,276.2900085449219
2025-01-27,273.0400085449219,276.1000061035156,272.1199951171875,275.6000061035156,1706500,0.0,275.6000061035156
2025-01-28,269.94000244140625,274.9700012207031,268.04998779296875,273.7900085449219,2068800,0.0,273.7900085449219
2025-01-29,278.6499938964844,279.1400146484375,275.5299987792969,276.8299865722656,1677900,0.0,276.8299865722656
2025-01-30,276.5,280.5299987792969,276.1499938964844,279.3599853515625,1084600,0.0,279.3599853515625
2025-01-31,278.760009765625,280.3299865722656,276.010009765625,276.05999755859375,980000,0.0,276.05999755859375
2025-02-03,272.05999755859375,274.3699951171875,268.70001220703125,272.55999755859375,2379100,0.0,272.55999755859375
2025-02-04,275.2300109863281,278.1400146484375,275.1199951171875,278.1099853515625,906600,0.0,278.1099853515625
2025-02-05,281.0199890136719,283.4100036621094,280.5799865722656,283.19000244140625,610600,0.0,283.19000244140625
2025-02-06,280.4700012207031,283.8599853515625,280.0299987792969,283.2300109863281,671900,0.0,283.2300109863281
2025-02-07,283.30999755859375,283.8999938964844,279.20001220703125,279.6400146484375,739000,0.0,279.6400146484375
2025-02-10,279.0400085449219,281.3800048828125,278.8900146484375,280.739990234375,622300,0.0,280.739990234375
2025-02-11,284.4200134277344,289.5299987792969,284.3599853515625,288.8699951171875,1084500,0.0,288.8699951171875
2025-02-12,287.8599853515625,292.29998779296875,286.9200134277344,290.9700012207031,823900,0.0,290.9700012207031
2025-02-13,291.2699890136719,293.70001220703125,289.8900146484375,293.69000244140625,757400,0.0,293.69000244140625
2025-02-14,291.8800048828125,292.0299987792969,289.9200134277344,290.69000244140625,783900,0.0,290.69000244140625
2025-02-18,292.75,292.82000732421875,290.9100036621094,292.67999267578125,720500,0.0,292.67999267578125
2025-02-19,291.1300048828125,291.260009765625,287.239990234375,288.4700012207031,1081000,0.0,288.4700012207031
2025-02-20,289.0199890136719,289.7699890136719,286.3800048828125,287.9200134277344,679200,0.0,287.9200134277344
2025-02-21,288.5199890136719,288.6700134277344,281.7099914550781,282.989990234375,1105100,0.0,282.989990234375
2025-02-24,287.3999938964844,289.2900085449219,283.5400085449219,284.54998779296875,1202900,0.0,284.54998779296875
2025-02-25,287.2099914550781,289.4700012207031,283.7200012207031,286.94000244140625,1500300,0.0,286.94000244140625
2025-02-26,286.4200134277344,289.6499938964844,284.55999755859375,285.8800048828125,1270100,0.0,285.8800048828125
2025-02-27,283.25,283.42999267578125,274.239990234375,274.6000061035156,1515800,0.0,274.6000061035156
2025-02-28,274.510009765625,276.6199951171875,272.9700012207031,275.0,1382200,0.0,275.0
2025-03-03,285.4700012207031,287.2799987792969,279.4100036621094,280.6499938964844,1914200,0.0,280.6499938964844
2025-03-04,276.7200012207031,284.0899963378906,272.29998779296875,279.04998779296875,1688500,0.0,279.04998779296875
2025-03-05,283.5799865722656,287.70001220703125,282.6600036621094,286.7300109863281,1361900,0.0,286.7300109863281
2025-03-06,280.010009765625,283.8999938964844,277.4100036621094,279.3399963378906,1048400,0.0,279.3399963378906
2025-03-07,278.20001220703125,279.8500061035156,273.42999267578125,276.79998779296875,2688100,0.0,276.79998779296875
2025-03-10,268.7300109863281,269.3599853515625,259.20001220703125,261.30999755859375,1790200,0.0,261.30999755859375
2025-03-11,262.4200134277344,264.4700012207031,258.8699951171875,260.6700134277344,1527300,0.0,260.6700134277344
2025-03-12,263.9599914550781,265.92999267578125,260.95001220703125,264.1199951171875,1099200,0.0,264.1199951171875
2025-03-13,257.739990234375,258.4599914550781,254.41000366210938,255.19000244140625,1558800,0.0,255.19000244140625
2025-03-14,260.5299987792969,264.6300048828125,259.239990234375,263.8800048828125,954500,0.0,263.8800048828125
2025-03-17,265.9100036621094,270.5400085449219,265.57000732421875,269.54998779296875,1464200,0.0,269.54998779296875
2025-03-18,270.94000244140625,271.32000732421875,265.6499938964844,270.6400146484375,2154800,0.0,270.6400146484375
2025-03-19,267.5899963378906,272.8500061035156,267.1700134277344,271.44000244140625,1604800,0.0,271.44000244140625
2025-03-20,268.8599853515625,272.2699890136719,268.70001220703125,271.69000244140625,1989700,0.0,271.69000244140625
2025-03-21,268.7799987792969,272.82000732421875,268.6300048828125,272.5299987792969,1275100,0.0,272.5299987792969
2025-03-24,275.82000732421875,276.9800109863281,274.4200134277344,275.739990234375,779500,0.0,275.739990234375
2025-03-25,278.7099914550781,280.44000244140625,278.1300048828125,280.2300109863281,706700,0.0,280.2300109863281
2025-03-26,272.6499938964844,273.2300109863281,267.010009765625,268.0,1270200,0.0,268.0
2025-03-27,265.25,269.17999267578125,264.79998779296875,268.1499938964844,598500,0.0,268.1499938964844
2025-03-28,268.239990234375,269.2200012207031,266.29998779296875,268.0,1214700,0.0,268.0
2025-03-31,263.94000244140625,269.3699951171875,261.8900146484375,268.44000244140625,1374900,0.0,268.44000244140625
2025-04-01,268.4599914550781,271.3699951171875,266.70001220703125,270.3399963378906,957600,0.0,270.3399963378906
2025-04-02,265.4100036621094,272.6000061035156,265.3699951171875,271.4200134277344,847900,0.0,271.4200134277344
2025-04-03,267.6600036621094,268.92999267578125,263.79998779296875,264.3399963378906,1937300,0.0,264.3399963378906
2025-04-04,256.3500061035156,258.1099853515625,248.3699951171875,248.5,1877800,0.0,248.5
2025-04-07,240.39999389648438,256.2099914550781,239.6300048828125,241.5399932861328,4495400,0.0,241.5399932861328
2025-04-08,244.36000061035156,245.8000030517578,234.52000427246094,237.52999877929688,2450600,0.0,237.52999877929688
2025-04-09,238.07000732421875,261.9800109863281,236.1300048828125,259.6099853515625,2836500,0.0,259.6099853515625
2025-04-10,258.04998779296875,259.79998779296875,251.0,258.489990234375,2432700,0.0,258.489990234375
2025-04-11,254.61000061035156,260.7699890136719,252.94000244140625,259.1499938964844,1627700,0.0,259.1499938964844
2025-04-14,260.1499938964844,263.04998779296875,257.3500061035156,259.5299987792969,1522300,0.0,259.5299987792969
2025-04-15,261.4100036621094,263.6400146484375,261.1400146484375,261.9599914550781,893900,0.0,261.9599914550781
2025-04-16,261.80999755859375,264.80999755859375,258.75,260.4800109863281,1313200,0.0,260.4800109863281
2025-04-17,259.42999267578125,259.7300109863281,256.2900085449219,257.3999938964844,1503700,0.0,257.3999938964844
2025-04-21,255.19000244140625,255.61000061035156,247.61000061035156,250.5399932861328,1653300,0.0,250.5399932861328
2025-04-22,247.94000244140625,254.7100067138672,247.85000610351562,252.39999389648438,2503400,0.0,252.39999389648438
2025-04-23,273.6300048828125,277.9800109863281,270.260009765625,271.4800109863281,2814400,0.0,271.4800109863281
2025-04-24,270.1499938964844,274.6300048828125,269.8999938964844,273.54998779296875,1609100,0.0,273.54998779296875
2025-04-25,276.3999938964844,279.45001220703125,274.3500061035156,277.95001220703125,1850700,0.0,277.95001220703125
2025-04-28,284.7200012207031,286.57000732421875,282.75,285.3500061035156,1475200,0.0,285.3500061035156
2025-04-29,289.6300048828125,293.19000244140625,289.19000244140625,292.54998779296875,1977100,0.0,292.54998779296875
2025-04-30,286.510009765625,292.2799987792969,285.7900085449219,292.19000244140625,1856300,0.0,292.19000244140625
2025-05-01,295.5899963378906,295.5899963378906,288.44000244140625,288.92999267578125,1340100,0.0,288.92999267578125
2025-05-02,300.4599914550781,302.67999267578125,299.1400146484375,301.7200012207031,2751700,0.0,301.7200012207031
2025-05-05,300.8299865722656,303.3999938964844,300.4100036621094,302.6300048828125,1441100,0.0,302.6300048828125
2025-05-06,298.57000732421875,300.1099853515625,296.760009765625,297.67999267578125,1239500,0.0,297.67999267578125
2025-05-07,297.760009765625,299.19000244140625,295.54998779296875,297.3299865722656,1121400,0.0,297.3299865722656
2025-05-08,297.05999755859375,297.45001220703125,293.95001220703125,294.3299865722656,1143100,0.0,294.3299865722656
2025-05-09,296.5799865722656,296.9200134277344,293.5899963378906,293.9700012207031,705600,0.0,293.9700012207031
2025-05-12,288.4599914550781,293.510009765625,286.0400085449219,293.510009765625,1303000,0.0,293.510009765625
2025-05-13,289.1499938964844,291.6700134277344,288.45001220703125,289.7300109863281,1488600,2.63,289.7300109863281
2025-05-14,291.2900085449219,291.7200012207031,287.510009765625,288.4599914550781,1221800,0.0,288.4599914550781
2025-05-15,292.19000244140625,294.7799987792969,290.6499938964844,294.3500061035156,1051900,0.0,294.3500061035156
2025-05-16,297.1099853515625,297.45001220703125,295.3599853515625,296.4100036621094,1223600,0.0,296.4100036621094
2025-05-19,295.8599853515625,299.2900085449219,295.04998779296875,298.739990234375,1011500,0.0,298.739990234375
2025-05-20,299.79998779296875,300.0299987792969,297.6000061035156,299.2699890136719,830200,0.0,299.2699890136719
2025-05-21,298.989990234375,302.20001220703125,297.95001220703125,298.4100036621094,761600,0.0,298.4100036621094
2025-05-22,298.0400085449219,301.82000732421875,297.7699890136719,299.8399963378906,1577000,0.0,299.8399963378906
2025-05-23,292.70001220703125,296.1600036621094,292.04998779296875,294.8699951171875,1419900,0.0,294.8699951171875
2025-05-27,301.9599914550781,304.42999267578125,300.1000061035156,301.8399963378906,1219600,0.0,301.8399963378906
2025-05-28,297.5299987792969,299.3900146484375,296.80999755859375,298.07000732421875,1069100,0.0,298.07000732421875
2025-05-29,297.9800109863281,298.9100036621094,296.010009765625,296.92999267578125,1103200,0.0,296.92999267578125
2025-05-30,301.7900085449219,303.4599914550781,299.3500061035156,302.8599853515625,1188300,0.0,302.8599853515625
2025-06-02,301.010009765625,304.6600036621094,299.9599914550781,304.6600036621094,830400,0.0,304.6600036621094
2025-06-03,304.1000061035156,307.25,303.29998779296875,306.3900146484375,1256300,0.0,306.3900146484375
2025-06-04,307.1700134277344,310.489990234375,306.67999267578125,309.32000732421875,659500,0.0,309.32000732421875
2025-06-05,311.239990234375,311.3999938964844,307.7099914550781,309.1000061035156,666300,0.0,309.1000061035156
2025-06-06,309.8399963378906,310.8900146484375,309.42999267578125,309.79998779296875,571400,0.0,309.79998779296875
2025-06-09,302.07000732421875,306.2200012207031,300.94000244140625,305.4200134277344,1128700,0.0,305.4200134277344
2025-06-10,304.7699890136719,305.2200012207031,302.70001220703125,304.4100036621094,1022000,0.0,304.4100036621094
2025-06-11,301.4599914550781,303.5799865722656,298.25,299.2099914550781,1869400,0.0,299.2099914550781
2025-06-12,302.75,304.5,301.6400146484375,301.739990234375,884300,0.0,301.739990234375
2025-06-13,293.7699890136719,296.1600036621094,292.3900146484375,293.3599853515625,1445000,0.0,293.3599853515625
2025-06-16,295.989990234375,298.510009765625,295.4599914550781,295.8399963378906,1137900,0.0,295.8399963378906
2025-06-17,296.30999755859375,296.7099914550781,292.3999938964844,292.6400146484375,727700,0.0,292.6400146484375
2025-06-18,291.4200134277344,292.3800048828125,289.2200012207031,289.80999755859375,1611000,0.0,289.80999755859375
2025-06-20,290.9100036621094,291.0400085449219,287.44000244140625,287.5899963378906,1298400,0.0,287.5899963378906
2025-06-23,286.6000061035156,291.1000061035156,285.489990234375,290.79998779296875,922100,0.0,290.79998779296875
2025-06-24,295.05999755859375,297.79998779296875,293.6700134277344,297.0799865722656,1223000,0.0,297.0799865722656
2025-06-25,295.25,295.9599914550781,293.0,293.2900085449219,970600,0.0,293.2900085449219
2025-06-26,293.8399963378906,296.1700134277344,291.0299987792969,295.54998779296875,1913300,0.0,295.54998779296875
2025-06-27,298.92999267578125,303.25,297.8500061035156,301.0899963378906,1039500,0.0,301.0899963378906
2025-06-30,302.92999267578125,304.6300048828125,301.8599853515625,304.1000061035156,884600,0.0,304.1000061035156
2025-07-01,305.42999267578125,306.9100036621094,299.57000732421875,300.67999267578125,961900,0.0,300.67999267578125
2025-07-02,296.4800109863281,299.54998779296875,295.82000732421875,298.1600036621094,1452100,0.0,298.1600036621094
2025-07-03,298.8500061035156,304.1000061035156,298.760009765625,303.7200012207031,858000,0.0,303.7200012207031
2025-07-07,304.54998779296875,306.9700012207031,303.7799987792969,305.5299987792969,1131600,0.0,305.5299987792969
2025-07-08,309.0899963378906,310.4599914550781,307.760009765625,308.760009765625,1552100,0.0,308.760009765625
2025-07-09,310.6700134277344,312.260009765625,309.94000244140625,311.92999267578125,795100,0.0,311.92999267578125
2025-07-10,313.2799987792969,313.2799987792969,306.1000061035156,306.2099914550781,1368900,0.0,306.2099914550781
2025-07-11,304.1099853515625,304.19000244140625,300.82000732421875,300.8500061035156,1105100,0.0,300.8500061035156
2025-07-14,297.7200012207031,302.1099853515625,296.8999938964844,300.6400146484375,902400,0.0,300.6400146484375
2025-07-15,303.42999267578125,303.94000244140625,300.7300109863281,301.5799865722656,688600,0.0,301.5799865722656
2025-07-16,305.5,306.2900085449219,302.010009765625,306.0199890136719,1021500,0.0,306.0199890136719
2025-07-17,304.3699951171875,308.6099853515625,304.3699951171875,308.6099853515625,1389000,0.0,308.6099853515625
2025-07-18,309.3399963378906,309.7300109863281,305.29998779296875,305.9700012207031,1021200,0.0,305.9700012207031
2025-07-21,306.3900146484375,308.54998779296875,305.1199951171875,307.2699890136719,936700,0.0,307.2699890136719
2025-07-22,306.69000244140625,307.6600036621094,303.5,306.2900085449219,2078200,0.0,306.2900085449219
2025-07-23,292.9200134277344,294.44000244140625,286.739990234375,290.6300048828125,4638500,0.0,290.6300048828125
2025-07-24,288.2900085449219,290.55999755859375,286.1600036621094,286.1600036621094,2258100,0.0,286.1600036621094
2025-07-25,285.80999755859375,288.4599914550781,285.42999267578125,288.0299987792969,1608900,0.0,288.0299987792969
2025-07-28,285.2699890136719,285.70001220703125,282.0,282.3800048828125,1482300,0.0,282.3800048828125
2025-07-29,285.8599853515625,288.6199951171875,285.8399963378906,287.5400085449219,1521100,0.0,287.5400085449219
2025-07-30,287.75,291.6099853515625,287.1199951171875,290.5,1375500,0.0,290.5
2025-07-31,290.3900146484375,290.7200012207031,285.6000061035156,286.70001220703125,1323700,0.0,286.70001220703125
2025-08-01,282.0799865722656,284.8399963378906,281.0299987792969,283.0,1578500,0.0,283.0
2025-08-04,284.2099914550781,284.3800048828125,281.9200134277344,283.7900085449219,1077000,0.0,283.7900085449219
2025-08-05,286.04998779296875,287.1000061035156,283.92999267578125,285.19000244140625,1090100,0.0,285.19000244140625
2025-08-06,288.3699951171875,292.0799865722656,287.9200134277344,291.7799987792969,1135700,0.0,291.7799987792969
2025-08-07,299.2099914550781,299.4800109863281,292.2099914550781,295.4599914550781,1854600,0.0,295.4599914550781
2025-08-08,291.44000244140625,293.0199890136719,289.6199951171875,292.1199951171875,1159700,0.0,292.1199951171875
2025-08-11,288.8800048828125,290.5,286.7099914550781,287.239990234375,1314300,0.0,287.239990234375
2025-08-12,273.75,276.20001220703125,268.6600036621094,275.8900146484375,5249300,0.0,275.8900146484375
2025-08-13,278.0199890136719,281.0,277.0199890136719,278.82000732421875,1663000,0.0,278.82000732421875
2025-08-14,278.4800109863281,279.8500061035156,278.1000061035156,278.9100036621094,954600,0.0,278.9100036621094
2025-08-15,278.489990234375,279.5299987792969,276.55999755859375,277.8500061035156,1292600,0.0,277.8500061035156
2025-08-18,275.8800048828125,276.7799987792969,275.489990234375,276.7200012207031,1724200,0.0,276.7200012207031
2025-08-19,277.739990234375,278.5199890136719,273.6300048828125,274.2300109863281,1676400,0.0,274.2300109863281
2025-08-20,273.1300048828125,273.4599914550781,270.30999755859375,272.5299987792969,1249100,0.0,272.5299987792969
2025-08-21,270.3699951171875,271.4200134277344,268.1199951171875,269.2099914550781,1593800,0.0,269.2099914550781
2025-08-22,269.4800109863281,272.510009765625,268.32000732421875,271.1099853515625,1450700,0.0,271.1099853515625
2025-08-25,273.1700134277344,273.7099914550781,270.260009765625,270.260009765625,1397300,0.0,270.260009765625
2025-08-26,271.510009765625,272.30999755859375,269.45001220703125,269.8599853515625,1823800,0.0,269.8599853515625
2025-08-27,270.4700012207031,275.44000244140625,270.1300048828125,275.1099853515625,1111500,0.0,275.1099853515625
2025-08-28,275.739990234375,276.8299865722656,275.1499938964844,275.3999938964844,731000,0.0,275.3999938964844
2025-08-29,272.260009765625,272.6700134277344,270.2099914550781,272.1600036621094,1208000,0.0,272.1600036621094
2025-09-02,266.8299865722656,268.6000061035156,264.17999267578125,266.20001220703125,1594400,0.0,266.20001220703125
2025-09-03,268.80999755859375,270.989990234375,267.8900146484375,270.94000244140625,1063200,0.0,270.94000244140625
2025-09-04,272.8800048828125,273.1199951171875,270.80999755859375,271.989990234375,1012800,0.0,271.989990234375
2025-09-05,271.6700134277344,272.260009765625,267.2900085449219,269.0,1700400,0.0,269.0
2025-09-08,268.7200012207031,272.0199890136719,268.7200012207031,270.3299865722656,1939300,0.0,270.3299865722656
2025-09-09,270.04998779296875,271.7300109863281,269.6199951171875,271.4800109863281,3125000,0.0,271.4800109863281
2025-09-10,270.29998779296875,270.29998779296875,259.8299865722656,260.510009765625,3242100,0.0,260.510009765625
2025-09-11,259.1600036621094,259.44000244140625,256.67999267578125,258.19000244140625,3282000,0.0,258.19000244140625
2025-09-12,258.1700134277344,259.0299987792969,256.9100036621094,257.1600036621094,1499900,0.0,257.1600036621094
2025-09-15,251.1699981689453,253.25,249.13999938964844,252.4199981689453,3535100,0.0,252.4199981689453
2025-09-16,251.50999450683594,254.5,248.32000732421875,253.60000610351562,2803800,0.0,253.60000610351562
2025-09-17,259.5899963378906,261.5199890136719,256.4100036621094,261.4200134277344,3737700,0.0,261.4200134277344
2025-09-18,268.20001220703125,271.4200134277344,266.489990234375,269.739990234375,2962200,0.0,269.739990234375
2025-09-19,269.25,269.67999267578125,266.80999755859375,266.9100036621094,1670700,0.0,266.9100036621094
2025-09-22,263.8299865722656,265.69000244140625,263.3999938964844,265.3800048828125,1548100,0.0,265.3800048828125
2025-09-23,267.239990234375,268.3800048828125,265.1400146484375,265.2699890136719,1197100,0.0,265.2699890136719
2025-09-24,271.760009765625,272.239990234375,267.55999755859375,268.8500061035156,2045400,0.0,268.8500061035156
2025-09-25,261.510009765625,263.8699951171875,260.9200134277344,262.510009765625,1216300,0.0,262.510009765625
2025-09-26,262.1000061035156,264.5,261.010009765625,264.0799865722656,965100,0.0,264.0799865722656
2025-09-29,262.9200134277344,265.6499938964844,262.5400085449219,263.82000732421875,1150800,0.0,263.82000732421875
2025-09-30,266.739990234375,268.2900085449219,265.8299865722656,267.2099914550781,941100,0.0,267.2099914550781
2025-10-01,265.8399963378906,270.510009765625,265.79998779296875,269.989990234375,1394400,0.0,269.989990234375
2025-10-02,272.0899963378906,273.8399963378906,270.79998779296875,271.9100036621094,1201300,0.0,271.9100036621094
2025-10-03,269.92999267578125,271.1600036621094,268.0899963378906,270.5299987792969,1027500,0.0,270.5299987792969
2025-10-06,271.7099914550781,274.3999938964844,269.7699890136719,274.2799987792969,1229300,0.0,274.2799987792969
2025-10-07,275.0,275.5799865722656,273.5899963378906,273.82000732421875,1051500,0.0,273.82000732421875
2025-10-08,275.760009765625,277.5,274.8299865722656,277.1499938964844,1092300,0.0,277.1499938964844
2025-10-09,275.5899963378906,276.8299865722656,274.1400146484375,275.7900085449219,1157800,0.0,275.7900085449219
2025-10-10,275.8599853515625,276.1300048828125,265.4800109863281,265.5299987792969,1327600,0.0,265.5299987792969
2025-10-13,267.3900146484375,269.8399963378906,265.6600036621094,269.82000732421875,783500,0.0,269.82000732421875
2025-10-14,265.94000244140625,271.6099853515625,264.5400085449219,270.5199890136719,1040700,0.0,270.5199890136719
2025-10-15,271.5,272.94000244140625,269.260009765625,271.6400146484375,955800,0.0,271.6400146484375
2025-10-16,274.0799865722656,276.260009765625,268.8599853515625,269.739990234375,1247600,0.0,269.739990234375
2025-10-17,267.94000244140625,273.0199890136719,267.6099853515625,272.8999938964844,1186500,0.0,272.8999938964844
2025-10-20,274.94000244140625,279.3800048828125,274.94000244140625,277.9100036621094,1464800,0.0,277.9100036621094
2025-10-21,276.5899963378906,280.80999755859375,276.0400085449219,280.4599914550781,2020600,0.0,280.4599914550781
2025-10-22,277.0799865722656,278.8500061035156,273.95001220703125,276.2200012207031,3154100,0.0,276.2200012207031
2025-10-23,269.9200134277344,281.3699951171875,269.9200134277344,278.5299987792969,2367400,0.0,278.5299987792969
2025-10-24,276.5299987792969,276.5400085449219,268.8999938964844,269.54998779296875,2207400,0.0,269.54998779296875
2025-10-27,272.5,274.1499938964844,271.2099914550781,272.1600036621094,1970900,0.0,272.1600036621094
2025-10-28,271.9100036621094,273.3999938964844,270.0400085449219,270.05999755859375,1463700,0.0,270.05999755859375
2025-10-29,264.6199951171875,264.7300109863281,258.92999267578125,259.6400146484375,2019700,0.0,259.6400146484375
2025-10-30,259.05999755859375,263.2699890136719,258.8800048828125,259.19000244140625,1445500,0.0,259.19000244140625
2025-10-31,259.0400085449219,260.9700012207031,258.1400146484375,260.010009765625,1972100,0.0,260.010009765625
2025-11-03,264.0199890136719,265.8800048828125,261.8500061035156,263.9599914550781,1171900,0.0,263.9599914550781
2025-11-04,258.67999267578125,260.3599853515625,258.32000732421875,259.6400146484375,1327500,0.0,259.6400146484375
2025-11-05,259.4599914550781,264.1000061035156,259.2300109863281,261.05999755859375,983600,0.0,261.05999755859375
2025-11-06,257.8500061035156,258.5,250.99000549316406,253.8800048828125,1290800,0.0,253.8800048828125
2025-11-07,250.2100067138672,251.97000122070312,249.02000427246094,251.9600067138672,1127900,0.0,251.9600067138672
2025-11-10,251.52999877929688,251.8300018310547,249.44000244140625,251.75999450683594,1028000,0.0,251.75999450683594
2025-11-11,252.11000061035156,254.61000061035156,251.27000427246094,254.3800048828125,940700,0.0,254.3800048828125
2025-11-12,253.17999267578125,255.1999969482422,252.2899932861328,253.33999633789062,1170300,0.0,253.33999633789062
2025-11-13,253.39999389648438,254.6300048828125,251.80999755859375,251.86000061035156,832200,0.0,251.86000061035156
2025-11-14,243.6300048828125,247.25999450683594,243.0800018310547,245.02999877929688,2523000,0.0,245.02999877929688
2025-11-17,242.64999389648438,242.80999755859375,237.25,238.89999389648438,2410400,0.0,238.89999389648438
2025-11-18,238.5500030517578,240.44000244140625,236.30999755859375,237.99000549316406,1399600,0.0,237.99000549316406
2025-11-19,239.58999633789062,240.0500030517578,236.63999938964844,237.97000122070312,1183600,0.0,237.97000122070312
2025-11-20,240.66000366210938,241.10000610351562,233.50999450683594,233.94000244140625,2092200,0.0,233.94000244140625
2025-11-21,237.5,238.89999389648438,234.75,236.6999969482422,1763400,0.0,236.6999969482422
2025-11-24,239.3300018310547,239.55999755859375,237.1300048828125,238.2899932861328,1856500,0.0,238.2899932861328
2025-11-25,235.72000122070312,238.5399932861328,234.0800018310547,237.86000061035156,2031400,0.0,237.86000061035156
2025-11-26,238.60000610351562,240.94000244140625,237.69000244140625,240.02000427246094,1512200,0.0,240.02000427246094
2025-11-28,240.33999633789062,242.75,239.9499969482422,241.75,628700,0.0,241.75
2025-12-01,241.5500030517578,244.10000610351562,241.16000366210938,242.0800018310547,1352600,0.0,242.0800018310547
2025-12-02,241.33999633789062,243.02000427246094,240.94000244140625,241.72000122070312,1626100,0.0,241.72000122070312
2025-12-03,241.0800018310547,244.2100067138672,240.38999938964844,243.82000732421875,1527300,0.0,243.82000732421875
2025-12-04,248.60000610351562,248.86000061035156,244.91000366210938,245.47000122070312,1706600,0.0,245.47000122070312
2025-12-05,246.82000732421875,250.2899932861328,246.50999450683594,247.25999450683594,1407600,0.0,247.25999450683594
2025-12-08,245.32000732421875,245.77000427246094,242.6300048828125,242.97999572753906,1751300,0.0,242.97999572753906
2025-12-09,242.80999755859375,244.77000427246094,242.4499969482422,244.1300048828125,840000,0.0,244.1300048828125
2025-12-10,243.22999572753906,246.97000122070312,242.10000610351562,245.8800048828125,896900,0.0,245.8800048828125
2025-12-11,244.63999938964844,247.8800048828125,244.5,247.38999938964844,1515200,0.0,247.38999938964844
2025-12-12,246.57000732421875,247.52000427246094,244.0800018310547,244.8300018310547,1284000,0.0,244.8300018310547
2025-12-15,247.61000061035156,247.94000244140625,242.9199981689453,244.49000549316406,2105100,0.0,244.49000549316406
2025-12-16,242.4600067138672,244.75,240.10000610351562,243.66000366210938,1785400,0.0,243.66000366210938
2025-12-17,241.60000610351562,244.52999877929688,241.0500030517578,241.4199981689453,1152400,0.0,241.4199981689453
2025-12-18,243.72999572753906,246.33999633789062,243.44000244140625,244.30999755859375,1263200,0.0,244.30999755859375
2025-12-19,243.5800018310547,245.5,242.86000061035156,244.3300018310547,1567400,0.0,244.3300018310547
2025-12-22,245.9199981689453,246.4600067138672,244.22000122070312,245.3000030517578,1153200,0.0,245.3000030517578
2025-12-23,245.97999572753906,246.25,244.1199951171875,244.9600067138672,869600,0.0,244.9600067138672
2025-12-24,246.35000610351562,246.3699951171875,244.02999877929688,245.60000610351562,383400,0.0,245.60000610351562
2025-12-26,245.66000366210938,246.58999633789062,244.82000732421875,246.55999755859375,491700,0.0,246.55999755859375
2025-12-29,245.6300048828125,246.5500030517578,244.77000427246094,246.0399932861328,821000,0.0,246.0399932861328
2025-12-30,244.61000061035156,245.9499969482422,244.50999450683594,244.58999633789062,648600,0.0,244.58999633789062
2025-12-31,244.4600067138672,245.50999450683594,242.77000427246094,242.91000366210938,679700,0.0,242.91000366210938
2026-01-02,242.4600067138672,242.69000244140625,234.64999389648438,236.9199981689453,1473100,0.0,236.9199981689453
2026-01-05,238.07000732421875,242.22999572753906,237.4199981689453,240.44000244140625,1416300,0.0,240.44000244140625
2026-01-06,236.50999450683594,238.6300048828125,234.5399932861328,237.97999572753906,1638800,0.0,237.97999572753906
2026-01-07,242.3000030517578,245.14999389648438,240.9499969482422,243.42999267578125,1434200,0.0,243.42999267578125
2026-01-08,241.25999450683594,242.27999877929688,240.19000244140625,241.02999877929688,1349100,0.0,241.02999877929688
2026-01-09,247.6999969482422,248.22000122070312,243.6199951171875,247.11000061035156,1737800,0.0,247.11000061035156
2026-01-12,248.55999755859375,249.5500030517578,246.97999572753906,248.83999633789062,1335200,0.0,248.83999633789062
2026-01-13,254.8800048828125,255.89999389648438,245.89999389648438,247.10000610351562,2279800,0.0,247.10000610351562
2026-01-14,245.25,245.92999267578125,236.67999267578125,238.8800048828125,2206400,0.0,238.8800048828125
2026-01-15,237.8800048828125,239.83999633789062,235.41000366210938,235.83999633789062,2080200,0.0,235.83999633789062
2026-01-16,234.82000732421875,235.0,231.91000366210938,233.58999633789062,1883300,0.0,233.58999633789062
2026-01-20,224.77999877929688,228.5399932861328,224.77999877929688,226.9199981689453,2598600,0.0,226.9199981689453
2026-01-21,223.52999877929688,226.4600067138672,221.7100067138672,225.10000610351562,3153900,0.0,225.10000610351562
2026-01-22,221.1300048828125,226.6300048828125,220.88999938964844,226.35000610351562,3399000,0.0,226.35000610351562
2026-01-23,228.85000610351562,234.83999633789062,228.82000732421875,231.07000732421875,4046100,0.0,231.07000732421875
2026-01-26,234.7899932861328,239.99000549316406,234.1199951171875,239.9199981689453,2313800,0.0,239.9199981689453
2026-01-27,236.6300048828125,237.9199981689453,232.3300018310547,233.94000244140625,2014500,0.0,233.94000244140625
2026-01-28,235.55999755859375,236.83999633789062,233.97000122070312,236.11000061035156,2173000,0.0,236.11000061035156
2026-01-29,199.0399932861328,201.44000244140625,195.1199951171875,200.2100067138672,9484800,0.0,200.2100067138672
2026-01-30,203.82000732421875,204.38999938964844,200.9600067138672,201.0399932861328,6265400,0.0,201.0399932861328
2026-02-02,205.5800018310547,207.5500030517578,203.6300048828125,207.22999572753906,6261500,0.0,207.22999572753906
2026-02-03,201.38999938964844,202.1999969482422,195.05999755859375,197.2899932861328,8152400,0.0,197.2899932861328
2026-02-04,191.0,200.1999969482422,189.22000122070312,199.67999267578125,6630000,0.0,199.67999267578125
2026-02-05,200.6999969482422,203.25999450683594,197.0800018310547,197.41000366210938,4492300,0.0,197.41000366210938
2026-02-06,200.4199981689453,203.50999450683594,199.72999572753906,203.33999633789062,3050500,0.0,203.33999633789062
2026-02-09,206.8000030517578,210.6699981689453,204.77000427246094,210.41000366210938,3576100,0.0,210.41000366210938
2026-02-10,210.52999877929688,212.97999572753906,210.4499969482422,212.2100067138672,3611500,0.0,212.2100067138672
2026-02-11,206.42999267578125,207.8300018310547,199.77999877929688,202.64999389648438,3619200,0.0,202.64999389648438
2026-02-12,203.25999450683594,204.44000244140625,200.3699951171875,203.74000549316406,3730600,0.0,203.74000549316406
2026-02-13,205.9199981689453,206.9199981689453,203.47000122070312,204.52999877929688,2590500,0.0,204.52999877929688
2026-02-17,202.11000061035156,203.5399932861328,199.1300048828125,201.47000122070312,1653800,0.0,201.47000122070312
2026-02-18,201.82000732421875,205.8000030517578,201.17999267578125,205.1999969482422,1753100,0.0,205.1999969482422
2026-02-19,202.61000061035156,203.1999969482422,199.8699951171875,200.25999450683594,1856800,0.0,200.25999450683594
2026-02-20,201.1300048828125,205.3300018310547,200.3699951171875,202.58999633789062,1657200,0.0,202.58999633789062
2026-02-23,199.1199951171875,199.22000122070312,196.05999755859375,196.7100067138672,2117900,0.0,196.7100067138672
2026-02-24,194.89999389648438,198.6699981689453,193.22999572753906,196.4600067138672,2947300,0.0,196.4600067138672
2026-02-25,197.4499969482422,198.8300018310547,195.05999755859375,198.25,2799100,0.0,198.25
2026-02-26,202.36000061035156,206.0,201.4199981689453,204.67999267578125,2266100,0.0,204.67999267578125
2026-02-27,200.5500030517578,202.85000610351562,198.7100067138672,201.52999877929688,2624700,0.0,201.52999877929688
2026-03-02,195.85000610351562,198.11000061035156,194.5500030517578,196.00999450683594,3509400,0.0,196.00999450683594
2026-03-03,187.94000244140625,196.91000366210938,187.94000244140625,196.3300018310547,6817400,0.0,196.3300018310547
2026-03-04,193.47999572753906,197.10000610351562,193.07000732421875,195.5800018310547,3527600,0.0,195.5800018310547
2026-03-05,194.72999572753906,200.4199981689453,194.72999572753906,199.47999572753906,3389300,0.0,199.47999572753906
2026-03-06,198.16000366210938,202.25,197.33999633789062,202.25,2427900,0.0,202.25
2026-03-09,199.97999572753906,201.49000549316406,197.4600067138672,200.10000610351562,3059100,0.0,200.10000610351562
2026-03-10,199.89999389648438,200.05999755859375,193.6300048828125,195.8300018310547,2648700,0.0,195.8300018310547
2026-03-11,194.47999572753906,195.7899932861328,188.75,191.22000122070312,3219100,0.0,191.22000122070312
2026-03-12,192.38999938964844,194.74000549316406,190.3300018310547,190.5,2345000,0.0,190.5
2026-03-13,191.8699951171875,193.25,189.13999938964844,189.94000244140625,1731700,0.0,189.94000244140625
