Date,Open,High,Low,Close,Volume,split_ratio,dividend,Adj Close
2016-03-01,25.55500030517578,25.989999771118164,25.475000381469727,25.989999771118164,3944600,0.0,0.0,25.989999771118164
2016-03-02,25.924999237060547,26.125,25.864999771118164,26.125,2565200,0.0,0.0,26.125
2016-03-03,26.204999923706055,26.25,26.014999389648438,26.184999465942383,3599600,0.0,0.0,26.184999465942383
2016-03-04,26.28499984741211,26.575000762939453,26.09000015258789,26.354999542236328,6209800,0.0,0.0,26.354999542236328
2016-03-07,26.190000534057617,26.55500030517578,26.09000015258789,26.454999923706055,6493000,0.0,0.0,26.454999923706055
2016-03-08,26.25,26.354999542236328,25.915000915527344,25.954999923706055,7157600,0.0,0.0,25.954999923706055
2016-03-09,26.084999084472656,26.219999313354492,25.969999313354492,26.139999389648438,3137000,0.0,0.0,26.139999389648438
2016-03-10,26.30500030517578,26.524999618530273,25.895000457763672,26.280000686645508,5354400,0.0,0.0,26.280000686645508
2016-03-11,26.575000762939453,26.809999465942383,26.549999237060547,26.809999465942383,4448000,0.0,0.0,26.809999465942383
2016-03-14,26.69499969482422,26.790000915527344,26.584999084472656,26.690000534057617,4298600,0.0,0.0,26.690000534057617
2016-03-15,26.549999237060547,26.614999771118164,26.395000457763672,26.600000381469727,2575200,0.0,0.0,26.600000381469727
2016-03-16,26.514999389648438,26.934999465942383,26.5,26.90999984741211,6804800,0.0,0.0,26.90999984741211
2016-03-17,26.829999923706055,27.135000228881836,26.809999465942383,27.094999313354492,6516400,0.0,0.0,27.094999313354492
2016-03-18,27.125,27.450000762939453,27.125,27.440000534057617,2838400,0.0,0.0,27.440000534057617
2016-03-21,27.295000076293945,27.44499969482422,27.200000762939453,27.440000534057617,4020200,0.0,0.0,27.440000534057617
2016-03-22,27.28499984741211,27.510000228881836,27.21500015258789,27.424999237060547,1640600,0.0,0.0,27.424999237060547
2016-03-23,27.434999465942383,27.434999465942383,27.09000015258789,27.100000381469727,3672200,0.0,0.0,27.100000381469727
2016-03-24,26.905000686645508,27.065000534057617,26.799999237060547,27.05500030517578,3466200,0.0,0.0,27.05500030517578
2016-03-28,27.100000381469727,27.110000610351562,26.924999237060547,27.045000076293945,2957600,0.0,0.0,27.045000076293945
2016-03-29,26.94499969482422,27.459999084472656,26.854999542236328,27.420000076293945,5163600,0.0,0.0,27.420000076293945
2016-03-30,27.584999084472656,27.825000762939453,27.524999618530273,27.69499969482422,5981600,0.0,0.0,27.69499969482422
2016-03-31,27.59000015258789,27.65999984741211,27.514999389648438,27.540000915527344,3000000,0.0,0.0,27.540000915527344
2016-04-01,27.325000762939453,27.68000030517578,27.2549991607666,27.670000076293945,3118400,0.0,0.0,27.670000076293945
2016-04-04,27.684999465942383,27.700000762939453,27.405000686645508,27.454999923706055,5429000,0.0,0.0,27.454999923706055
2016-04-05,27.2549991607666,27.405000686645508,27.204999923706055,27.25,3150600,0.0,0.0,27.25
2016-04-06,27.1200008392334,27.530000686645508,27.020000457763672,27.5049991607666,2722200,0.0,0.0,27.5049991607666
2016-04-07,27.334999084472656,27.399999618530273,27.040000915527344,27.139999389648438,3979400,0.0,0.0,27.139999389648438
2016-04-08,27.424999237060547,27.520000457763672,27.174999237060547,27.270000457763672,2350800,0.0,0.0,27.270000457763672
2016-04-11,27.44499969482422,27.684999465942383,27.280000686645508,27.299999237060547,5078600,0.0,0.0,27.299999237060547
2016-04-12,27.354999542236328,27.395000457763672,26.94499969482422,27.2549991607666,3492600,0.0,0.0,27.2549991607666
2016-04-13,27.479999542236328,27.829999923706055,27.415000915527344,27.809999465942383,3935400,0.0,0.0,27.809999465942383
2016-04-14,27.5049991607666,27.549999237060547,27.270000457763672,27.510000228881836,4771400,0.0,0.0,27.510000228881836
2016-04-15,27.545000076293945,27.545000076293945,27.295000076293945,27.30500030517578,5842200,0.0,0.0,27.30500030517578
2016-04-18,27.200000762939453,27.405000686645508,27.139999389648438,27.34000015258789,3473600,0.0,0.0,27.34000015258789
2016-04-19,27.399999618530273,27.440000534057617,26.9950008392334,27.110000610351562,5667800,0.0,0.0,27.110000610351562
2016-04-20,26.975000381469727,27.3700008392334,26.954999923706055,27.239999771118164,5986000,0.0,0.0,27.239999771118164
2016-04-21,27.209999084472656,27.274999618530273,26.969999313354492,27.09000015258789,4348000,0.0,0.0,27.09000015258789
2016-04-22,27.110000610351562,27.315000534057617,26.889999389648438,27.104999542236328,3210000,0.0,0.0,27.104999542236328
2016-04-25,27.15999984741211,27.174999237060547,26.895000457763672,26.969999313354492,2096800,0.0,0.0,26.969999313354492
2016-04-26,27.149999618530273,27.485000610351562,27.149999618530273,27.260000228881836,4501000,0.0,0.0,27.260000228881836
2016-04-27,27.06999969482422,27.6200008392334,27.045000076293945,27.579999923706055,6979200,0.0,0.0,27.579999923706055
2016-04-28,27.260000228881836,27.565000534057617,26.844999313354492,26.895000457763672,6869000,0.0,0.0,26.895000457763672
2016-04-29,26.80500030517578,26.80500030517578,26.065000534057617,26.229999542236328,18970400,0.0,0.0,26.229999542236328
2016-05-02,26.280000686645508,26.459999084472656,26.149999618530273,26.405000686645508,6567800,0.0,0.0,26.405000686645508
2016-05-03,26.165000915527344,26.270000457763672,25.989999771118164,26.1299991607666,8778600,0.0,0.0,26.1299991607666
2016-05-04,25.90999984741211,26.110000610351562,25.770000457763672,25.850000381469727,6204600,0.0,0.0,25.850000381469727
2016-05-05,25.969999313354492,26.15999984741211,25.834999084472656,25.94499969482422,7554600,0.0,0.0,25.94499969482422
2016-05-06,25.774999618530273,25.979999542236328,25.649999618530273,25.950000762939453,6249600,0.0,0.0,25.950000762939453
2016-05-09,26.0,26.135000228881836,25.850000381469727,25.924999237060547,4660200,0.0,0.0,25.924999237060547
2016-05-10,25.989999771118164,26.219999313354492,25.875,26.21500015258789,4536800,0.0,0.0,26.21500015258789
2016-05-11,26.09000015258789,26.30500030517578,26.09000015258789,26.094999313354492,1805000,0.0,0.0,26.094999313354492
2016-05-12,26.190000534057617,26.209999084472656,25.440000534057617,25.6299991607666,13003400,0.0,0.0,25.6299991607666
2016-05-13,25.795000076293945,25.94499969482422,25.670000076293945,25.704999923706055,4632600,0.0,0.0,25.704999923706055
2016-05-16,25.719999313354492,26.360000610351562,25.719999313354492,26.219999313354492,3655800,0.0,0.0,26.219999313354492
2016-05-17,26.135000228881836,26.280000686645508,25.93000030517578,25.975000381469727,4212200,0.0,0.0,25.975000381469727
2016-05-18,25.959999084472656,26.6299991607666,25.959999084472656,26.434999465942383,6193200,0.0,0.0,26.434999465942383
2016-05-19,26.225000381469727,26.450000762939453,26.024999618530273,26.204999923706055,3431200,0.0,0.0,26.204999923706055
2016-05-20,26.549999237060547,27.075000762939453,26.549999237060547,27.075000762939453,8714400,0.0,0.0,27.075000762939453
2016-05-23,27.329999923706055,27.4950008392334,27.219999313354492,27.25,7665600,0.0,0.0,27.25
2016-05-24,27.385000228881836,27.915000915527344,27.385000228881836,27.90999984741211,6043200,0.0,0.0,27.90999984741211
2016-05-25,28.059999465942383,28.125,27.864999771118164,28.065000534057617,6215400,0.0,0.0,28.065000534057617
2016-05-26,28.104999542236328,28.209999084472656,28.030000686645508,28.15999984741211,5014000,0.0,0.0,28.15999984741211
2016-05-27,28.165000915527344,28.3799991607666,28.165000915527344,28.344999313354492,2803800,0.0,0.0,28.344999313354492
2016-05-31,28.469999313354492,28.469999313354492,28.2549991607666,28.450000762939453,7380000,0.0,0.0,28.450000762939453
2016-06-01,28.34000015258789,28.610000610351562,28.30500030517578,28.565000534057617,3819600,0.0,0.0,28.565000534057617
2016-06-02,28.440000534057617,28.559999465942383,28.385000228881836,28.559999465942383,4484600,0.0,0.0,28.559999465942383
2016-06-03,28.71500015258789,28.774999618530273,28.434999465942383,28.614999771118164,5199000,0.0,0.0,28.614999771118164
2016-06-06,28.625,28.760000228881836,28.469999313354492,28.545000076293945,5914800,0.0,0.0,28.545000076293945
2016-06-07,28.655000686645508,28.8799991607666,28.625,28.844999313354492,7954600,0.0,0.0,28.844999313354492
2016-06-08,28.84000015258789,28.905000686645508,28.75,28.850000381469727,4424600,0.0,0.0,28.850000381469727
2016-06-09,28.600000381469727,28.8799991607666,28.530000686645508,28.850000381469727,6188400,0.0,0.0,28.850000381469727
2016-06-10,28.485000610351562,28.565000534057617,28.270000457763672,28.350000381469727,5754000,0.0,0.0,28.350000381469727
2016-06-13,28.19499969482422,28.545000076293945,28.184999465942383,28.229999542236328,3332200,0.0,0.0,28.229999542236328
2016-06-14,28.174999237060547,28.280000686645508,27.934999465942383,28.19499969482422,7676600,0.0,0.0,28.19499969482422
2016-06-15,28.3799991607666,28.3799991607666,28.125,28.165000915527344,2736800,0.0,0.0,28.165000915527344
2016-06-16,27.860000610351562,28.225000381469727,27.700000762939453,28.18000030517578,7024600,0.0,0.0,28.18000030517578
2016-06-17,28.209999084472656,28.209999084472656,27.80500030517578,27.989999771118164,10150400,0.0,0.0,27.989999771118164
2016-06-20,28.389999389648438,28.7450008392334,28.389999389648438,28.459999084472656,5203600,0.0,0.0,28.459999084472656
2016-06-21,28.584999084472656,28.645000457763672,28.450000762939453,28.594999313354492,6131000,0.0,0.0,28.594999313354492
2016-06-22,28.600000381469727,28.8700008392334,28.530000686645508,28.559999465942383,7197800,0.0,0.0,28.559999465942383
2016-06-23,28.8700008392334,29.274999618530273,28.829999923706055,29.274999618530273,6354600,0.0,0.0,29.274999618530273
2016-06-24,27.975000381469727,28.459999084472656,27.565000534057617,27.565000534057617,15770000,0.0,0.0,27.565000534057617
2016-06-27,27.295000076293945,27.325000762939453,26.545000076293945,26.71500015258789,15619800,0.0,0.0,26.71500015258789
2016-06-28,27.110000610351562,27.44499969482422,27.0,27.44499969482422,10836000,0.0,0.0,27.44499969482422
2016-06-29,27.780000686645508,28.06999969482422,27.665000915527344,28.0049991607666,10907400,0.0,0.0,28.0049991607666
2016-06-30,28.104999542236328,28.729999542236328,27.9950008392334,28.5049991607666,7017200,0.0,0.0,28.5049991607666
2016-07-01,28.325000762939453,28.389999389648438,28.2549991607666,28.295000076293945,3211400,0.0,0.0,28.295000076293945
2016-07-05,28.05500030517578,28.079999923706055,27.709999084472656,27.844999313354492,5103200,0.0,0.0,27.844999313354492
2016-07-06,27.635000228881836,27.924999237060547,27.40999984741211,27.885000228881836,6892400,0.0,0.0,27.885000228881836
2016-07-07,27.94499969482422,28.405000686645508,27.844999313354492,28.200000762939453,3192400,0.0,0.0,28.200000762939453
2016-07-08,28.479999542236328,28.969999313354492,28.3799991607666,28.969999313354492,5685600,0.0,0.0,28.969999313354492
2016-07-11,29.139999389648438,29.424999237060547,29.110000610351562,29.360000610351562,2958400,0.0,0.0,29.360000610351562
2016-07-12,29.575000762939453,29.704999923706055,29.475000381469727,29.68000030517578,2907800,0.0,0.0,29.68000030517578
2016-07-13,29.709999084472656,29.825000762939453,29.6200008392334,29.684999465942383,1979000,0.0,0.0,29.684999465942383
2016-07-14,29.94499969482422,29.989999771118164,29.684999465942383,29.934999465942383,3159600,0.0,0.0,29.934999465942383
2016-07-15,29.915000915527344,29.915000915527344,29.75,29.850000381469727,4029400,0.0,0.0,29.850000381469727
2016-07-18,30.600000381469727,30.739999771118164,30.55500030517578,30.719999313354492,5257200,0.0,0.0,30.719999313354492
2016-07-19,30.610000610351562,30.655000686645508,30.5049991607666,30.600000381469727,1668200,0.0,0.0,30.600000381469727
2016-07-20,30.725000381469727,31.125,30.674999237060547,31.06999969482422,4552800,0.0,0.0,31.06999969482422
2016-07-21,31.024999618530273,31.040000915527344,30.665000915527344,30.80500030517578,7103200,0.0,0.0,30.80500030517578
2016-07-22,30.71500015258789,30.989999771118164,30.584999084472656,30.989999771118164,4302600,0.0,0.0,30.989999771118164
2016-07-25,31.0049991607666,31.15999984741211,31.0049991607666,31.135000228881836,2636200,0.0,0.0,31.135000228881836
2016-07-26,31.40999984741211,32.150001525878906,31.295000076293945,32.03499984741211,17223200,0.0,0.0,32.03499984741211
2016-07-27,32.2599983215332,32.2599983215332,31.764999389648438,31.920000076293945,5555600,0.0,0.0,31.920000076293945
2016-07-28,31.895000457763672,32.04499816894531,31.7549991607666,31.8799991607666,3439800,0.0,0.0,31.8799991607666
2016-07-29,31.8799991607666,31.94499969482422,31.610000610351562,31.75,3932000,0.0,0.0,31.75
2016-08-01,31.829999923706055,31.950000762939453,31.75,31.84000015258789,2496600,0.0,0.0,31.84000015258789
2016-08-02,31.774999618530273,31.905000686645508,31.2450008392334,31.420000076293945,11176000,0.0,0.0,31.420000076293945
2016-08-03,31.34000015258789,31.5,31.290000915527344,31.5,2550600,0.0,0.0,31.5
2016-08-04,31.5049991607666,31.739999771118164,31.485000610351562,31.725000381469727,3049800,0.0,0.0,31.725000381469727
2016-08-05,31.889999389648438,32.13999938964844,31.80500030517578,32.095001220703125,1860800,0.0,0.0,32.095001220703125
2016-08-08,32.209999084472656,32.25,32.040000915527344,32.095001220703125,1544600,0.0,0.0,32.095001220703125
2016-08-09,32.255001068115234,32.38999938964844,32.255001068115234,32.310001373291016,3950000,0.0,0.0,32.310001373291016
2016-08-10,32.380001068115234,32.380001068115234,31.9950008392334,32.095001220703125,1284600,0.0,0.0,32.095001220703125
2016-08-11,32.19499969482422,32.27000045776367,32.05500030517578,32.224998474121094,1214600,0.0,0.0,32.224998474121094
2016-08-12,32.25,32.43000030517578,32.244998931884766,32.36000061035156,2661400,0.0,0.0,32.36000061035156
2016-08-15,32.46500015258789,32.79999923706055,32.46500015258789,32.724998474121094,3495200,0.0,0.0,32.724998474121094
2016-08-16,32.685001373291016,32.689998626708984,32.5,32.53499984741211,1530000,0.0,0.0,32.53499984741211
2016-08-17,32.540000915527344,32.540000915527344,32.290000915527344,32.46500015258789,4162200,0.0,0.0,32.46500015258789
2016-08-18,32.4900016784668,32.71500015258789,32.4900016784668,32.71500015258789,2669800,0.0,0.0,32.71500015258789
2016-08-19,32.7599983215332,32.94499969482422,32.650001525878906,32.8849983215332,1981200,0.0,0.0,32.8849983215332
2016-08-22,32.82500076293945,32.959999084472656,32.744998931884766,32.89500045776367,1880600,0.0,0.0,32.89500045776367
2016-08-23,33.095001220703125,33.224998474121094,33.029998779296875,33.05500030517578,3425000,0.0,0.0,33.05500030517578
2016-08-24,33.064998626708984,33.099998474121094,32.709999084472656,32.79499816894531,3948200,0.0,0.0,32.79499816894531
2016-08-25,32.83000183105469,33.04499816894531,32.80500030517578,32.904998779296875,3200800,0.0,0.0,32.904998779296875
2016-08-26,32.994998931884766,33.30500030517578,32.845001220703125,33.04499816894531,4488200,0.0,0.0,33.04499816894531
2016-08-29,33.150001525878906,33.27000045776367,33.099998474121094,33.15999984741211,2169000,0.0,0.0,33.15999984741211
2016-08-30,33.16999816894531,33.32500076293945,33.01499938964844,33.10499954223633,2923200,0.0,0.0,33.10499954223633
2016-08-31,33.165000915527344,33.185001373291016,32.94499969482422,33.10499954223633,2065000,0.0,0.0,33.10499954223633
2016-09-01,33.1349983215332,33.40999984741211,33.0099983215332,33.40999984741211,3622400,0.0,0.0,33.40999984741211
2016-09-02,33.540000915527344,33.540000915527344,33.255001068115234,33.380001068115234,4418800,0.0,0.0,33.380001068115234
2016-09-06,33.474998474121094,33.540000915527344,33.19499969482422,33.375,4397000,0.0,0.0,33.375
2016-09-07,33.51499938964844,33.56999969482422,33.119998931884766,33.154998779296875,7942000,0.0,0.0,33.154998779296875
2016-09-08,33.04499816894531,33.16999816894531,32.880001068115234,33.09000015258789,7480000,0.0,0.0,33.09000015258789
2016-09-09,32.79999923706055,32.80500030517578,31.844999313354492,31.889999389648438,21847200,0.0,0.0,31.889999389648438
2016-09-12,31.709999084472656,32.560001373291016,31.530000686645508,32.54499816894531,13353800,0.0,0.0,32.54499816894531
2016-09-13,32.435001373291016,32.625,32.04999923706055,32.189998626708984,7442600,0.0,0.0,32.189998626708984
2016-09-14,32.22999954223633,32.55500030517578,32.084999084472656,32.459999084472656,5247200,0.0,0.0,32.459999084472656
2016-09-15,32.540000915527344,33.32500076293945,32.375,33.26499938964844,10300600,0.0,0.0,33.26499938964844
2016-09-16,33.724998474121094,33.724998474121094,33.03499984741211,33.279998779296875,5363600,0.0,0.0,33.279998779296875
2016-09-19,33.625,33.84000015258789,33.31999969482422,33.39500045776367,4351800,0.0,0.0,33.39500045776367
2016-09-20,33.59000015258789,33.630001068115234,33.20000076293945,33.27000045776367,2850400,0.0,0.0,33.27000045776367
2016-09-21,33.540000915527344,33.790000915527344,33.31999969482422,33.72999954223633,7751800,0.0,0.0,33.72999954223633
2016-09-22,34.06999969482422,34.19499969482422,33.775001525878906,33.88999938964844,6243200,0.0,0.0,33.88999938964844
2016-09-23,33.875,33.88999938964844,33.46500015258789,33.494998931884766,4215400,0.0,0.0,33.494998931884766
2016-09-26,33.29999923706055,33.375,33.08000183105469,33.185001373291016,3491200,0.0,0.0,33.185001373291016
2016-09-27,33.125,33.744998931884766,33.07500076293945,33.72999954223633,8105600,0.0,0.0,33.72999954223633
2016-09-28,33.814998626708984,33.92499923706055,33.540000915527344,33.775001525878906,3194400,0.0,0.0,33.775001525878906
2016-09-29,33.720001220703125,34.39500045776367,33.415000915527344,34.189998626708984,13499000,0.0,0.0,34.189998626708984
2016-09-30,34.415000915527344,34.875,34.404998779296875,34.73500061035156,6644800,0.0,0.0,34.73500061035156
2016-10-03,34.67499923706055,34.904998779296875,34.42499923706055,34.46500015258789,4400000,0.0,0.0,34.46500015258789
2016-10-04,34.61000061035156,34.7400016784668,34.27000045776367,34.31999969482422,7234000,0.0,0.0,34.31999969482422
2016-10-05,34.494998931884766,34.86000061035156,34.439998626708984,34.584999084472656,8053000,0.0,0.0,34.584999084472656
2016-10-06,34.67499923706055,34.849998474121094,34.38999938964844,34.78499984741211,4965800,0.0,0.0,34.78499984741211
2016-10-07,34.880001068115234,34.880001068115234,34.505001068115234,34.810001373291016,4203000,0.0,0.0,34.810001373291016
2016-10-10,35.01499938964844,35.10499954223633,34.68000030517578,34.70000076293945,3550200,0.0,0.0,34.70000076293945
2016-10-11,34.560001373291016,34.63999938964844,33.709999084472656,33.98500061035156,8279400,0.0,0.0,33.98500061035156
2016-10-12,33.935001373291016,34.03499984741211,33.6349983215332,33.98500061035156,8534800,0.0,0.0,33.98500061035156
2016-10-13,33.665000915527344,33.73500061035156,33.029998779296875,33.595001220703125,13193800,0.0,0.0,33.595001220703125
2016-10-14,33.82500076293945,34.185001373291016,33.77000045776367,33.810001373291016,4692200,0.0,0.0,33.810001373291016
2016-10-17,33.744998931884766,33.95000076293945,33.63999938964844,33.66999816894531,1803000,0.0,0.0,33.66999816894531
2016-10-18,34.05500030517578,34.22999954223633,33.95500183105469,34.04999923706055,5397800,0.0,0.0,34.04999923706055
2016-10-19,33.685001373291016,33.82500076293945,33.529998779296875,33.70000076293945,13399600,0.0,0.0,33.70000076293945
2016-10-20,33.654998779296875,34.10499954223633,33.51499938964844,33.994998931884766,7140800,0.0,0.0,33.994998931884766
2016-10-21,33.880001068115234,33.9900016784668,33.630001068115234,33.95000076293945,4053400,0.0,0.0,33.95000076293945
2016-10-24,34.165000915527344,34.3849983215332,34.10499954223633,34.3849983215332,2598200,0.0,0.0,34.3849983215332
2016-10-25,34.30500030517578,34.42499923706055,34.23500061035156,34.290000915527344,2844600,0.0,0.0,34.290000915527344
2016-10-26,33.80500030517578,34.404998779296875,33.80500030517578,34.189998626708984,2260000,0.0,0.0,34.189998626708984
2016-10-27,34.494998931884766,34.6150016784668,34.060001373291016,34.09000015258789,5114800,0.0,0.0,34.09000015258789
2016-10-28,34.18000030517578,34.36000061035156,33.8849983215332,33.89500045776367,4301600,0.0,0.0,33.89500045776367
2016-10-31,34.08000183105469,34.2599983215332,34.064998626708984,34.1349983215332,3145400,0.0,0.0,34.1349983215332
2016-11-01,34.18000030517578,34.33000183105469,33.47999954223633,33.81999969482422,5390400,0.0,0.0,33.81999969482422
2016-11-02,33.79499816894531,33.9900016784668,33.525001525878906,33.61000061035156,3659800,0.0,0.0,33.61000061035156
2016-11-03,33.650001525878906,33.82500076293945,33.43000030517578,33.470001220703125,5384400,0.0,0.0,33.470001220703125
2016-11-04,33.25,33.630001068115234,33.130001068115234,33.29499816894531,6104000,0.0,0.0,33.29499816894531
2016-11-07,33.84000015258789,34.29999923706055,33.790000915527344,34.29499816894531,4196000,0.0,0.0,34.29499816894531
2016-11-08,34.189998626708984,34.529998779296875,34.07500076293945,34.35499954223633,1879000,0.0,0.0,34.35499954223633
2016-11-09,33.51499938964844,34.18000030517578,33.39500045776367,34.08000183105469,10449400,0.0,0.0,34.08000183105469
2016-11-10,34.35499954223633,34.36000061035156,33.064998626708984,33.44499969482422,11724200,0.0,0.0,33.44499969482422
2016-11-11,33.525001525878906,34.279998779296875,33.525001525878906,34.279998779296875,13167800,0.0,0.0,34.279998779296875
2016-11-14,34.2400016784668,34.26499938964844,33.81999969482422,33.90999984741211,5860400,0.0,0.0,33.90999984741211
2016-11-15,34.03499984741211,34.55500030517578,34.01499938964844,34.474998474121094,5905600,0.0,0.0,34.474998474121094
2016-11-16,34.40999984741211,34.790000915527344,34.35499954223633,34.744998931884766,3667800,0.0,0.0,34.744998931884766
2016-11-17,34.84000015258789,35.10499954223633,34.665000915527344,34.96500015258789,3043200,0.0,0.0,34.96500015258789
2016-11-18,34.97999954223633,35.209999084472656,34.88999938964844,35.165000915527344,10706200,0.0,0.0,35.165000915527344
2016-11-21,35.5,35.5,35.150001525878906,35.39500045776367,7345400,0.0,0.0,35.39500045776367
2016-11-22,35.66999816894531,35.86000061035156,35.630001068115234,35.80500030517578,6829600,0.0,0.0,35.80500030517578
2016-11-23,35.775001525878906,35.8849983215332,35.64500045776367,35.75,3642200,0.0,0.0,35.75
2016-11-25,35.83000183105469,35.869998931884766,35.70000076293945,35.85499954223633,887000,0.0,0.0,35.85499954223633
2016-11-28,35.779998779296875,35.915000915527344,35.685001373291016,35.76499938964844,6545000,0.0,0.0,35.76499938964844
2016-11-29,35.60499954223633,35.83000183105469,35.47999954223633,35.630001068115234,5897600,0.0,0.0,35.630001068115234
2016-11-30,35.68000030517578,35.720001220703125,35.5099983215332,35.529998779296875,3534600,0.0,0.0,35.529998779296875
2016-12-01,35.474998474121094,35.474998474121094,33.744998931884766,33.84000015258789,22106600,0.0,0.0,33.84000015258789
2016-12-02,33.814998626708984,34.41999816894531,33.79999923706055,34.3849983215332,7593000,0.0,0.0,34.3849983215332
2016-12-05,34.619998931884766,34.83000183105469,34.44499969482422,34.72999954223633,5308000,0.0,0.0,34.72999954223633
2016-12-06,34.85499954223633,35.11000061035156,34.77000045776367,35.11000061035156,5366200,0.0,0.0,35.11000061035156
2016-12-07,35.0,35.834999084472656,34.89500045776367,35.810001373291016,6927000,0.0,0.0,35.810001373291016
2016-12-08,35.814998626708984,36.15999984741211,35.779998779296875,36.025001525878906,5062000,0.0,0.0,36.025001525878906
2016-12-09,36.29499816894531,36.349998474121094,35.689998626708984,35.84000015258789,6822400,0.0,0.0,35.84000015258789
2016-12-12,35.70500183105469,35.80500030517578,35.380001068115234,35.689998626708984,7697000,0.0,0.0,35.689998626708984
2016-12-13,35.7599983215332,36.349998474121094,35.7599983215332,36.32500076293945,7620200,0.0,0.0,36.32500076293945
2016-12-14,36.11000061035156,36.224998474121094,35.849998474121094,35.935001373291016,6313200,0.0,0.0,35.935001373291016
2016-12-15,36.040000915527344,36.599998474121094,36.03499984741211,36.5099983215332,11967400,0.0,0.0,36.5099983215332
2016-12-16,36.58000183105469,36.6349983215332,35.89500045776367,36.040000915527344,6983000,0.0,0.0,36.040000915527344
2016-12-19,35.845001220703125,36.19499969482422,35.81999969482422,36.19499969482422,3446600,0.0,0.288,36.19499969482422
2016-12-20,36.2400016784668,36.38999938964844,36.1349983215332,36.25,2349200,0.0,0.0,36.25
2016-12-21,36.494998931884766,36.494998931884766,36.16999816894531,36.21500015258789,4060200,0.0,0.0,36.21500015258789
2016-12-22,36.55500030517578,36.55500030517578,36.209999084472656,36.400001525878906,1515200,0.0,0.0,36.400001525878906
2016-12-23,36.29499816894531,36.56999969482422,36.29499816894531,36.56999969482422,1045000,0.0,0.0,36.56999969482422
2016-12-27,36.665000915527344,36.98500061035156,36.665000915527344,36.880001068115234,2561200,0.0,0.0,36.880001068115234
2016-12-28,37.025001525878906,37.16999816894531,36.27000045776367,36.27000045776367,3869800,0.0,0.0,36.27000045776367
2016-12-29,36.125,36.33000183105469,36.0,36.279998779296875,2533800,0.0,0.0,36.279998779296875
2016-12-30,36.459999084472656,36.599998474121094,35.7599983215332,35.81999969482422,3038600,0.0,0.0,35.81999969482422
2017-01-03,36.41999816894531,36.41999816894531,35.65999984741211,35.880001068115234,5741400,0.0,0.0,35.880001068115234
2017-01-04,36.040000915527344,36.150001525878906,35.88999938964844,35.994998931884766,3870400,0.0,0.0,35.994998931884766
2017-01-05,36.08000183105469,36.209999084472656,35.78499984741211,35.78499984741211,3016600,0.0,0.0,35.78499984741211
2017-01-06,35.834999084472656,36.11000061035156,35.69499969482422,35.970001220703125,5188000,0.0,0.0,35.970001220703125
2017-01-09,36.02000045776367,36.48500061035156,36.02000045776367,36.3849983215332,4708400,0.0,0.0,36.3849983215332
2017-01-10,36.36000061035156,36.60499954223633,36.36000061035156,36.525001525878906,3542000,0.0,0.0,36.525001525878906
2017-01-11,36.42499923706055,36.689998626708984,36.380001068115234,36.68000030517578,4425800,0.0,0.0,36.68000030517578
2017-01-12,36.439998626708984,36.439998626708984,35.89500045776367,36.06999969482422,7836000,0.0,0.0,36.06999969482422
2017-01-13,36.42499923706055,36.67499923706055,36.3650016784668,36.60499954223633,2261400,0.0,0.0,36.60499954223633
2017-01-17,36.5,36.53499984741211,36.084999084472656,36.17499923706055,3131400,0.0,0.0,36.17499923706055
2017-01-18,36.3650016784668,36.814998626708984,36.29999923706055,36.814998626708984,4002200,0.0,0.0,36.814998626708984
2017-01-19,36.564998626708984,36.81999969482422,36.46500015258789,36.53499984741211,2134200,0.0,0.0,36.53499984741211
2017-01-20,36.880001068115234,37.125,36.83000183105469,36.8849983215332,5442000,0.0,0.0,36.8849983215332
2017-01-23,36.779998779296875,36.84000015258789,36.380001068115234,36.560001373291016,3328600,0.0,0.0,36.560001373291016
2017-01-24,36.720001220703125,37.275001525878906,36.720001220703125,37.275001525878906,8233400,0.0,0.0,37.275001525878906
2017-01-25,37.630001068115234,37.7599983215332,37.435001373291016,37.73500061035156,5480400,0.0,0.0,37.73500061035156
2017-01-26,37.775001525878906,37.775001525878906,37.310001373291016,37.44499969482422,5233200,0.0,0.0,37.44499969482422
2017-01-27,37.625,37.92499923706055,37.625,37.92499923706055,3379800,0.0,0.0,37.92499923706055
2017-01-30,37.810001373291016,37.810001373291016,37.32500076293945,37.744998931884766,3569400,0.0,0.0,37.744998931884766
2017-01-31,37.54499816894531,37.68000030517578,37.08000183105469,37.220001220703125,4364800,0.0,0.0,37.220001220703125
2017-02-01,37.654998779296875,37.7599983215332,37.35499954223633,37.599998474121094,3412600,0.0,0.0,37.599998474121094
2017-02-02,37.375,37.720001220703125,37.25,37.63999938964844,2290200,0.0,0.0,37.63999938964844
2017-02-03,37.82500076293945,37.900001525878906,37.720001220703125,37.80500030517578,3290600,0.0,0.0,37.80500030517578
2017-02-06,37.82500076293945,37.904998779296875,37.630001068115234,37.7599983215332,1919800,0.0,0.0,37.7599983215332
2017-02-07,37.95000076293945,38.02000045776367,37.75,37.91999816894531,2852800,0.0,0.0,37.91999816894531
2017-02-08,37.915000915527344,38.07500076293945,37.78499984741211,37.959999084472656,2678600,0.0,0.0,37.959999084472656
2017-02-09,38.0099983215332,38.029998779296875,37.630001068115234,37.630001068115234,3577800,0.0,0.0,37.630001068115234
2017-02-10,37.970001220703125,37.970001220703125,37.375,37.66999816894531,4023000,0.0,0.0,37.66999816894531
2017-02-13,37.95000076293945,38.165000915527344,37.86000061035156,38.165000915527344,3427000,0.0,0.0,38.165000915527344
2017-02-14,37.959999084472656,37.959999084472656,37.66999816894531,37.869998931884766,3845400,0.0,0.0,37.869998931884766
2017-02-15,37.98500061035156,38.2599983215332,37.82500076293945,38.2599983215332,3246000,0.0,0.0,38.2599983215332
2017-02-16,38.29499816894531,38.404998779296875,38.15999984741211,38.404998779296875,3860000,0.0,0.0,38.404998779296875
2017-02-17,38.209999084472656,38.54499816894531,38.119998931884766,38.54499816894531,3377000,0.0,0.0,38.54499816894531
2017-02-21,38.7400016784668,38.90999984741211,38.619998931884766,38.90999984741211,2242200,0.0,0.0,38.90999984741211
2017-02-22,38.779998779296875,38.869998931884766,38.630001068115234,38.7400016784668,2620200,0.0,0.0,38.7400016784668
2017-02-23,38.724998474121094,38.73500061035156,38.16999816894531,38.310001373291016,5455400,0.0,0.0,38.310001373291016
2017-02-24,37.88999938964844,38.380001068115234,37.75,38.3650016784668,2751600,0.0,0.0,38.3650016784668
2017-02-27,38.34000015258789,38.54999923706055,38.255001068115234,38.54999923706055,3777400,0.0,0.0,38.54999923706055
2017-02-28,38.470001220703125,38.4900016784668,38.099998474121094,38.19499969482422,4832800,0.0,0.0,38.19499969482422
2017-03-01,38.505001068115234,38.69499969482422,38.20500183105469,38.63999938964844,3665200,0.0,0.0,38.63999938964844
2017-03-02,38.599998474121094,38.68000030517578,38.28499984741211,38.29999923706055,3834400,0.0,0.0,38.29999923706055
2017-03-03,38.404998779296875,38.435001373291016,38.16999816894531,38.435001373291016,2671000,0.0,0.0,38.435001373291016
2017-03-06,38.2599983215332,38.494998931884766,38.11000061035156,38.45000076293945,5125000,0.0,0.0,38.45000076293945
2017-03-07,38.36000061035156,38.709999084472656,38.310001373291016,38.54499816894531,3065800,0.0,0.0,38.54499816894531
2017-03-08,38.540000915527344,38.845001220703125,38.494998931884766,38.584999084472656,3001000,0.0,0.0,38.584999084472656
2017-03-09,38.46500015258789,38.665000915527344,38.349998474121094,38.599998474121094,2138200,0.0,0.0,38.599998474121094
2017-03-10,38.84000015258789,39.064998626708984,38.76499938964844,38.96500015258789,3582200,0.0,0.0,38.96500015258789
2017-03-13,39.09000015258789,39.154998779296875,38.904998779296875,39.154998779296875,5468200,0.0,0.0,39.154998779296875
2017-03-14,39.025001525878906,39.040000915527344,38.7599983215332,39.01499938964844,2539800,0.0,0.0,39.01499938964844
2017-03-15,39.029998779296875,39.400001525878906,38.915000915527344,39.369998931884766,4813800,0.0,0.0,39.369998931884766
2017-03-16,39.43000030517578,39.529998779296875,39.30500030517578,39.400001525878906,3208400,0.0,0.0,39.400001525878906
2017-03-17,39.53499984741211,39.61000061035156,39.400001525878906,39.505001068115234,4099000,0.0,0.0,39.505001068115234
2017-03-20,39.66999816894531,39.915000915527344,39.5099983215332,39.755001068115234,2270400,0.0,0.0,39.755001068115234
2017-03-21,39.88999938964844,39.9900016784668,38.900001525878906,38.994998931884766,10765000,0.0,0.0,38.994998931884766
2017-03-22,39.029998779296875,39.40999984741211,38.93000030517578,39.375,6625800,0.0,0.0,39.375
2017-03-23,39.30500030517578,39.44499969482422,39.15999984741211,39.255001068115234,2660600,0.0,0.0,39.255001068115234
2017-03-24,39.86000061035156,39.994998931884766,39.439998626708984,39.564998626708984,3248400,0.0,0.0,39.564998626708984
2017-03-27,39.39500045776367,39.76499938964844,39.165000915527344,39.744998931884766,2495800,0.0,0.0,39.744998931884766
2017-03-28,39.70500183105469,39.95500183105469,39.57500076293945,39.81999969482422,4663800,0.0,0.0,39.81999969482422
2017-03-29,39.75,39.76499938964844,39.57500076293945,39.65999984741211,2358200,0.0,0.0,39.65999984741211
2017-03-30,39.654998779296875,39.95000076293945,39.650001525878906,39.86000061035156,1175800,0.0,0.0,39.86000061035156
2017-03-31,39.814998626708984,40.025001525878906,39.724998474121094,39.85499954223633,1731400,0.0,0.0,39.85499954223633
2017-04-03,39.900001525878906,39.974998474121094,39.470001220703125,39.7599983215332,2521000,0.0,0.0,39.7599983215332
2017-04-04,39.54999923706055,39.78499984741211,39.494998931884766,39.619998931884766,2975400,0.0,0.0,39.619998931884766
2017-04-05,39.67499923706055,39.96500015258789,39.345001220703125,39.3849983215332,2891400,0.0,0.0,39.3849983215332
2017-04-06,39.310001373291016,39.505001068115234,39.09000015258789,39.404998779296875,2020200,0.0,0.0,39.404998779296875
2017-04-07,39.369998931884766,39.654998779296875,39.334999084472656,39.560001373291016,1723200,0.0,0.0,39.560001373291016
2017-04-10,39.540000915527344,39.54499816894531,39.125,39.209999084472656,3922600,0.0,0.0,39.209999084472656
2017-04-11,39.08000183105469,39.08000183105469,38.404998779296875,38.915000915527344,13529800,0.0,0.0,38.915000915527344
2017-04-12,38.92499923706055,38.94499969482422,38.28499984741211,38.40999984741211,15788200,0.0,0.0,38.40999984741211
2017-04-13,38.21500015258789,38.70000076293945,38.125,38.125,5420400,0.0,0.0,38.125
2017-04-17,38.30500030517578,38.560001373291016,38.29499816894531,38.540000915527344,4378600,0.0,0.0,38.540000915527344
2017-04-18,38.3849983215332,38.709999084472656,38.314998626708984,38.69499969482422,4251400,0.0,0.0,38.69499969482422
2017-04-19,39.02000045776367,39.20500183105469,38.810001373291016,38.904998779296875,7181400,0.0,0.0,38.904998779296875
2017-04-20,39.15999984741211,39.505001068115234,38.9900016784668,39.46500015258789,4511200,0.0,0.0,39.46500015258789
2017-04-21,39.30500030517578,39.38999938964844,39.040000915527344,39.30500030517578,5448000,0.0,0.0,39.30500030517578
2017-04-24,39.904998779296875,40.0,39.7400016784668,39.875,4373800,0.0,0.0,39.875
2017-04-25,40.064998626708984,40.29999923706055,39.92499923706055,40.275001525878906,4021800,0.0,0.0,40.275001525878906
2017-04-26,40.244998931884766,40.27000045776367,39.875,39.970001220703125,3993000,0.0,0.0,39.970001220703125
2017-04-27,40.185001373291016,40.540000915527344,40.185001373291016,40.505001068115234,5043800,0.0,0.0,40.505001068115234
2017-04-28,40.26499938964844,40.334999084472656,39.7400016784668,39.849998474121094,8783400,0.0,0.0,39.849998474121094
2017-05-01,39.970001220703125,40.26499938964844,39.78499984741211,40.26499938964844,4598600,0.0,0.0,40.26499938964844
2017-05-02,40.20500183105469,40.20500183105469,39.83000183105469,40.04999923706055,6497400,0.0,0.0,40.04999923706055
2017-05-03,39.970001220703125,40.29999923706055,39.939998626708984,40.279998779296875,5324800,0.0,0.0,40.279998779296875
2017-05-04,40.28499984741211,40.349998474121094,40.084999084472656,40.2400016784668,1905800,0.0,0.0,40.2400016784668
2017-05-05,40.279998779296875,40.400001525878906,40.05500030517578,40.400001525878906,2059000,0.0,0.0,40.400001525878906
2017-05-08,40.45000076293945,40.46500015258789,40.25,40.29999923706055,1855000,0.0,0.0,40.29999923706055
2017-05-09,40.3650016784668,40.78499984741211,40.3650016784668,40.70500183105469,3260600,0.0,0.0,40.70500183105469
2017-05-10,41.1150016784668,41.334999084472656,40.959999084472656,41.220001220703125,3330400,0.0,0.0,41.220001220703125
2017-05-11,41.14500045776367,41.45000076293945,40.8849983215332,41.310001373291016,3388200,0.0,0.0,41.310001373291016
2017-05-12,41.345001220703125,41.45500183105469,41.185001373291016,41.42499923706055,1947600,0.0,0.0,41.42499923706055
2017-05-15,41.474998474121094,41.8849983215332,41.42499923706055,41.8849983215332,3541600,0.0,0.0,41.8849983215332
2017-05-16,41.959999084472656,42.3849983215332,41.814998626708984,42.3849983215332,3641600,0.0,0.0,42.3849983215332
2017-05-17,41.790000915527344,41.98500061035156,40.76499938964844,40.790000915527344,12639400,0.0,0.0,40.790000915527344
2017-05-18,40.935001373291016,41.57500076293945,40.720001220703125,41.39500045776367,6609800,0.0,0.0,41.39500045776367
2017-05-19,41.834999084472656,41.98500061035156,41.76499938964844,41.875,6180400,0.0,0.0,41.875
2017-05-22,42.029998779296875,42.290000915527344,41.97999954223633,42.275001525878906,4292200,0.0,0.0,42.275001525878906
2017-05-23,42.369998931884766,42.369998931884766,41.869998931884766,42.185001373291016,5040200,0.0,0.0,42.185001373291016
2017-05-24,42.45500183105469,42.48500061035156,42.209999084472656,42.369998931884766,1998000,0.0,0.0,42.369998931884766
2017-05-25,42.61000061035156,42.744998931884766,42.334999084472656,42.65999984741211,6936400,0.0,0.0,42.65999984741211
2017-05-26,42.595001220703125,42.75,42.33000183105469,42.7400016784668,1588400,0.0,0.0,42.7400016784668
2017-05-30,42.80500030517578,43.09000015258789,42.720001220703125,43.04499816894531,3494200,0.0,0.0,43.04499816894531
2017-05-31,43.275001525878906,43.290000915527344,42.755001068115234,42.994998931884766,3466600,0.0,0.0,42.994998931884766
2017-06-01,43.11000061035156,43.11000061035156,42.810001373291016,43.07500076293945,5250800,0.0,0.0,43.07500076293945
2017-06-02,43.30500030517578,43.45500183105469,42.994998931884766,43.40999984741211,2599600,0.0,0.0,43.40999984741211
2017-06-05,43.44499969482422,43.72999954223633,43.415000915527344,43.525001525878906,4386600,0.0,0.0,43.525001525878906
2017-06-06,43.474998474121094,43.89500045776367,43.314998626708984,43.625,3496800,0.0,0.0,43.625
2017-06-07,43.845001220703125,44.084999084472656,43.709999084472656,43.95000076293945,5305800,0.0,0.0,43.95000076293945
2017-06-08,44.150001525878906,44.56999969482422,43.91999816894531,44.529998779296875,6589400,0.0,0.0,44.529998779296875
2017-06-09,44.78499984741211,44.86000061035156,42.04499816894531,42.845001220703125,17851800,0.0,0.0,42.845001220703125
2017-06-12,42.32500076293945,42.584999084472656,41.564998626708984,42.584999084472656,16678400,0.0,0.0,42.584999084472656
2017-06-13,43.0099983215332,43.20000076293945,42.404998779296875,42.86000061035156,6954800,0.0,0.0,42.86000061035156
2017-06-14,42.959999084472656,43.0,42.07500076293945,42.4900016784668,6346200,0.0,0.0,42.4900016784668
2017-06-15,41.779998779296875,42.25,41.779998779296875,42.099998474121094,8397800,0.0,0.0,42.099998474121094
2017-06-16,42.279998779296875,42.4900016784668,41.96500015258789,42.07500076293945,7413400,0.0,0.0,42.07500076293945
2017-06-19,42.52000045776367,42.8650016784668,42.52000045776367,42.81999969482422,5378800,0.0,0.0,42.81999969482422
2017-06-20,42.880001068115234,43.05500030517578,42.28499984741211,42.28499984741211,5286000,0.0,0.0,42.28499984741211
2017-06-21,42.48500061035156,42.775001525878906,42.31999969482422,42.77000045776367,6412000,0.0,0.0,42.77000045776367
2017-06-22,42.76499938964844,42.875,42.52000045776367,42.65999984741211,4491800,0.0,0.0,42.65999984741211
2017-06-23,42.68000030517578,43.0099983215332,42.58000183105469,42.834999084472656,4133800,0.0,0.0,42.834999084472656
2017-06-26,43.2400016784668,43.34000015258789,42.38999938964844,42.66999816894531,10756400,0.0,0.0,42.66999816894531
2017-06-27,42.345001220703125,42.349998474121094,41.45000076293945,41.45000076293945,15194000,0.0,0.0,41.45000076293945
2017-06-28,41.755001068115234,42.1349983215332,41.290000915527344,42.04999923706055,7873000,0.0,0.0,42.04999923706055
2017-06-29,41.775001525878906,41.85499954223633,40.59000015258789,41.10499954223633,15391200,0.0,0.0,41.10499954223633
2017-06-30,41.290000915527344,41.43000030517578,40.779998779296875,40.93000030517578,10455000,0.0,0.0,40.93000030517578
2017-07-03,41.189998626708984,41.310001373291016,40.459999084472656,40.459999084472656,6499800,0.0,0.0,40.459999084472656
2017-07-05,40.619998931884766,41.290000915527344,40.619998931884766,41.22999954223633,12905600,0.0,0.0,41.22999954223633
2017-07-06,40.96500015258789,41.32500076293945,40.685001373291016,41.05500030517578,5441600,0.0,0.0,41.05500030517578
2017-07-07,41.32500076293945,41.78499984741211,41.244998931884766,41.60499954223633,6831000,0.0,0.0,41.60499954223633
2017-07-10,41.689998626708984,42.1349983215332,41.51499938964844,42.03499984741211,6785400,0.0,0.0,42.03499984741211
2017-07-11,42.099998474121094,42.44499969482422,41.939998626708984,42.369998931884766,5848600,0.0,0.0,42.369998931884766
2017-07-12,42.869998931884766,43.05500030517578,42.619998931884766,42.97999954223633,6302600,0.0,0.0,42.97999954223633
2017-07-13,43.0,43.27000045776367,42.755001068115234,42.880001068115234,6005000,0.0,0.0,42.880001068115234
2017-07-14,43.099998474121094,43.474998474121094,43.03499984741211,43.40999984741211,4687000,0.0,0.0,43.40999984741211
2017-07-17,43.505001068115234,43.52000045776367,43.11000061035156,43.290000915527344,3431000,0.0,0.0,43.290000915527344
2017-07-18,43.13999938964844,43.45500183105469,42.95500183105469,43.45500183105469,7818200,0.0,0.0,43.45500183105469
2017-07-19,43.70000076293945,43.8849983215332,43.619998931884766,43.8849983215332,6027200,0.0,0.0,43.8849983215332
2017-07-20,44.01499938964844,44.01499938964844,43.54499816894531,43.97999954223633,5455800,0.0,0.0,43.97999954223633
2017-07-21,43.65999984741211,43.73500061035156,43.42499923706055,43.73500061035156,6271000,0.0,0.0,43.73500061035156
2017-07-24,43.65999984741211,43.689998626708984,43.470001220703125,43.595001220703125,5348200,0.0,0.0,43.595001220703125
2017-07-25,43.44499969482422,43.58000183105469,43.125,43.474998474121094,6417000,0.0,0.0,43.474998474121094
2017-07-26,43.81999969482422,44.04499816894531,43.685001373291016,43.935001373291016,4032200,0.0,0.0,43.935001373291016
2017-07-27,44.07500076293945,44.17499923706055,42.935001373291016,43.380001068115234,12734600,0.0,0.0,43.380001068115234
2017-07-28,43.16999816894531,43.375,43.005001068115234,43.17499923706055,7256800,0.0,0.0,43.17499923706055
2017-07-31,43.29499816894531,43.459999084472656,42.775001525878906,42.91999816894531,7057800,0.0,0.0,42.91999816894531
2017-08-01,43.064998626708984,43.11000061035156,42.84000015258789,43.10499954223633,4375200,0.0,0.0,43.10499954223633
2017-08-02,43.584999084472656,43.584999084472656,42.61000061035156,42.869998931884766,7962200,0.0,0.0,42.869998931884766
2017-08-03,42.869998931884766,42.974998474121094,42.54999923706055,42.720001220703125,5946000,0.0,0.0,42.720001220703125
2017-08-04,42.89500045776367,43.11000061035156,42.68000030517578,42.845001220703125,6791600,0.0,0.0,42.845001220703125
2017-08-07,42.97999954223633,43.6150016784668,42.97999954223633,43.599998474121094,6041800,0.0,0.0,43.599998474121094
2017-08-08,43.599998474121094,43.935001373291016,43.345001220703125,43.470001220703125,10179400,0.0,0.0,43.470001220703125
2017-08-09,43.01499938964844,43.38999938964844,42.970001220703125,43.3849983215332,7067000,0.0,0.0,43.3849983215332
2017-08-10,43.0099983215332,43.1349983215332,42.185001373291016,42.19499969482422,11112800,0.0,0.0,42.19499969482422
2017-08-11,42.1150016784668,42.630001068115234,42.040000915527344,42.584999084472656,6642400,0.0,0.0,42.584999084472656
2017-08-14,42.915000915527344,43.474998474121094,42.915000915527344,43.42499923706055,6643000,0.0,0.0,43.42499923706055
2017-08-15,43.47999954223633,43.6150016784668,43.28499984741211,43.584999084472656,8062600,0.0,0.0,43.584999084472656
2017-08-16,43.654998779296875,43.779998779296875,43.45000076293945,43.67499923706055,6273600,0.0,0.0,43.67499923706055
2017-08-17,43.43000030517578,43.55500030517578,42.630001068115234,42.63999938964844,11995600,0.0,0.0,42.63999938964844
2017-08-18,42.81999969482422,43.060001373291016,42.53499984741211,42.73500061035156,17463400,0.0,0.0,42.73500061035156
2017-08-21,42.82500076293945,42.82500076293945,42.2400016784668,42.57500076293945,6845000,0.0,0.0,42.57500076293945
2017-08-22,42.814998626708984,43.255001068115234,42.790000915527344,43.14500045776367,5273000,0.0,0.0,43.14500045776367
2017-08-23,42.880001068115234,43.345001220703125,42.779998779296875,43.23500061035156,4235200,0.0,0.0,43.23500061035156
2017-08-24,43.439998626708984,43.45500183105469,42.9900016784668,43.22999954223633,2259800,0.0,0.0,43.22999954223633
2017-08-25,43.46500015258789,43.46500015258789,43.005001068115234,43.095001220703125,4024400,0.0,0.0,43.095001220703125
2017-08-28,43.220001220703125,43.25,42.9900016784668,43.220001220703125,4206200,0.0,0.0,43.220001220703125
2017-08-29,42.78499984741211,43.44499969482422,42.775001525878906,43.34000015258789,5013200,0.0,0.0,43.34000015258789
2017-08-30,43.52000045776367,44.02000045776367,43.3849983215332,43.94499969482422,4659000,0.0,0.0,43.94499969482422
2017-08-31,44.04499816894531,44.35499954223633,43.974998474121094,44.290000915527344,4803800,0.0,0.0,44.290000915527344
2017-09-01,44.400001525878906,44.685001373291016,44.400001525878906,44.5,2998200,0.0,0.0,44.5
2017-09-05,44.290000915527344,44.41999816894531,43.584999084472656,43.935001373291016,8848000,0.0,0.0,43.935001373291016
2017-09-06,44.09000015258789,44.27000045776367,43.869998931884766,44.09000015258789,3225000,0.0,0.0,44.09000015258789
2017-09-07,44.26499938964844,44.35499954223633,44.02000045776367,44.2599983215332,2636200,0.0,0.0,44.2599983215332
2017-09-08,44.185001373291016,44.28499984741211,43.66999816894531,43.779998779296875,4944600,0.0,0.0,43.779998779296875
2017-09-11,44.189998626708984,44.65999984741211,44.064998626708984,44.57500076293945,5448800,0.0,0.0,44.57500076293945
2017-09-12,44.70000076293945,44.86000061035156,44.5,44.744998931884766,4886600,0.0,0.0,44.744998931884766
2017-09-13,44.650001525878906,44.869998931884766,44.474998474121094,44.755001068115234,5872800,0.0,0.0,44.755001068115234
2017-09-14,44.755001068115234,45.16999816894531,44.595001220703125,44.95000076293945,8595600,0.0,0.0,44.95000076293945
2017-09-15,45.189998626708984,45.61000061035156,45.0,45.54499816894531,9237600,0.0,0.0,45.54499816894531
2017-09-18,45.880001068115234,46.36000061035156,45.82500076293945,46.18000030517578,7475000,0.0,0.0,46.18000030517578
2017-09-19,46.314998626708984,46.45000076293945,46.025001525878906,46.29999923706055,4539200,0.0,0.0,46.29999923706055
2017-09-20,46.36000061035156,46.41999816894531,45.10499954223633,45.685001373291016,9208800,0.0,0.0,45.685001373291016
2017-09-21,45.625,45.71500015258789,45.19499969482422,45.599998474121094,19256800,0.0,0.0,45.599998474121094
2017-09-22,45.39500045776367,45.84000015258789,45.255001068115234,45.78499984741211,2660400,0.0,0.0,45.78499984741211
2017-09-25,45.78499984741211,45.78499984741211,44.744998931884766,44.8650016784668,7540800,0.0,0.0,44.8650016784668
2017-09-26,45.29499816894531,45.32500076293945,44.72999954223633,44.91999816894531,4284000,0.0,0.0,44.91999816894531
2017-09-27,45.45000076293945,46.07500076293945,45.314998626708984,45.935001373291016,7999200,0.0,0.0,45.935001373291016
2017-09-28,45.84000015258789,46.244998931884766,45.720001220703125,46.22999954223633,5945000,0.0,0.0,46.22999954223633
2017-09-29,46.349998474121094,46.69499969482422,46.19499969482422,46.65999984741211,7555200,0.0,0.0,46.65999984741211
2017-10-02,46.915000915527344,47.154998779296875,46.654998779296875,46.970001220703125,6376000,0.0,0.0,46.970001220703125
2017-10-03,47.10499954223633,47.244998931884766,46.935001373291016,47.125,4141200,0.0,0.0,47.125
2017-10-04,47.05500030517578,47.21500015258789,46.810001373291016,47.19499969482422,3352400,0.0,0.0,47.19499969482422
2017-10-05,47.38999938964844,47.39500045776367,47.0,47.244998931884766,3692200,0.0,0.0,47.244998931884766
2017-10-06,47.16999816894531,47.45000076293945,47.07500076293945,47.435001373291016,2669600,0.0,0.0,47.435001373291016
2017-10-09,47.59000015258789,47.80500030517578,47.54999923706055,47.779998779296875,2407000,0.0,0.0,47.779998779296875
2017-10-10,48.22999954223633,48.23500061035156,47.54499816894531,48.025001525878906,5315000,0.0,0.0,48.025001525878906
2017-10-11,47.95000076293945,48.404998779296875,47.92499923706055,48.3650016784668,3258400,0.0,0.0,48.3650016784668
2017-10-12,48.415000915527344,48.56999969482422,48.23500061035156,48.26499938964844,5800600,0.0,0.0,48.26499938964844
2017-10-13,48.560001373291016,48.7599983215332,48.38999938964844,48.595001220703125,3370400,0.0,0.0,48.595001220703125
2017-10-16,48.790000915527344,48.85499954223633,48.51499938964844,48.85499954223633,3274000,0.0,0.0,48.85499954223633
2017-10-17,48.83000183105469,48.875,48.584999084472656,48.845001220703125,5849000,0.0,0.0,48.845001220703125
2017-10-18,49.025001525878906,49.095001220703125,48.380001068115234,49.025001525878906,6093600,0.0,0.0,49.025001525878906
2017-10-19,48.63999938964844,48.92499923706055,48.20500183105469,48.92499923706055,4864400,0.0,0.0,48.92499923706055
2017-10-20,49.33000183105469,49.35499954223633,49.10499954223633,49.189998626708984,10134600,0.0,0.0,49.189998626708984
2017-10-23,49.42499923706055,49.6349983215332,49.209999084472656,49.375,5250400,0.0,0.0,49.375
2017-10-24,49.5,49.720001220703125,49.28499984741211,49.67499923706055,6298000,0.0,0.0,49.67499923706055
2017-10-25,49.310001373291016,49.529998779296875,48.595001220703125,49.04499816894531,8612800,0.0,0.0,49.04499816894531
2017-10-26,49.150001525878906,49.44499969482422,49.10499954223633,49.310001373291016,6899200,0.0,0.0,49.310001373291016
2017-10-27,49.709999084472656,50.35499954223633,49.474998474121094,50.29999923706055,6465800,0.0,0.0,50.29999923706055
2017-10-30,49.709999084472656,50.564998626708984,49.709999084472656,50.31999969482422,4894800,0.0,0.0,50.31999969482422
2017-10-31,50.52000045776367,50.970001220703125,50.415000915527344,50.80500030517578,5721400,0.0,0.0,50.80500030517578
2017-11-01,51.15999984741211,51.220001220703125,50.2599983215332,50.66999816894531,9836800,0.0,0.0,50.66999816894531
2017-11-02,50.654998779296875,50.959999084472656,50.35499954223633,50.90999984741211,7863600,0.0,0.0,50.90999984741211
2017-11-03,51.185001373291016,51.470001220703125,50.69499969482422,51.470001220703125,10232600,0.0,0.0,51.470001220703125
2017-11-06,52.02000045776367,52.1349983215332,51.54999923706055,52.1349983215332,7235400,0.0,0.0,52.1349983215332
2017-11-07,52.0,52.17499923706055,51.72999954223633,52.029998779296875,5460600,0.0,0.0,52.029998779296875
2017-11-08,52.0099983215332,52.20000076293945,51.775001525878906,52.150001525878906,4088200,0.0,0.0,52.150001525878906
2017-11-09,52.150001525878906,52.17499923706055,50.560001373291016,51.1349983215332,15495600,0.0,0.0,51.1349983215332
2017-11-10,51.2599983215332,51.459999084472656,51.11000061035156,51.43000030517578,5616200,0.0,0.0,51.43000030517578
2017-11-13,51.23500061035156,51.68000030517578,51.154998779296875,51.64500045776367,3448000,0.0,0.0,51.64500045776367
2017-11-14,51.529998779296875,51.689998626708984,51.22999954223633,51.64500045776367,3108400,0.0,0.0,51.64500045776367
2017-11-15,51.244998931884766,51.400001525878906,50.80500030517578,51.165000915527344,5601200,0.0,0.0,51.165000915527344
2017-11-16,51.3849983215332,52.435001373291016,51.3849983215332,52.435001373291016,7401400,0.0,0.0,52.435001373291016
2017-11-17,52.21500015258789,52.25,51.55500030517578,51.625,8951200,0.0,0.0,51.625
2017-11-20,51.869998931884766,52.32500076293945,51.79999923706055,52.25,3694400,0.0,0.0,52.25
2017-11-21,52.52000045776367,52.834999084472656,52.45500183105469,52.78499984741211,4289200,0.0,0.0,52.78499984741211
2017-11-22,52.90999984741211,52.915000915527344,52.375,52.439998626708984,3058200,0.0,0.0,52.439998626708984
2017-11-24,52.55500030517578,52.915000915527344,52.55500030517578,52.8849983215332,1206400,0.0,0.0,52.8849983215332
2017-11-27,52.334999084472656,52.380001068115234,52.005001068115234,52.064998626708984,5964600,0.0,0.0,52.064998626708984
2017-11-28,52.220001220703125,52.2400016784668,51.849998474121094,52.02000045776367,7976400,0.0,0.0,52.02000045776367
2017-11-29,51.970001220703125,52.02000045776367,49.404998779296875,49.814998626708984,34478800,0.0,0.0,49.814998626708984
2017-11-30,50.349998474121094,50.60499954223633,49.845001220703125,50.125,13382000,0.0,0.0,50.125
2017-12-01,49.75,49.970001220703125,48.55500030517578,49.689998626708984,19874600,0.0,0.0,49.689998626708984
2017-12-04,50.1150016784668,50.16999816894531,48.349998474121094,48.6349983215332,20150800,0.0,0.0,48.6349983215332
2017-12-05,48.439998626708984,49.4900016784668,48.05500030517578,48.6349983215332,13001600,0.0,0.0,48.6349983215332
2017-12-06,48.20500183105469,48.834999084472656,47.959999084472656,48.744998931884766,10486000,0.0,0.0,48.744998931884766
2017-12-07,49.15999984741211,49.34000015258789,48.88999938964844,49.224998474121094,10849800,0.0,0.0,49.224998474121094
2017-12-08,49.69499969482422,49.81999969482422,48.96500015258789,49.0,9719600,0.0,0.0,49.0
2017-12-11,49.119998931884766,49.46500015258789,48.9900016784668,49.29999923706055,6617200,0.0,0.0,49.29999923706055
2017-12-12,49.14500045776367,49.17499923706055,48.755001068115234,48.814998626708984,10415600,0.0,0.0,48.814998626708984
2017-12-13,49.060001373291016,49.22999954223633,48.814998626708984,48.845001220703125,7922400,0.0,0.0,48.845001220703125
2017-12-14,48.935001373291016,49.130001068115234,48.70000076293945,48.82500076293945,8270000,0.0,0.0,48.82500076293945
2017-12-15,48.96500015258789,49.625,48.775001525878906,49.625,43080400,0.0,0.0,49.625
2017-12-18,49.30500030517578,49.810001373291016,49.125,49.790000915527344,10766400,0.0,0.698,49.790000915527344
2017-12-19,49.71500015258789,49.8650016784668,49.470001220703125,49.76499938964844,6066000,0.0,0.0,49.76499938964844
2017-12-20,50.275001525878906,50.3849983215332,49.689998626708984,50.09000015258789,11095600,0.0,0.0,50.09000015258789
2017-12-21,50.09000015258789,50.154998779296875,49.505001068115234,49.560001373291016,6029200,0.0,0.0,49.560001373291016
2017-12-22,49.470001220703125,49.599998474121094,49.21500015258789,49.58000183105469,4900000,0.0,0.0,49.58000183105469
2017-12-26,49.005001068115234,49.07500076293945,48.665000915527344,49.02000045776367,4413600,0.0,0.0,49.02000045776367
2017-12-27,49.0,49.380001068115234,48.994998931884766,49.18000030517578,5500000,0.0,0.0,49.18000030517578
2017-12-28,49.45500183105469,49.47999954223633,49.26499938964844,49.36000061035156,5424200,0.0,0.0,49.36000061035156
2017-12-29,49.36000061035156,49.470001220703125,48.8849983215332,48.904998779296875,3376600,0.0,0.0,48.904998779296875
2018-01-02,49.25,50.19499969482422,49.13999938964844,50.185001373291016,8908600,0.0,0.0,50.185001373291016
2018-01-03,50.38999938964844,50.935001373291016,50.30500030517578,50.89500045776367,7617000,0.0,0.0,50.89500045776367
2018-01-04,51.189998626708984,51.30500030517578,50.73500061035156,51.154998779296875,6699600,0.0,0.0,51.154998779296875
2018-01-05,51.345001220703125,51.689998626708984,51.13999938964844,51.48500061035156,3584800,0.0,0.0,51.48500061035156
2018-01-08,51.48500061035156,51.97999954223633,51.34000015258789,51.84000015258789,2768400,0.0,0.0,51.84000015258789
2018-01-09,51.8849983215332,51.93000030517578,51.26499938964844,51.35499954223633,7800600,0.0,0.0,51.35499954223633
2018-01-10,50.904998779296875,50.92499923706055,50.290000915527344,50.67499923706055,7958600,0.0,0.0,50.67499923706055
2018-01-11,50.8650016784668,50.94499969482422,50.61000061035156,50.915000915527344,5162600,0.0,0.0,50.915000915527344
2018-01-12,50.904998779296875,51.27000045776367,50.79499816894531,51.17499923706055,3809200,0.0,0.0,51.17499923706055
2018-01-16,51.66999816894531,51.9900016784668,51.130001068115234,51.40999984741211,7623600,0.0,0.0,51.40999984741211
2018-01-17,52.0,53.029998779296875,51.904998779296875,52.94499969482422,12285600,0.0,0.0,52.94499969482422
2018-01-18,52.96500015258789,53.58000183105469,52.904998779296875,53.334999084472656,7106600,0.0,0.0,53.334999084472656
2018-01-19,53.64500045776367,53.685001373291016,53.07500076293945,53.3849983215332,6568400,0.0,0.0,53.3849983215332
2018-01-22,53.564998626708984,53.90999984741211,53.33000183105469,53.90999984741211,4790600,0.0,0.0,53.90999984741211
2018-01-23,54.064998626708984,54.279998779296875,53.91999816894531,54.2599983215332,7356400,0.0,0.0,54.2599983215332
2018-01-24,53.720001220703125,53.939998626708984,52.84000015258789,53.15999984741211,14236200,0.0,0.0,53.15999984741211
2018-01-25,53.790000915527344,53.95000076293945,52.290000915527344,52.29999923706055,13986800,0.0,0.0,52.29999923706055
2018-01-26,53.099998474121094,53.97999954223633,53.07500076293945,53.96500015258789,7895000,0.0,0.0,53.96500015258789
2018-01-29,53.84000015258789,54.220001220703125,53.25,53.8650016784668,8147400,0.0,0.0,53.8650016784668
2018-01-30,52.939998626708984,53.38999938964844,52.73500061035156,52.810001373291016,10836600,0.0,0.0,52.810001373291016
2018-01-31,53.40999984741211,53.58000183105469,52.974998474121094,53.255001068115234,7457800,0.0,0.0,53.255001068115234
2018-02-01,52.79499816894531,53.709999084472656,52.744998931884766,52.93000030517578,8369000,0.0,0.0,52.93000030517578
2018-02-02,52.45000076293945,52.53499984741211,51.45500183105469,51.45500183105469,26015400,0.0,0.0,51.45500183105469
2018-02-05,50.900001525878906,51.900001525878906,49.1349983215332,49.1349983215332,22948000,0.0,0.0,49.1349983215332
2018-02-06,48.70500183105469,50.94499969482422,48.525001525878906,50.94499969482422,26244800,0.0,0.0,50.94499969482422
2018-02-07,50.38999938964844,50.84000015258789,49.59000015258789,49.599998474121094,20566600,0.0,0.0,49.599998474121094
2018-02-08,49.845001220703125,49.91999816894531,47.60499954223633,47.625,29822200,0.0,0.0,47.625
2018-02-09,48.58000183105469,49.21500015258789,46.939998626708984,48.869998931884766,34208400,0.0,0.0,48.869998931884766
2018-02-12,49.150001525878906,50.21500015258789,49.150001525878906,49.904998779296875,19014000,0.0,0.0,49.904998779296875
2018-02-13,49.625,49.875,49.310001373291016,49.80500030517578,7415000,0.0,0.0,49.80500030517578
2018-02-14,49.439998626708984,50.970001220703125,49.33000183105469,50.8650016784668,10839800,0.0,0.0,50.8650016784668
2018-02-15,51.2599983215332,51.505001068115234,50.31999969482422,51.505001068115234,9639200,0.0,0.0,51.505001068115234
2018-02-16,51.30500030517578,52.029998779296875,51.255001068115234,51.39500045776367,12480400,0.0,0.0,51.39500045776367
2018-02-20,51.41999816894531,52.845001220703125,51.404998779296875,52.415000915527344,29405400,0.0,0.0,52.415000915527344
2018-02-21,52.619998931884766,52.76499938964844,51.82500076293945,51.845001220703125,8997800,0.0,0.0,51.845001220703125
2018-02-22,52.0,52.17499923706055,51.529998779296875,51.66999816894531,8959400,0.0,0.0,51.66999816894531
2018-02-23,52.22999954223633,52.845001220703125,52.125,52.83000183105469,6304800,0.0,0.0,52.83000183105469
2018-02-26,53.099998474121094,53.89500045776367,53.099998474121094,53.89500045776367,9254200,0.0,0.0,53.89500045776367
2018-02-27,53.810001373291016,54.56999969482422,53.69499969482422,53.69499969482422,7976600,0.0,0.0,53.69499969482422
2018-02-28,53.970001220703125,54.14500045776367,53.20500183105469,53.27000045776367,6339600,0.0,0.0,53.27000045776367
2018-03-01,53.290000915527344,53.45000076293945,51.83000183105469,52.41999816894531,10790000,0.0,0.0,52.41999816894531
2018-03-02,51.8849983215332,53.31999969482422,51.755001068115234,53.2400016784668,10659600,0.0,0.0,53.2400016784668
2018-03-05,53.02000045776367,54.10499954223633,52.869998931884766,53.85499954223633,9524800,0.0,0.0,53.85499954223633
2018-03-06,54.345001220703125,54.834999084472656,54.1150016784668,54.64500045776367,8957400,0.0,0.0,54.64500045776367
2018-03-07,54.13999938964844,54.96500015258789,54.099998474121094,54.880001068115234,7682000,0.0,0.0,54.880001068115234
2018-03-08,55.20500183105469,55.26499938964844,54.59000015258789,54.904998779296875,6518000,0.0,0.0,54.904998779296875
2018-03-09,55.290000915527344,55.96500015258789,55.185001373291016,55.96500015258789,8815200,0.0,0.0,55.96500015258789
2018-03-12,56.334999084472656,56.81999969482422,56.17499923706055,56.53499984741211,8825600,0.0,0.0,56.53499984741211
2018-03-13,56.83000183105469,57.275001525878906,55.51499938964844,55.744998931884766,18245800,0.0,0.0,55.744998931884766
2018-03-14,55.97999954223633,56.040000915527344,55.279998779296875,55.775001525878906,12020200,0.0,0.0,55.775001525878906
2018-03-15,55.91999816894531,56.119998931884766,55.48500061035156,55.724998474121094,3826200,0.0,0.0,55.724998474121094
2018-03-16,55.84000015258789,56.040000915527344,55.63999938964844,55.70500183105469,5937000,0.0,0.0,55.70500183105469
2018-03-19,55.290000915527344,55.415000915527344,54.05500030517578,54.79999923706055,14245400,0.0,0.0,54.79999923706055
2018-03-20,54.83000183105469,55.32500076293945,54.79999923706055,55.16999816894531,6683400,0.0,0.0,55.16999816894531
2018-03-21,55.099998474121094,55.904998779296875,54.994998931884766,55.28499984741211,6437200,0.0,0.0,55.28499984741211
2018-03-22,54.474998474121094,54.970001220703125,53.775001525878906,53.79499816894531,8698800,0.0,0.0,53.79499816894531
2018-03-23,53.724998474121094,53.814998626708984,52.04499816894531,52.04999923706055,16819400,0.0,0.0,52.04999923706055
2018-03-26,53.18000030517578,54.125,52.59000015258789,54.119998931884766,11172400,0.0,0.0,54.119998931884766
2018-03-27,54.540000915527344,54.564998626708984,51.880001068115234,52.255001068115234,17266200,0.0,0.0,52.255001068115234
2018-03-28,51.939998626708984,52.3650016784668,50.89500045776367,51.095001220703125,21806600,0.0,0.0,51.095001220703125
2018-03-29,51.540000915527344,52.584999084472656,51.13999938964844,52.13999938964844,13193200,0.0,0.0,52.13999938964844
2018-04-02,51.70500183105469,52.095001220703125,49.790000915527344,50.22999954223633,18445000,0.0,0.0,50.22999954223633
2018-04-03,50.89500045776367,51.279998779296875,50.36000061035156,51.154998779296875,10773200,0.0,0.0,51.154998779296875
2018-04-04,49.89500045776367,51.900001525878906,49.755001068115234,51.779998779296875,11654000,0.0,0.0,51.779998779296875
2018-04-05,52.119998931884766,52.20000076293945,50.89500045776367,51.209999084472656,12228000,0.0,0.0,51.209999084472656
2018-04-06,50.459999084472656,51.11000061035156,49.54999923706055,49.72999954223633,13935600,0.0,0.0,49.72999954223633
2018-04-09,50.2400016784668,51.45000076293945,50.040000915527344,50.06999969482422,13015400,0.0,0.0,50.06999969482422
2018-04-10,51.279998779296875,51.880001068115234,50.814998626708984,51.599998474121094,14981600,0.0,0.0,51.599998474121094
2018-04-11,51.33000183105469,52.029998779296875,51.20500183105469,51.57500076293945,8595600,0.0,0.0,51.57500076293945
2018-04-12,51.915000915527344,52.564998626708984,51.849998474121094,52.43000030517578,9236800,0.0,0.0,52.43000030517578
2018-04-13,52.849998474121094,52.92499923706055,51.779998779296875,51.939998626708984,9073800,0.0,0.0,51.939998626708984
2018-04-16,52.150001525878906,52.310001373291016,51.63999938964844,52.04499816894531,5267200,0.0,0.0,52.04499816894531
2018-04-17,52.375,53.06999969482422,52.314998626708984,52.994998931884766,8727600,0.0,0.0,52.994998931884766
2018-04-18,52.525001525878906,52.67499923706055,51.915000915527344,52.39500045776367,8458000,0.0,0.0,52.39500045776367
2018-04-19,51.20000076293945,51.404998779296875,49.880001068115234,50.060001373291016,32931400,0.0,0.0,50.060001373291016
2018-04-20,50.0,50.36000061035156,49.26499938964844,49.48500061035156,25979400,0.0,0.0,49.48500061035156
2018-04-23,49.64500045776367,49.77000045776367,48.7400016784668,48.845001220703125,17681000,0.0,0.0,48.845001220703125
2018-04-24,49.369998931884766,49.81999969482422,48.16999816894531,48.595001220703125,30902000,0.0,0.0,48.595001220703125
2018-04-25,48.744998931884766,48.779998779296875,47.73500061035156,48.349998474121094,18606400,0.0,0.0,48.349998474121094
2018-04-26,49.20000076293945,49.470001220703125,48.94499969482422,49.3650016784668,13144800,0.0,0.0,49.3650016784668
2018-04-27,50.04999923706055,50.04999923706055,48.81999969482422,49.04499816894531,11083200,0.0,0.0,49.04499816894531
2018-04-30,49.0,49.31999969482422,48.3650016784668,48.58000183105469,15927800,0.0,0.0,48.58000183105469
2018-05-01,48.459999084472656,49.404998779296875,48.40999984741211,49.36000061035156,13111200,0.0,0.0,49.36000061035156
2018-05-02,49.2599983215332,49.45000076293945,48.849998474121094,49.005001068115234,9036400,0.0,0.0,49.005001068115234
2018-05-03,48.45000076293945,49.28499984741211,48.029998779296875,49.125,19701800,0.0,0.0,49.125
2018-05-04,48.7599983215332,50.400001525878906,48.63999938964844,50.400001525878906,21447800,0.0,0.0,50.400001525878906
2018-05-07,50.54999923706055,50.88999938964844,50.474998474121094,50.66999816894531,13800200,0.0,0.0,50.66999816894531
2018-05-08,50.564998626708984,51.025001525878906,50.41999816894531,51.025001525878906,7606000,0.0,0.0,51.025001525878906
2018-05-09,51.14500045776367,51.75,51.03499984741211,51.75,8065400,0.0,0.0,51.75
2018-05-10,51.95000076293945,52.61000061035156,51.95000076293945,52.61000061035156,9350000,0.0,0.0,52.61000061035156
2018-05-11,52.345001220703125,52.67499923706055,52.1150016784668,52.20500183105469,8866000,0.0,0.0,52.20500183105469
2018-05-14,53.14500045776367,53.685001373291016,53.005001068115234,53.1150016784668,13298200,0.0,0.0,53.1150016784668
2018-05-15,52.88999938964844,53.03499984741211,52.19499969482422,52.52000045776367,9570600,0.0,0.0,52.52000045776367
2018-05-16,52.665000915527344,53.30500030517578,52.650001525878906,53.26499938964844,6935000,0.0,0.0,53.26499938964844
2018-05-17,53.064998626708984,53.400001525878906,52.529998779296875,52.915000915527344,7238600,0.0,0.0,52.915000915527344
2018-05-18,52.375,52.60499954223633,51.9900016784668,52.275001525878906,20494400,0.0,0.0,52.275001525878906
2018-05-21,53.040000915527344,53.439998626708984,52.51499938964844,53.025001525878906,7672400,0.0,0.0,53.025001525878906
2018-05-22,53.494998931884766,53.7400016784668,53.19499969482422,53.404998779296875,8696000,0.0,0.0,53.404998779296875
2018-05-23,52.86000061035156,53.474998474121094,52.69499969482422,53.46500015258789,8442600,0.0,0.0,53.46500015258789
2018-05-24,53.45500183105469,53.76499938964844,52.970001220703125,53.619998931884766,13344800,0.0,0.0,53.619998931884766
2018-05-25,53.6349983215332,54.20000076293945,53.57500076293945,54.154998779296875,8586600,0.0,0.0,54.154998779296875
2018-05-29,53.900001525878906,54.244998931884766,53.43000030517578,53.720001220703125,9106000,0.0,0.0,53.720001220703125
2018-05-30,54.130001068115234,54.404998779296875,53.73500061035156,54.04499816894531,10787800,0.0,0.0,54.04499816894531
2018-05-31,53.81999969482422,54.11000061035156,53.459999084472656,53.595001220703125,8662800,0.0,0.0,53.595001220703125
2018-06-01,54.02000045776367,54.81999969482422,53.93000030517578,54.76499938964844,9739400,0.0,0.0,54.76499938964844
2018-06-04,54.849998474121094,55.185001373291016,54.650001525878906,55.13999938964844,7767800,0.0,0.0,55.13999938964844
2018-06-05,55.310001373291016,55.505001068115234,55.005001068115234,55.45000076293945,7510000,0.0,0.0,55.45000076293945
2018-06-06,55.505001068115234,55.80500030517578,55.185001373291016,55.80500030517578,5478600,0.0,0.0,55.80500030517578
2018-06-07,55.904998779296875,56.0,55.02000045776367,55.36000061035156,18663600,0.0,0.0,55.36000061035156
2018-06-08,54.75,55.13999938964844,54.45000076293945,54.98500061035156,9494000,0.0,0.0,54.98500061035156
2018-06-11,54.8650016784668,55.14500045776367,54.69499969482422,54.92499923706055,6086200,0.0,0.0,54.92499923706055
2018-06-12,54.9900016784668,55.10499954223633,54.6349983215332,55.09000015258789,5087800,0.0,0.0,55.09000015258789
2018-06-13,55.01499938964844,55.529998779296875,54.875,54.974998474121094,14153400,0.0,0.0,54.974998474121094
2018-06-14,55.20000076293945,55.415000915527344,54.84000015258789,55.060001373291016,6599600,0.0,0.0,55.060001373291016
2018-06-15,54.974998474121094,55.150001525878906,54.650001525878906,55.150001525878906,12882600,0.0,0.0,55.150001525878906
2018-06-18,54.459999084472656,54.54499816894531,53.95500183105469,54.48500061035156,10521800,0.0,0.0,54.48500061035156
2018-06-19,53.529998779296875,53.869998931884766,53.06999969482422,53.834999084472656,22232000,0.0,0.0,53.834999084472656
2018-06-20,54.30500030517578,54.375,53.86000061035156,54.16999816894531,11111200,0.0,0.0,54.16999816894531
2018-06-21,54.67499923706055,54.75,53.48500061035156,53.494998931884766,14488200,0.0,0.0,53.494998931884766
2018-06-22,53.880001068115234,53.91999816894531,53.09000015258789,53.29499816894531,8465000,0.0,0.0,53.29499816894531
2018-06-25,52.54999923706055,52.619998931884766,50.97999954223633,51.369998931884766,23358000,0.0,0.0,51.369998931884766
2018-06-26,51.86000061035156,52.029998779296875,51.48500061035156,51.845001220703125,16500400,0.0,0.0,51.845001220703125
2018-06-27,52.09000015258789,52.15999984741211,50.57500076293945,50.57500076293945,16876000,0.0,0.0,50.57500076293945
2018-06-28,50.459999084472656,51.185001373291016,50.45500183105469,51.084999084472656,13538400,0.0,0.0,51.084999084472656
2018-06-29,51.525001525878906,51.84000015258789,51.25,51.334999084472656,10350000,0.0,0.0,51.334999084472656
2018-07-02,50.68000030517578,51.54499816894531,50.45000076293945,51.35499954223633,9164600,0.0,0.0,51.35499954223633
2018-07-03,51.61000061035156,51.689998626708984,50.45500183105469,50.45500183105469,8588800,0.0,0.0,50.45500183105469
2018-07-05,51.06999969482422,51.834999084472656,51.05500030517578,51.814998626708984,10402800,0.0,0.0,51.814998626708984
2018-07-06,51.70500183105469,52.560001373291016,51.57500076293945,52.474998474121094,14636600,0.0,0.0,52.474998474121094
2018-07-09,52.8849983215332,52.91999816894531,52.220001220703125,52.869998931884766,8465800,0.0,0.0,52.869998931884766
2018-07-10,52.939998626708984,53.5,52.8849983215332,53.439998626708984,12548800,0.0,0.0,53.439998626708984
2018-07-11,52.57500076293945,52.755001068115234,51.970001220703125,51.970001220703125,15929000,0.0,0.0,51.970001220703125
2018-07-12,51.98500061035156,52.650001525878906,51.89500045776367,52.599998474121094,11962800,0.0,0.0,52.599998474121094
2018-07-13,52.67499923706055,52.72999954223633,52.349998474121094,52.4900016784668,5693200,0.0,0.0,52.4900016784668
2018-07-16,52.5,52.69499969482422,52.29499816894531,52.33000183105469,5518000,0.0,0.0,52.33000183105469
2018-07-17,51.95000076293945,53.025001525878906,51.85499954223633,53.02000045776367,16616200,0.0,0.0,53.02000045776367
2018-07-18,53.400001525878906,53.595001220703125,53.150001525878906,53.560001373291016,9589600,0.0,0.0,53.560001373291016
2018-07-19,53.314998626708984,53.61000061035156,53.03499984741211,53.3849983215332,8347200,0.0,0.0,53.3849983215332
2018-07-20,53.31999969482422,53.4900016784668,52.8849983215332,53.33000183105469,7077800,0.0,0.0,53.33000183105469
2018-07-23,53.01499938964844,53.369998931884766,52.29499816894531,53.29499816894531,10663800,0.0,0.0,53.29499816894531
2018-07-24,53.79999923706055,53.8849983215332,52.584999084472656,52.630001068115234,20837400,0.0,0.0,52.630001068115234
2018-07-25,52.65999984741211,52.95500183105469,52.03499984741211,52.89500045776367,22294800,0.0,0.0,52.89500045776367
2018-07-26,53.099998474121094,53.70500183105469,53.095001220703125,53.67499923706055,32806000,0.0,0.0,53.67499923706055
2018-07-27,53.810001373291016,54.16999816894531,53.04999923706055,53.40999984741211,16984600,0.0,0.0,53.40999984741211
2018-07-30,53.56999969482422,53.61000061035156,52.71500015258789,53.04499816894531,18957000,0.0,0.0,53.04499816894531
2018-07-31,53.435001373291016,53.935001373291016,52.94499969482422,52.94499969482422,8763400,0.0,0.0,52.94499969482422
2018-08-01,53.23500061035156,53.7400016784668,53.0,53.17499923706055,7098200,0.0,0.0,53.17499923706055
2018-08-02,52.75,53.790000915527344,52.57500076293945,53.709999084472656,8160600,0.0,0.0,53.709999084472656
2018-08-03,53.76499938964844,53.875,53.4900016784668,53.79499816894531,6058200,0.0,0.0,53.79499816894531
2018-08-06,53.775001525878906,54.08000183105469,53.38999938964844,54.08000183105469,6070600,0.0,0.0,54.08000183105469
2018-08-07,54.23500061035156,54.44499969482422,54.03499984741211,54.44499969482422,6406000,0.0,0.0,54.44499969482422
2018-08-08,54.375,54.68000030517578,54.2400016784668,54.6150016784668,7377800,0.0,0.0,54.6150016784668
2018-08-09,54.29999923706055,54.415000915527344,54.029998779296875,54.084999084472656,7199200,0.0,0.0,54.084999084472656
2018-08-10,52.92499923706055,53.2400016784668,52.58000183105469,52.814998626708984,17227400,0.0,0.0,52.814998626708984
2018-08-13,52.849998474121094,53.334999084472656,52.810001373291016,52.875,7944200,0.0,0.0,52.875
2018-08-14,53.130001068115234,53.27000045776367,52.685001373291016,52.75,8239600,0.0,0.0,52.75
2018-08-15,52.22999954223633,52.42499923706055,51.3650016784668,51.875,18819200,0.0,0.0,51.875
2018-08-16,52.220001220703125,52.255001068115234,51.68000030517578,51.79499816894531,10082400,0.0,0.0,51.79499816894531
2018-08-17,51.23500061035156,51.560001373291016,50.689998626708984,51.415000915527344,20096000,0.0,0.0,51.415000915527344
2018-08-20,51.404998779296875,51.70000076293945,50.814998626708984,51.345001220703125,10569600,0.0,0.0,51.345001220703125
2018-08-21,51.599998474121094,52.55500030517578,51.54999923706055,52.404998779296875,9649400,0.0,0.0,52.404998779296875
2018-08-22,52.185001373291016,52.650001525878906,51.94499969482422,52.599998474121094,8272800,0.0,0.0,52.599998474121094
2018-08-23,52.60499954223633,52.994998931884766,52.52000045776367,52.665000915527344,7418000,0.0,0.0,52.665000915527344
2018-08-24,52.970001220703125,53.470001220703125,52.875,53.470001220703125,8278600,0.0,0.0,53.470001220703125
2018-08-27,53.810001373291016,54.685001373291016,53.75,54.30500030517578,12419000,0.0,0.0,54.30500030517578
2018-08-28,54.650001525878906,54.755001068115234,54.02000045776367,54.5099983215332,8673400,0.0,0.0,54.5099983215332
2018-08-29,54.57500076293945,54.92499923706055,54.380001068115234,54.81999969482422,6822800,0.0,0.0,54.81999969482422
2018-08-30,54.65999984741211,54.86000061035156,54.15999984741211,54.23500061035156,14144200,0.0,0.0,54.23500061035156
2018-08-31,54.14500045776367,54.51499938964844,54.1349983215332,54.470001220703125,4678800,0.0,0.0,54.470001220703125
2018-09-04,54.2400016784668,54.8650016784668,54.05500030517578,54.8650016784668,9693400,0.0,0.0,54.8650016784668
2018-09-05,54.84000015258789,54.935001373291016,54.10499954223633,54.564998626708984,10499000,0.0,0.0,54.564998626708984
2018-09-06,54.279998779296875,54.33000183105469,53.07500076293945,53.150001525878906,18097000,0.0,0.0,53.150001525878906
2018-09-07,52.95000076293945,53.64500045776367,52.76499938964844,52.915000915527344,14307000,0.0,0.0,52.915000915527344
2018-09-10,53.29499816894531,53.45000076293945,52.96500015258789,53.43000030517578,6366800,0.0,0.0,53.43000030517578
2018-09-11,53.0,53.130001068115234,52.505001068115234,52.7599983215332,10410000,0.0,0.0,52.7599983215332
2018-09-12,52.040000915527344,52.16999816894531,51.08000183105469,52.154998779296875,18508000,0.0,0.0,52.154998779296875
2018-09-13,52.84000015258789,53.380001068115234,52.529998779296875,52.79499816894531,13460200,0.0,0.0,52.79499816894531
2018-09-14,53.09000015258789,53.54499816894531,52.92499923706055,53.34000015258789,10378400,0.0,0.0,53.34000015258789
2018-09-17,52.97999954223633,53.310001373291016,52.564998626708984,52.619998931884766,10812200,0.0,0.0,52.619998931884766
2018-09-18,52.755001068115234,53.349998474121094,52.755001068115234,53.02000045776367,5753800,0.0,0.0,53.02000045776367
2018-09-19,53.025001525878906,53.369998931884766,52.8650016784668,53.13999938964844,6846000,0.0,0.0,53.13999938964844
2018-09-20,53.625,54.029998779296875,53.55500030517578,53.82500076293945,12428200,0.0,0.0,53.82500076293945
2018-09-21,53.755001068115234,54.02000045776367,53.47999954223633,53.55500030517578,9959000,0.0,0.0,53.55500030517578
2018-09-24,53.310001373291016,53.94499969482422,53.165000915527344,53.935001373291016,7849800,0.0,0.0,53.935001373291016
2018-09-25,53.53499984741211,53.779998779296875,52.974998474121094,53.07500076293945,8013000,0.0,0.0,53.07500076293945
2018-09-26,52.834999084472656,53.255001068115234,52.595001220703125,52.60499954223633,9635200,0.0,0.0,52.60499954223633
2018-09-27,52.814998626708984,53.10499954223633,52.654998779296875,52.935001373291016,4722600,0.0,0.0,52.935001373291016
2018-09-28,52.79499816894531,53.415000915527344,52.625,53.224998474121094,7933400,0.0,0.0,53.224998474121094
2018-10-01,53.380001068115234,53.775001525878906,53.244998931884766,53.3650016784668,7759800,0.0,0.0,53.3650016784668
2018-10-02,53.1349983215332,54.084999084472656,53.1150016784668,53.32500076293945,10232600,0.0,0.0,53.32500076293945
2018-10-03,53.68000030517578,53.81999969482422,53.03499984741211,53.529998779296875,9491600,0.0,0.0,53.529998779296875
2018-10-04,53.07500076293945,53.095001220703125,51.880001068115234,52.32500076293945,19323200,0.0,0.0,52.32500076293945
2018-10-05,52.125,52.33000183105469,50.654998779296875,51.1349983215332,19170800,0.0,0.0,51.1349983215332
2018-10-08,50.64500045776367,51.1150016784668,50.04999923706055,50.53499984741211,17802400,0.0,0.0,50.53499984741211
2018-10-09,50.39500045776367,50.75,50.119998931884766,50.439998626708984,16424200,0.0,0.0,50.439998626708984
2018-10-10,49.564998626708984,49.65999984741211,48.150001525878906,48.150001525878906,42715800,0.0,0.0,48.150001525878906
2018-10-11,48.154998779296875,49.220001220703125,47.334999084472656,47.724998474121094,41803400,0.0,0.0,47.724998474121094
2018-10-12,49.119998931884766,49.39500045776367,47.90999984741211,48.66999816894531,18408200,0.0,0.0,48.66999816894531
2018-10-15,48.45000076293945,48.685001373291016,48.01499938964844,48.13999938964844,12922800,0.0,0.0,48.13999938964844
2018-10-16,48.654998779296875,49.81999969482422,48.619998931884766,49.77000045776367,14243400,0.0,0.0,49.77000045776367
2018-10-17,50.25,50.29999923706055,49.21500015258789,49.525001525878906,10419000,0.0,0.0,49.525001525878906
2018-10-18,49.21500015258789,49.26499938964844,48.064998626708984,48.23500061035156,16548000,0.0,0.0,48.23500061035156
2018-10-19,48.5,48.845001220703125,47.34000015258789,47.540000915527344,18842000,0.0,0.0,47.540000915527344
2018-10-22,47.880001068115234,48.154998779296875,47.375,47.79499816894531,12339800,0.0,0.0,47.79499816894531
2018-10-23,46.540000915527344,47.8650016784668,46.14500045776367,47.60499954223633,26109600,0.0,0.0,47.60499954223633
2018-10-24,46.685001373291016,46.779998779296875,44.3650016784668,44.40999984741211,28576400,0.0,0.0,44.40999984741211
2018-10-25,44.814998626708984,46.005001068115234,44.7599983215332,45.665000915527344,18808400,0.0,0.0,45.665000915527344
2018-10-26,44.625,45.64500045776367,44.084999084472656,44.84000015258789,14122400,0.0,0.0,44.84000015258789
2018-10-29,45.5,45.96500015258789,43.474998474121094,44.32500076293945,22337200,0.0,0.0,44.32500076293945
2018-10-30,44.494998931884766,46.224998474121094,44.375,46.209999084472656,23647600,0.0,0.0,46.209999084472656
2018-10-31,47.064998626708984,47.16999816894531,46.439998626708984,46.72999954223633,16491400,0.0,0.0,46.72999954223633
2018-11-01,47.165000915527344,49.064998626708984,47.11000061035156,48.98500061035156,23242800,0.0,0.0,48.98500061035156
2018-11-02,48.8849983215332,49.040000915527344,47.63999938964844,48.20500183105469,19188800,0.0,0.0,48.20500183105469
2018-11-05,48.04499816894531,48.04499816894531,47.0,47.7599983215332,12826400,0.0,0.0,47.7599983215332
2018-11-06,47.775001525878906,48.41999816894531,47.65999984741211,48.255001068115234,7406400,0.0,0.0,48.255001068115234
2018-11-07,48.849998474121094,48.95500183105469,48.255001068115234,48.849998474121094,8895400,0.0,0.0,48.849998474121094
2018-11-08,48.31999969482422,48.98500061035156,48.255001068115234,48.625,7740600,0.0,0.0,48.625
2018-11-09,47.95500183105469,48.11000061035156,47.33000183105469,47.744998931884766,14250000,0.0,0.0,47.744998931884766
2018-11-12,46.90999984741211,47.03499984741211,45.51499938964844,45.654998779296875,20625000,0.0,0.0,45.654998779296875
2018-11-13,46.025001525878906,47.2400016784668,46.025001525878906,46.244998931884766,25109800,0.0,0.0,46.244998931884766
2018-11-14,46.9900016784668,47.23500061035156,46.029998779296875,46.48500061035156,16072600,0.0,0.0,46.48500061035156
2018-11-15,46.275001525878906,48.119998931884766,46.244998931884766,47.95500183105469,18331000,0.0,0.0,47.95500183105469
2018-11-16,46.05500030517578,47.400001525878906,46.05500030517578,47.13999938964844,23973800,0.0,0.0,47.13999938964844
2018-11-19,46.88999938964844,47.029998779296875,45.32500076293945,45.369998931884766,20829200,0.0,0.0,45.369998931884766
2018-11-20,44.095001220703125,45.97999954223633,44.0,45.33000183105469,17264200,0.0,0.0,45.33000183105469
2018-11-21,45.994998931884766,46.279998779296875,45.529998779296875,45.529998779296875,13247400,0.0,0.0,45.529998779296875
2018-11-23,45.1349983215332,45.85499954223633,45.11000061035156,45.46500015258789,3050200,0.0,0.0,45.46500015258789
2018-11-26,46.2400016784668,46.400001525878906,45.720001220703125,46.369998931884766,10932200,0.0,0.0,46.369998931884766
2018-11-27,45.96500015258789,46.7599983215332,45.82500076293945,46.439998626708984,14827400,0.0,0.0,46.439998626708984
2018-11-28,46.900001525878906,47.68000030517578,46.150001525878906,47.66999816894531,10969200,0.0,0.0,47.66999816894531
2018-11-29,47.3849983215332,47.67499923706055,47.130001068115234,47.220001220703125,9176600,0.0,0.0,47.220001220703125
2018-11-30,47.15999984741211,48.375,46.709999084472656,48.375,16499600,0.0,0.0,48.375
2018-12-03,49.43000030517578,49.564998626708984,48.709999084472656,49.224998474121094,14294600,0.0,0.0,49.224998474121094
2018-12-04,48.755001068115234,48.900001525878906,46.744998931884766,46.80500030517578,17418600,0.0,0.0,46.80500030517578
2018-12-06,45.439998626708984,46.529998779296875,45.244998931884766,46.529998779296875,16050000,0.0,0.0,46.529998779296875
2018-12-07,46.35499954223633,46.45500183105469,44.53499984741211,44.76499938964844,18385200,0.0,0.0,44.76499938964844
2018-12-10,44.689998626708984,45.474998474121094,44.45000076293945,45.28499984741211,15606000,0.0,0.0,45.28499984741211
2018-12-11,46.11000061035156,46.60499954223633,45.25,45.5099983215332,17575600,0.0,0.0,45.5099983215332
2018-12-12,46.22999954223633,46.8650016784668,45.89500045776367,46.20000076293945,13725800,0.0,0.0,46.20000076293945
2018-12-13,46.494998931884766,46.70500183105469,45.875,46.04499816894531,9888000,0.0,0.0,46.04499816894531
2018-12-14,45.31999969482422,46.220001220703125,45.31999969482422,45.33000183105469,13262200,0.0,0.0,45.33000183105469
2018-12-17,45.220001220703125,46.01499938964844,44.5099983215332,44.900001525878906,15526400,0.0,0.0,44.900001525878906
2018-12-18,45.255001068115234,46.130001068115234,45.19499969482422,45.439998626708984,17467800,0.0,0.0,45.439998626708984
2018-12-19,45.08000183105469,45.64500045776367,43.25,43.470001220703125,19940000,0.0,0.0,43.470001220703125
2018-12-20,42.85499954223633,43.33000183105469,41.78499984741211,42.310001373291016,28514600,0.0,0.819,42.310001373291016
2018-12-21,42.529998779296875,43.084999084472656,41.459999084472656,41.58000183105469,21624200,0.0,0.0,41.58000183105469
2018-12-24,41.224998474121094,41.7599983215332,40.439998626708984,40.47999954223633,9548600,0.0,0.0,40.47999954223633
2018-12-26,40.89500045776367,42.80500030517578,40.35499954223633,42.755001068115234,16473200,0.0,0.0,42.755001068115234
2018-12-27,42.04499816894531,43.130001068115234,41.650001525878906,43.130001068115234,17674000,0.0,0.0,43.130001068115234
2018-12-28,43.369998931884766,44.20000076293945,43.06999969482422,43.42499923706055,13458800,0.0,0.0,43.42499923706055
2018-12-31,43.84000015258789,44.06999969482422,43.244998931884766,43.63999938964844,10460000,0.0,0.0,43.63999938964844
2019-01-02,42.744998931884766,44.275001525878906,42.625,43.959999084472656,14288000,0.0,0.0,43.959999084472656
2019-01-03,42.80500030517578,43.130001068115234,41.275001525878906,41.31999969482422,18545600,0.0,0.0,41.31999969482422
2019-01-04,42.03499984741211,43.40999984741211,41.94499969482422,43.244998931884766,18148800,0.0,0.0,43.244998931884766
2019-01-07,43.459999084472656,44.43000030517578,43.220001220703125,44.08000183105469,11156800,0.0,0.0,44.08000183105469
2019-01-08,44.45000076293945,44.494998931884766,43.244998931884766,43.82500076293945,13272000,0.0,0.0,43.82500076293945
2019-01-09,44.30500030517578,45.18000030517578,44.30500030517578,44.94499969482422,17855800,0.0,0.0,44.94499969482422
2019-01-10,44.630001068115234,45.45000076293945,44.47999954223633,45.40999984741211,11440000,0.0,0.0,45.40999984741211
2019-01-11,45.125,46.165000915527344,45.025001525878906,45.78499984741211,13337400,0.0,0.0,45.78499984741211
2019-01-14,45.20500183105469,45.314998626708984,44.82500076293945,45.0,9963600,0.0,0.0,45.0
2019-01-15,45.30500030517578,45.665000915527344,44.90999984741211,45.119998931884766,11484400,0.0,0.0,45.119998931884766
2019-01-16,45.220001220703125,45.47999954223633,44.7400016784668,44.76499938964844,11013400,0.0,0.0,44.76499938964844
2019-01-17,44.45500183105469,45.560001373291016,44.20000076293945,45.31999969482422,15829800,0.0,0.0,45.31999969482422
2019-01-18,45.72999954223633,46.65999984741211,45.525001525878906,46.439998626708984,16661400,0.0,0.0,46.439998626708984
2019-01-22,46.0099983215332,46.02000045776367,44.77000045776367,45.095001220703125,14365400,0.0,0.0,45.095001220703125
2019-01-23,45.40999984741211,45.59000015258789,44.4900016784668,44.915000915527344,11732200,0.0,0.0,44.915000915527344
2019-01-24,46.064998626708984,47.7400016784668,46.064998626708984,47.560001373291016,25284000,0.0,0.0,47.560001373291016
2019-01-25,47.724998474121094,48.625,47.3849983215332,48.44499969482422,18173800,0.0,0.0,48.44499969482422
2019-01-28,46.58000183105469,47.8650016784668,46.58000183105469,47.540000915527344,16266400,0.0,0.0,47.540000915527344
2019-01-29,47.60499954223633,47.7400016784668,46.834999084472656,46.90999984741211,10930000,0.0,0.0,46.90999984741211
2019-01-30,47.685001373291016,48.494998931884766,47.220001220703125,48.33000183105469,12258800,0.0,0.0,48.33000183105469
2019-01-31,48.1349983215332,48.650001525878906,47.7599983215332,48.29499816894531,11274000,0.0,0.0,48.29499816894531
2019-02-01,48.41999816894531,49.119998931884766,48.334999084472656,48.90999984741211,11545800,0.0,0.0,48.90999984741211
2019-02-04,48.880001068115234,49.154998779296875,48.494998931884766,49.150001525878906,9251400,0.0,0.0,49.150001525878906
2019-02-05,49.1349983215332,49.61000061035156,49.005001068115234,49.42499923706055,14672400,0.0,0.0,49.42499923706055
2019-02-06,50.09000015258789,50.98500061035156,50.01499938964844,50.650001525878906,16603000,0.0,0.0,50.650001525878906
2019-02-07,49.94499969482422,50.224998474121094,49.1349983215332,49.560001373291016,18214600,0.0,0.0,49.560001373291016
2019-02-08,48.73500061035156,49.52000045776367,48.560001373291016,49.42499923706055,11795600,0.0,0.0,49.42499923706055
2019-02-11,49.564998626708984,49.76499938964844,49.2400016784668,49.63999938964844,6917000,0.0,0.0,49.63999938964844
2019-02-12,50.28499984741211,50.880001068115234,50.220001220703125,50.744998931884766,11511800,0.0,0.0,50.744998931884766
2019-02-13,50.92499923706055,51.244998931884766,50.71500015258789,50.8650016784668,7987200,0.0,0.0,50.8650016784668
2019-02-14,50.650001525878906,51.35499954223633,50.63999938964844,51.01499938964844,8805000,0.0,0.0,51.01499938964844
2019-02-15,51.380001068115234,51.47999954223633,50.92499923706055,51.275001525878906,9890600,0.0,0.0,51.275001525878906
2019-02-19,51.084999084472656,51.540000915527344,51.07500076293945,51.21500015258789,6991600,0.0,0.0,51.21500015258789
2019-02-20,51.46500015258789,52.01499938964844,51.46500015258789,51.68000030517578,8892400,0.0,0.0,51.68000030517578
2019-02-21,51.625,51.790000915527344,51.20500183105469,51.36000061035156,9303600,0.0,0.0,51.36000061035156
2019-02-22,51.80500030517578,52.154998779296875,51.70500183105469,52.09000015258789,9266000,0.0,0.0,52.09000015258789
2019-02-25,52.834999084472656,53.1349983215332,52.505001068115234,52.564998626708984,9845600,0.0,0.0,52.564998626708984
2019-02-26,52.369998931884766,52.56999969482422,52.064998626708984,52.224998474121094,6963200,0.0,0.0,52.224998474121094
2019-02-27,51.98500061035156,51.98500061035156,51.11000061035156,51.689998626708984,11668600,0.0,0.0,51.689998626708984
2019-02-28,51.404998779296875,51.80500030517578,51.279998779296875,51.665000915527344,8978000,0.0,0.0,51.665000915527344
2019-03-01,52.130001068115234,52.400001525878906,51.6150016784668,52.13999938964844,8854800,0.0,0.0,52.13999938964844
2019-03-04,52.4900016784668,52.650001525878906,51.494998931884766,52.165000915527344,9056400,0.0,0.0,52.165000915527344
2019-03-05,52.005001068115234,52.220001220703125,51.64500045776367,51.91999816894531,8297000,0.0,0.0,51.91999816894531
2019-03-06,51.849998474121094,51.849998474121094,51.01499938964844,51.04499816894531,9314400,0.0,0.0,51.04499816894531
2019-03-07,50.75,50.849998474121094,50.209999084472656,50.4900016784668,12776000,0.0,0.0,50.4900016784668
2019-03-08,49.71500015258789,50.52000045776367,49.52000045776367,50.474998474121094,10104800,0.0,0.0,50.474998474121094
2019-03-11,50.7400016784668,51.79499816894531,50.665000915527344,51.54999923706055,11949200,0.0,0.0,51.54999923706055
2019-03-12,51.709999084472656,52.05500030517578,51.345001220703125,51.80500030517578,8638600,0.0,0.0,51.80500030517578
2019-03-13,52.09000015258789,52.404998779296875,51.93000030517578,52.01499938964844,8911400,0.0,0.0,52.01499938964844
2019-03-14,51.95000076293945,52.244998931884766,51.70500183105469,51.724998474121094,8708400,0.0,0.0,51.724998474121094
2019-03-15,52.369998931884766,53.560001373291016,52.349998474121094,53.11000061035156,16864200,0.0,0.0,53.11000061035156
2019-03-18,53.154998779296875,53.44499969482422,52.650001525878906,52.96500015258789,9495400,0.0,0.0,52.96500015258789
2019-03-19,53.3650016784668,53.744998931884766,53.209999084472656,53.57500076293945,13650000,0.0,0.0,53.57500076293945
2019-03-20,53.6349983215332,53.84000015258789,52.80500030517578,53.1150016784668,11618600,0.0,0.0,53.1150016784668
2019-03-21,53.314998626708984,55.29999923706055,53.314998626708984,54.94499969482422,18619000,0.0,0.0,54.94499969482422
2019-03-22,54.630001068115234,54.755001068115234,53.33000183105469,53.375,18134800,0.0,0.0,53.375
2019-03-25,53.040000915527344,53.474998474121094,52.290000915527344,52.70000076293945,11660400,0.0,0.0,52.70000076293945
2019-03-26,53.28499984741211,53.61000061035156,52.81999969482422,53.189998626708984,9677400,0.0,0.0,53.189998626708984
2019-03-27,53.244998931884766,53.400001525878906,52.060001373291016,52.415000915527344,15877800,0.0,0.0,52.415000915527344
2019-03-28,52.5,52.904998779296875,51.994998931884766,52.314998626708984,14141800,0.0,0.0,52.314998626708984
2019-03-29,52.935001373291016,53.275001525878906,52.83000183105469,53.165000915527344,11183800,0.0,0.0,53.165000915527344
2019-04-01,53.970001220703125,54.525001525878906,53.7400016784668,54.474998474121094,11873800,0.0,0.0,54.474998474121094
2019-04-02,54.494998931884766,54.650001525878906,54.19499969482422,54.52000045776367,6885600,0.0,0.0,54.52000045776367
2019-04-03,55.400001525878906,56.25,55.279998779296875,55.790000915527344,18118800,0.0,0.0,55.790000915527344
2019-04-04,55.54499816894531,56.19499969482422,55.47999954223633,55.849998474121094,13235200,0.0,0.0,55.849998474121094
2019-04-05,56.17499923706055,56.334999084472656,55.849998474121094,56.27000045776367,9291600,0.0,0.0,56.27000045776367
2019-04-08,55.97999954223633,56.45000076293945,55.900001525878906,56.3849983215332,7829200,0.0,0.0,56.3849983215332
2019-04-09,56.07500076293945,56.07500076293945,55.540000915527344,55.77000045776367,10522200,0.0,0.0,55.77000045776367
2019-04-10,55.650001525878906,56.3849983215332,55.619998931884766,56.220001220703125,12485200,0.0,0.0,56.220001220703125
2019-04-11,56.224998474121094,56.51499938964844,56.0,56.165000915527344,8534400,0.0,0.0,56.165000915527344
2019-04-12,56.720001220703125,56.95500183105469,56.47999954223633,56.95500183105469,7784800,0.0,0.0,56.95500183105469
2019-04-15,56.939998626708984,56.97999954223633,56.209999084472656,56.54499816894531,9355800,0.0,0.0,56.54499816894531
2019-04-16,56.94499969482422,57.935001373291016,56.915000915527344,57.92499923706055,13848000,0.0,0.0,57.92499923706055
2019-04-17,59.06999969482422,59.415000915527344,58.44499969482422,58.779998779296875,17039000,0.0,0.0,58.779998779296875
2019-04-18,58.915000915527344,59.0099983215332,58.54999923706055,58.8650016784668,11583800,0.0,0.0,58.8650016784668
2019-04-22,58.53499984741211,58.94499969482422,58.400001525878906,58.81999969482422,10271000,0.0,0.0,58.81999969482422
2019-04-23,59.060001373291016,59.44499969482422,58.900001525878906,59.29499816894531,9897800,0.0,0.0,59.29499816894531
2019-04-24,59.2400016784668,60.35499954223633,59.23500061035156,59.79999923706055,13842400,0.0,0.0,59.79999923706055
2019-04-25,59.45500183105469,59.60499954223633,58.220001220703125,58.619998931884766,19979400,0.0,0.0,58.619998931884766
2019-04-26,57.349998474121094,57.91999816894531,56.744998931884766,57.904998779296875,22088200,0.0,0.0,57.904998779296875
2019-04-29,57.775001525878906,57.900001525878906,57.415000915527344,57.599998474121094,7429000,0.0,0.0,57.599998474121094
2019-04-30,57.68000030517578,58.255001068115234,57.60499954223633,58.125,10399400,0.0,0.0,58.125
2019-05-01,58.599998474121094,58.939998626708984,57.6349983215332,57.68000030517578,14377200,0.0,0.0,57.68000030517578
2019-05-02,57.685001373291016,58.77000045776367,57.58000183105469,58.224998474121094,13587200,0.0,0.0,58.224998474121094
2019-05-03,58.584999084472656,58.78499984741211,58.20000076293945,58.744998931884766,12327200,0.0,0.0,58.744998931884766
2019-05-06,56.81999969482422,57.85499954223633,56.595001220703125,57.80500030517578,13573000,0.0,0.0,57.80500030517578
2019-05-07,57.119998931884766,57.255001068115234,55.880001068115234,56.48500061035156,23139400,0.0,0.0,56.48500061035156
2019-05-08,56.1150016784668,56.935001373291016,56.0,56.08000183105469,17838000,0.0,0.0,56.08000183105469
2019-05-09,55.125,55.55500030517578,54.07500076293945,55.290000915527344,36849000,0.0,0.0,55.290000915527344
2019-05-10,54.900001525878906,55.6150016784668,53.9900016784668,55.22999954223633,26992200,0.0,0.0,55.22999954223633
2019-05-13,53.375,53.7599983215332,52.46500015258789,52.66999816894531,35276800,0.0,0.0,52.66999816894531
2019-05-14,53.439998626708984,54.27000045776367,53.18000030517578,54.02000045776367,21698600,0.0,0.0,54.02000045776367
2019-05-15,53.3849983215332,54.875,53.33000183105469,54.52000045776367,25708000,0.0,0.0,54.52000045776367
2019-05-16,53.73500061035156,54.314998626708984,53.415000915527344,53.75,23369400,0.0,0.0,53.75
2019-05-17,52.935001373291016,54.025001525878906,52.54999923706055,52.71500015258789,38983200,0.0,0.0,52.71500015258789
2019-05-20,51.04999923706055,51.40999984741211,50.290000915527344,50.619998931884766,37746400,0.0,0.0,50.619998931884766
2019-05-21,51.71500015258789,53.349998474121094,51.28499984741211,51.775001525878906,19799200,0.0,0.0,51.775001525878906
2019-05-22,50.96500015258789,51.3650016784668,50.744998931884766,50.8650016784668,21798600,0.0,0.0,50.8650016784668
2019-05-23,49.95000076293945,50.18000030517578,49.25,50.02000045776367,24398800,0.0,0.0,50.02000045776367
2019-05-24,50.43000030517578,50.665000915527344,49.71500015258789,49.71500015258789,19091800,0.0,0.0,49.71500015258789
2019-05-28,50.0,50.15999984741211,49.22999954223633,49.275001525878906,12133600,0.0,0.0,49.275001525878906
2019-05-29,48.8650016784668,49.64500045776367,48.80500030517578,49.439998626708984,26899800,0.0,0.0,49.439998626708984
2019-05-30,49.599998474121094,50.2599983215332,49.48500061035156,49.81999969482422,15246600,0.0,0.0,49.81999969482422
2019-05-31,49.29499816894531,49.959999084472656,48.96500015258789,49.1150016784668,27918400,0.0,0.0,49.1150016784668
2019-06-03,49.654998779296875,50.03499984741211,48.82500076293945,49.060001373291016,13463400,0.0,0.0,49.060001373291016
2019-06-04,49.84000015258789,51.095001220703125,49.529998779296875,51.06999969482422,13922400,0.0,0.0,51.06999969482422
2019-06-05,51.51499938964844,51.63999938964844,50.119998931884766,50.68000030517578,21119000,0.0,0.0,50.68000030517578
2019-06-06,50.76499938964844,51.55500030517578,50.58000183105469,51.380001068115234,10042200,0.0,0.0,51.380001068115234
2019-06-07,51.665000915527344,52.18000030517578,51.48500061035156,52.04499816894531,11348200,0.0,0.0,52.04499816894531
2019-06-10,52.69499969482422,53.92499923706055,52.599998474121094,53.345001220703125,17218400,0.0,0.0,53.345001220703125
2019-06-11,54.18000030517578,54.400001525878906,53.209999084472656,53.540000915527344,16207000,0.0,0.0,53.540000915527344
2019-06-12,53.029998779296875,53.119998931884766,52.33000183105469,52.380001068115234,8059200,0.0,0.0,52.380001068115234
2019-06-13,52.72999954223633,52.85499954223633,52.290000915527344,52.63999938964844,7157200,0.0,0.0,52.63999938964844
2019-06-14,51.29499816894531,51.525001525878906,50.9900016784668,51.33000183105469,11866800,0.0,0.0,51.33000183105469
2019-06-17,51.30500030517578,51.46500015258789,50.88999938964844,51.01499938964844,12354200,0.0,0.0,51.01499938964844
2019-06-18,51.46500015258789,53.45500183105469,51.46500015258789,53.09000015258789,27726800,0.0,0.0,53.09000015258789
2019-06-19,53.375,53.619998931884766,52.970001220703125,53.21500015258789,9436200,0.0,0.0,53.21500015258789
2019-06-20,54.3849983215332,54.599998474121094,53.54999923706055,53.83000183105469,11151200,0.0,0.0,53.83000183105469
2019-06-21,53.564998626708984,54.005001068115234,53.41999816894531,53.57500076293945,10478400,0.0,0.0,53.57500076293945
2019-06-24,53.70500183105469,53.89500045776367,53.474998474121094,53.67499923706055,12248800,0.0,0.0,53.67499923706055
2019-06-25,53.65999984741211,53.84000015258789,52.709999084472656,52.744998931884766,12314400,0.0,0.0,52.744998931884766
2019-06-26,53.900001525878906,54.66999816894531,53.89500045776367,54.30500030517578,14639600,0.0,0.0,54.30500030517578
2019-06-27,54.665000915527344,55.30500030517578,54.665000915527344,55.03499984741211,10445000,0.0,0.0,55.03499984741211
2019-06-28,55.75,55.79499816894531,55.05500030517578,55.09000015258789,11854800,0.0,0.0,55.09000015258789
2019-07-01,57.54999923706055,57.97999954223633,56.27000045776367,56.64500045776367,18217000,0.0,0.0,56.64500045776367
2019-07-02,56.4900016784668,56.494998931884766,55.72999954223633,55.97999954223633,8500600,0.0,0.0,55.97999954223633
2019-07-03,55.90999984741211,55.96500015258789,55.400001525878906,55.775001525878906,4022200,0.0,0.0,55.775001525878906
2019-07-05,55.125,55.48500061035156,54.79999923706055,55.3650016784668,7976800,0.0,0.0,55.3650016784668
2019-07-08,54.84000015258789,55.1150016784668,54.61000061035156,55.005001068115234,7715400,0.0,0.0,55.005001068115234
2019-07-09,54.6349983215332,55.470001220703125,54.54499816894531,55.38999938964844,8019800,0.0,0.0,55.38999938964844
2019-07-10,55.98500061035156,56.685001373291016,55.84000015258789,55.939998626708984,9222600,0.0,0.0,55.939998626708984
2019-07-11,56.255001068115234,56.30500030517578,55.80500030517578,56.095001220703125,7684400,0.0,0.0,56.095001220703125
2019-07-12,56.310001373291016,57.154998779296875,56.310001373291016,57.125,7099600,0.0,0.0,57.125
2019-07-15,57.45500183105469,57.79499816894531,57.255001068115234,57.584999084472656,5291600,0.0,0.0,57.584999084472656
2019-07-16,57.275001525878906,57.310001373291016,56.7400016784668,56.9900016784668,7413000,0.0,0.0,56.9900016784668
2019-07-17,57.38999938964844,57.52000045776367,57.025001525878906,57.19499969482422,5379000,0.0,0.0,57.19499969482422
2019-07-18,57.32500076293945,58.3650016784668,57.30500030517578,58.224998474121094,10446400,0.0,0.0,58.224998474121094
2019-07-19,58.439998626708984,58.7599983215332,58.19499969482422,58.22999954223633,8773200,0.0,0.0,58.22999954223633
2019-07-22,58.625,59.48500061035156,58.60499954223633,59.39500045776367,10074800,0.0,0.0,59.39500045776367
2019-07-23,59.79999923706055,60.060001373291016,59.415000915527344,60.05500030517578,8288600,0.0,0.0,60.05500030517578
2019-07-24,60.45500183105469,61.779998779296875,60.349998474121094,61.654998779296875,13770800,0.0,0.0,61.654998779296875
2019-07-25,61.28499984741211,61.349998474121094,60.43000030517578,60.540000915527344,11179200,0.0,0.0,60.540000915527344
2019-07-26,61.0,61.04999923706055,60.3849983215332,60.415000915527344,7876400,0.0,0.0,60.415000915527344
2019-07-29,60.314998626708984,60.71500015258789,59.79999923706055,60.619998931884766,8749600,0.0,0.0,60.619998931884766
2019-07-30,59.970001220703125,60.525001525878906,59.834999084472656,60.349998474121094,5625800,0.0,0.0,60.349998474121094
2019-07-31,60.08000183105469,60.11000061035156,57.88999938964844,58.54499816894531,10838800,0.0,0.0,58.54499816894531
2019-08-01,58.3849983215332,59.95500183105469,56.88999938964844,57.3650016784668,26134200,0.0,0.0,57.3650016784668
2019-08-02,56.900001525878906,57.22999954223633,56.10499954223633,56.584999084472656,16233800,0.0,0.0,56.584999084472656
2019-08-05,55.04999923706055,55.1349983215332,53.70500183105469,54.14500045776367,17974600,0.0,0.0,54.14500045776367
2019-08-06,55.165000915527344,55.61000061035156,54.415000915527344,55.005001068115234,18445200,0.0,0.0,55.005001068115234
2019-08-07,54.32500076293945,55.42499923706055,54.20000076293945,55.30500030517578,14577800,0.0,0.0,55.30500030517578
2019-08-08,55.775001525878906,56.77000045776367,55.525001525878906,56.720001220703125,10679800,0.0,0.0,56.720001220703125
2019-08-09,56.20000076293945,56.34000015258789,55.345001220703125,55.7400016784668,16228600,0.0,0.0,55.7400016784668
2019-08-12,55.220001220703125,55.70500183105469,54.779998779296875,55.08000183105469,7652400,0.0,0.0,55.08000183105469
2019-08-13,54.93000030517578,57.095001220703125,54.64500045776367,56.65999984741211,19539800,0.0,0.0,56.65999984741211
2019-08-14,55.25,55.71500015258789,54.5099983215332,54.834999084472656,16064800,0.0,0.0,54.834999084472656
2019-08-15,55.17499923706055,55.25,54.29999923706055,54.775001525878906,9550200,0.0,0.0,54.775001525878906
2019-08-16,55.375,56.2599983215332,55.005001068115234,56.1150016784668,11025600,0.0,0.0,56.1150016784668
2019-08-19,57.33000183105469,57.584999084472656,56.775001525878906,57.040000915527344,9343600,0.0,0.0,57.040000915527344
2019-08-20,56.95000076293945,57.11000061035156,56.48500061035156,56.71500015258789,11217400,0.0,0.0,56.71500015258789
2019-08-21,57.290000915527344,57.56999969482422,57.029998779296875,57.29499816894531,5137200,0.0,0.0,57.29499816894531
2019-08-22,57.375,57.54499816894531,56.6349983215332,57.220001220703125,7954000,0.0,0.0,57.220001220703125
2019-08-23,56.45000076293945,57.025001525878906,54.650001525878906,54.849998474121094,25397800,0.0,0.0,54.849998474121094
2019-08-26,55.685001373291016,55.790000915527344,55.21500015258789,55.415000915527344,7238400,0.0,0.0,55.415000915527344
2019-08-27,55.849998474121094,56.040000915527344,54.959999084472656,55.28499984741211,8074600,0.0,0.0,55.28499984741211
2019-08-28,55.03499984741211,55.72999954223633,54.6349983215332,55.63999938964844,7751000,0.0,0.0,55.63999938964844
2019-08-29,56.59000015258789,57.220001220703125,56.54999923706055,56.845001220703125,11236000,0.0,0.0,56.845001220703125
2019-08-30,57.41999816894531,57.689998626708984,56.95500183105469,57.209999084472656,7725800,0.0,0.0,57.209999084472656
2019-09-03,56.654998779296875,56.78499984741211,55.994998931884766,56.30500030517578,8735400,0.0,0.0,56.30500030517578
2019-09-04,57.23500061035156,57.97999954223633,57.224998474121094,57.96500015258789,10075600,0.0,0.0,57.96500015258789
2019-09-05,59.224998474121094,60.38999938964844,59.154998779296875,59.724998474121094,14293000,0.0,0.0,59.724998474121094
2019-09-06,59.81999969482422,59.994998931884766,59.44499969482422,59.775001525878906,5642800,0.0,0.0,59.775001525878906
2019-09-09,60.02000045776367,60.459999084472656,59.7599983215332,60.005001068115234,6717800,0.0,0.0,60.005001068115234
2019-09-10,59.68000030517578,60.130001068115234,59.29499816894531,60.125,7901000,0.0,0.0,60.125
2019-09-11,60.3650016784668,60.92499923706055,60.05500030517578,60.88999938964844,6789000,0.0,0.0,60.88999938964844
2019-09-12,61.334999084472656,61.564998626708984,60.584999084472656,60.98500061035156,8984400,0.0,0.0,60.98500061035156
2019-09-13,60.900001525878906,61.2400016784668,60.66999816894531,60.95500183105469,7082400,0.0,0.0,60.95500183105469
2019-09-16,60.44499969482422,60.775001525878906,60.025001525878906,60.54499816894531,4699400,0.0,0.0,60.54499816894531
2019-09-17,60.29999923706055,60.84000015258789,60.13999938964844,60.790000915527344,6576600,0.0,0.0,60.790000915527344
2019-09-18,60.775001525878906,60.8849983215332,60.040000915527344,60.85499954223633,4461600,0.0,0.0,60.85499954223633
2019-09-19,61.025001525878906,61.18000030517578,60.54499816894531,60.61000061035156,5574200,0.0,0.0,60.61000061035156
2019-09-20,60.75,60.7599983215332,59.27000045776367,59.474998474121094,10108000,0.0,0.0,59.474998474121094
2019-09-23,59.40999984741211,60.29999923706055,59.40999984741211,59.98500061035156,5841800,0.0,0.0,59.98500061035156
2019-09-24,60.43000030517578,60.54499816894531,58.82500076293945,59.095001220703125,11076200,0.0,0.0,59.095001220703125
2019-09-25,58.80500030517578,60.2599983215332,58.334999084472656,60.10499954223633,10392800,0.0,0.0,60.10499954223633
2019-09-26,60.150001525878906,60.4900016784668,59.67499923706055,60.314998626708984,9736600,0.0,0.0,60.314998626708984
2019-09-27,59.845001220703125,60.11000061035156,58.43000030517578,58.8849983215332,13748000,0.0,0.0,58.8849983215332
2019-09-30,59.29499816894531,59.630001068115234,58.974998474121094,59.564998626708984,5178000,0.0,0.0,59.564998626708984
2019-10-01,59.97999954223633,60.65999984741211,58.93000030517578,59.15999984741211,9516800,0.0,0.0,59.15999984741211
2019-10-02,58.61000061035156,58.77000045776367,57.86000061035156,58.19499969482422,9928200,0.0,0.0,58.19499969482422
2019-10-03,58.189998626708984,59.15999984741211,57.540000915527344,59.09000015258789,11036000,0.0,0.0,59.09000015258789
2019-10-04,59.459999084472656,60.15999984741211,59.2599983215332,60.130001068115234,7152400,0.0,0.0,60.130001068115234
2019-10-07,60.04999923706055,60.39500045776367,59.810001373291016,59.83000183105469,9452600,0.0,0.0,59.83000183105469
2019-10-08,59.19499969482422,59.375,58.15999984741211,58.2599983215332,12161800,0.0,0.0,58.2599983215332
2019-10-09,59.09000015258789,59.67499923706055,58.95000076293945,59.28499984741211,6429000,0.0,0.0,59.28499984741211
2019-10-10,59.44499969482422,60.415000915527344,59.3849983215332,59.849998474121094,9358800,0.0,0.0,59.849998474121094
2019-10-11,61.04999923706055,61.939998626708984,60.904998779296875,61.21500015258789,17065400,0.0,0.0,61.21500015258789
2019-10-14,61.21500015258789,61.435001373291016,61.025001525878906,61.30500030517578,4406200,0.0,0.0,61.30500030517578
2019-10-15,61.584999084472656,62.689998626708984,61.584999084472656,62.525001525878906,7605200,0.0,0.0,62.525001525878906
2019-10-16,62.125,62.459999084472656,61.5,61.6150016784668,6919400,0.0,0.0,61.6150016784668
2019-10-17,62.29999923706055,62.55500030517578,61.279998779296875,61.654998779296875,6686200,0.0,0.0,61.654998779296875
2019-10-18,61.55500030517578,61.744998931884766,60.505001068115234,61.04999923706055,7198400,0.0,0.0,61.04999923706055
2019-10-21,61.5,62.220001220703125,61.41999816894531,62.19499969482422,8208200,0.0,0.0,62.19499969482422
2019-10-22,62.40999984741211,62.494998931884766,61.709999084472656,61.724998474121094,6848800,0.0,0.0,61.724998474121094
2019-10-23,60.63999938964844,61.10499954223633,60.310001373291016,60.650001525878906,11567400,0.0,0.0,60.650001525878906
2019-10-24,61.55500030517578,62.279998779296875,61.45000076293945,62.255001068115234,9543200,0.0,0.0,62.255001068115234
2019-10-25,62.529998779296875,63.56999969482422,62.529998779296875,63.51499938964844,9143200,0.0,0.0,63.51499938964844
2019-10-28,64.05000305175781,64.55999755859375,63.90999984741211,64.4800033569336,9707200,0.0,0.0,64.4800033569336
2019-10-29,64.58999633789062,65.08000183105469,63.970001220703125,64.04000091552734,7143000,0.0,0.0,64.04000091552734
2019-10-30,64.37999725341797,64.37999725341797,63.60499954223633,64.11000061035156,6770600,0.0,0.0,64.11000061035156
2019-10-31,63.93000030517578,64.0,63.064998626708984,63.744998931884766,7842400,0.0,0.0,63.744998931884766
2019-11-01,64.25,65.06999969482422,64.11499786376953,65.05999755859375,8745400,0.0,0.0,65.05999755859375
2019-11-04,66.12000274658203,66.54000091552734,65.91000366210938,66.44499969482422,7755000,0.0,0.0,66.44499969482422
2019-11-05,66.58499908447266,67.01000213623047,66.30000305175781,66.4800033569336,5403600,0.0,0.0,66.4800033569336
2019-11-06,66.26499938964844,66.33499908447266,65.48500061035156,66.07499694824219,8512000,0.0,0.0,66.07499694824219
2019-11-07,66.92500305175781,67.13999938964844,66.16500091552734,66.46499633789062,7853600,0.0,0.0,66.46499633789062
2019-11-08,66.16000366210938,66.6050033569336,65.71499633789062,66.6050033569336,6742000,0.0,0.0,66.6050033569336
2019-11-11,66.04000091552734,66.45999908447266,65.80000305175781,66.33499908447266,5145000,0.0,0.0,66.33499908447266
2019-11-12,66.625,66.9800033569336,66.2249984741211,66.4749984741211,4700200,0.0,0.0,66.4749984741211
2019-11-13,66.08999633789062,66.76000213623047,65.9000015258789,66.58999633789062,5713800,0.0,0.0,66.58999633789062
2019-11-14,66.43499755859375,66.52999877929688,65.98999786376953,66.47000122070312,5224800,0.0,0.0,66.47000122070312
2019-11-15,67.375,67.62999725341797,66.86000061035156,67.1449966430664,8184400,0.0,0.0,67.1449966430664
2019-11-18,67.11499786376953,67.5999984741211,66.80500030517578,67.18499755859375,3931600,0.0,0.0,67.18499755859375
2019-11-19,67.52999877929688,67.625,66.66500091552734,66.95500183105469,6635400,0.0,0.0,66.95500183105469
2019-11-20,66.62000274658203,66.99500274658203,65.77999877929688,66.30000305175781,9882000,0.0,0.0,66.30000305175781
2019-11-21,66.0,66.15499877929688,65.30000305175781,65.57499694824219,8167600,0.0,0.0,65.57499694824219
2019-11-22,65.83499908447266,66.08999633789062,65.33000183105469,65.45999908447266,6401600,0.0,0.0,65.45999908447266
2019-11-25,66.02999877929688,66.9800033569336,66.02999877929688,66.97000122070312,6601400,0.0,0.0,66.97000122070312
2019-11-26,66.81999969482422,66.92500305175781,66.43000030517578,66.75499725341797,7094200,0.0,0.0,66.75499725341797
2019-11-27,67.0250015258789,67.20500183105469,66.87999725341797,67.20500183105469,4592000,0.0,0.0,67.20500183105469
2019-11-29,66.83499908447266,66.87000274658203,66.41500091552734,66.45500183105469,3278400,0.0,0.0,66.45500183105469
2019-12-02,66.59500122070312,66.66999816894531,65.4749984741211,65.58999633789062,9095200,0.0,0.0,65.58999633789062
2019-12-03,64.32499694824219,64.71499633789062,63.959999084472656,64.66999816894531,13605000,0.0,0.0,64.66999816894531
2019-12-04,65.5,65.86000061035156,65.43499755859375,65.62000274658203,6475400,0.0,0.0,65.62000274658203
2019-12-05,65.93000030517578,66.19499969482422,65.73500061035156,66.01499938964844,4876200,0.0,0.0,66.01499938964844
2019-12-06,66.66500091552734,67.13999938964844,66.66500091552734,66.99500274658203,6751600,0.0,0.0,66.99500274658203
2019-12-09,67.02999877929688,67.19999694824219,66.53500366210938,66.54499816894531,3950800,0.0,0.0,66.54499816894531
2019-12-10,66.79499816894531,67.2249984741211,66.62000274658203,66.80999755859375,5077200,0.0,0.0,66.80999755859375
2019-12-11,67.29499816894531,68.2699966430664,67.03500366210938,68.23999786376953,9540200,0.0,0.0,68.23999786376953
2019-12-12,68.33499908447266,70.23500061035156,68.26499938964844,70.19999694824219,12050000,0.0,0.0,70.19999694824219
2019-12-13,70.19499969482422,70.96499633789062,69.70500183105469,69.93000030517578,10016800,0.0,0.0,69.93000030517578
2019-12-16,70.79000091552734,71.05000305175781,70.46499633789062,70.5,7099800,0.0,0.0,70.5
2019-12-17,71.0,71.04499816894531,70.48999786376953,70.9000015258789,5578400,0.0,0.0,70.9000015258789
2019-12-18,71.0999984741211,71.0999984741211,70.54499816894531,70.65499877929688,4842600,0.0,0.0,70.65499877929688
2019-12-19,70.96499633789062,71.12000274658203,70.57499694824219,71.06500244140625,4704200,0.0,0.0,71.06500244140625
2019-12-20,71.44999694824219,71.98500061035156,71.20999908447266,71.75,6537200,0.0,0.0,71.75
2019-12-23,71.56500244140625,71.70999908447266,70.80999755859375,71.04000091552734,5452200,0.0,1.061,71.04000091552734
2019-12-24,71.21499633789062,71.21499633789062,70.71499633789062,71.18499755859375,2355200,0.0,0.0,71.18499755859375
2019-12-26,71.26000213623047,71.48999786376953,71.03500366210938,71.375,3149800,0.0,0.0,71.375
2019-12-27,71.63500213623047,71.69999694824219,70.9800033569336,71.12999725341797,3688400,0.0,0.0,71.12999725341797
2019-12-30,71.25,71.25,70.125,70.61499786376953,5910000,0.0,0.0,70.61499786376953
2019-12-31,70.375,70.83999633789062,70.20500183105469,70.70500183105469,5706200,0.0,0.0,70.70500183105469
2020-01-02,71.8949966430664,72.47000122070312,71.65499877929688,72.33999633789062,5200400,0.0,0.0,72.33999633789062
2020-01-03,71.2750015258789,71.71499633789062,70.94000244140625,71.15499877929688,9963600,0.0,0.0,71.15499877929688
2020-01-06,70.25499725341797,70.56500244140625,69.88500213623047,70.3949966430664,6514000,0.0,0.0,70.3949966430664
2020-01-07,71.12000274658203,71.82499694824219,70.69999694824219,71.56999969482422,6526000,0.0,0.0,71.56999969482422
2020-01-08,71.56500244140625,72.05500030517578,71.26000213623047,71.69000244140625,6112800,0.0,0.0,71.69000244140625
2020-01-09,72.6050033569336,72.6050033569336,71.41999816894531,72.0999984741211,6403600,0.0,0.0,72.0999984741211
2020-01-10,72.51000213623047,72.51000213623047,71.37000274658203,71.5,4503800,0.0,0.0,71.5
2020-01-13,72.0999984741211,72.52999877929688,71.83999633789062,72.5,7211800,0.0,0.0,72.5
2020-01-14,72.58999633789062,73.13500213623047,72.20999908447266,72.6500015258789,6001800,0.0,0.0,72.6500015258789
2020-01-15,72.3550033569336,72.45999908447266,71.37000274658203,71.57499694824219,7379800,0.0,0.0,71.57499694824219
2020-01-16,72.23999786376953,72.7300033569336,72.15499877929688,72.7300033569336,6238400,0.0,0.0,72.7300033569336
2020-01-17,73.04499816894531,73.05000305175781,72.51000213623047,73.02999877929688,5896400,0.0,0.0,73.02999877929688
2020-01-21,72.73999786376953,73.41500091552734,72.67500305175781,73.08999633789062,6054400,0.0,0.0,73.08999633789062
2020-01-22,73.62000274658203,74.30500030517578,73.4800033569336,73.69000244140625,7073600,0.0,0.0,73.69000244140625
2020-01-23,73.9000015258789,74.1500015258789,73.28500366210938,74.1500015258789,8740000,0.0,0.0,74.1500015258789
2020-01-24,75.15499877929688,75.37000274658203,73.2750015258789,73.82499694824219,9998400,0.0,0.0,73.82499694824219
2020-01-27,71.43000030517578,71.75,70.625,70.8499984741211,13582200,0.0,0.0,70.8499984741211
2020-01-28,71.625,72.79000091552734,71.20500183105469,72.625,7419400,0.0,0.0,72.625
2020-01-29,72.33000183105469,72.56999969482422,71.40499877929688,71.5199966430664,5874400,0.0,0.0,71.5199966430664
2020-01-30,70.79499816894531,71.47000122070312,69.98500061035156,71.3550033569336,10334200,0.0,0.0,71.3550033569336
2020-01-31,70.72000122070312,70.78500366210938,68.4800033569336,68.78500366210938,12204800,0.0,0.0,68.78500366210938
2020-02-03,69.08499908447266,69.81999969482422,68.99500274658203,69.7249984741211,7682000,0.0,0.0,69.7249984741211
2020-02-04,71.5999984741211,72.03500366210938,71.23500061035156,71.97000122070312,10815600,0.0,0.0,71.97000122070312
2020-02-05,73.25,73.55500030517578,72.43000030517578,73.4000015258789,10793000,0.0,0.0,73.4000015258789
2020-02-06,73.5,73.5199966430664,72.59500122070312,73.44999694824219,5421800,0.0,0.0,73.44999694824219
2020-02-07,72.7249984741211,72.78500366210938,71.7300033569336,71.7699966430664,10472400,0.0,0.0,71.7699966430664
2020-02-10,71.29000091552734,72.91500091552734,71.25,72.9000015258789,8198400,0.0,0.0,72.9000015258789
2020-02-11,73.55999755859375,74.75,73.55999755859375,74.44000244140625,10834200,0.0,0.0,74.44000244140625
2020-02-12,74.99500274658203,75.58000183105469,74.99500274658203,75.48999786376953,7438400,0.0,0.0,75.48999786376953
2020-02-13,74.9749984741211,76.16500091552734,74.87000274658203,75.66999816894531,7965600,0.0,0.0,75.66999816894531
2020-02-14,76.0,76.30999755859375,74.8949966430664,75.34500122070312,7469800,0.0,0.0,75.34500122070312
2020-02-18,73.83499908447266,74.33000183105469,73.55500030517578,74.21499633789062,11817200,0.0,0.0,74.21499633789062
2020-02-19,75.37000274658203,76.26000213623047,75.25,76.125,8134000,0.0,0.0,76.125
2020-02-20,75.80000305175781,75.9000015258789,73.7699966430664,74.92500305175781,7756000,0.0,0.0,74.92500305175781
2020-02-21,74.43000030517578,74.4749984741211,72.4800033569336,72.7249984741211,14164000,0.0,0.0,72.7249984741211
2020-02-24,69.38500213623047,70.36499786376953,68.7699966430664,69.43000030517578,19728200,0.0,0.0,69.43000030517578
2020-02-25,70.25,70.47000122070312,67.1050033569336,67.43000030517578,25658000,0.0,0.0,67.43000030517578
2020-02-26,68.01000213623047,69.125,67.29499816894531,67.83499908447266,19085800,0.0,0.0,67.83499908447266
2020-02-27,66.0,67.0250015258789,64.55000305175781,64.70999908447266,25962400,0.0,0.0,64.70999908447266
2020-02-28,62.29999923706055,66.33999633789062,62.154998779296875,65.98500061035156,19297800,0.0,0.0,65.98500061035156
2020-03-02,66.83999633789062,68.27999877929688,65.00499725341797,68.2699966430664,14083000,0.0,0.0,68.2699966430664
2020-03-03,68.5250015258789,69.45500183105469,65.55500030517578,66.02999877929688,14801000,0.0,0.0,66.02999877929688
2020-03-04,67.33999633789062,69.41500091552734,66.625,69.41500091552734,10802800,0.0,0.0,69.41500091552734
2020-03-05,67.50499725341797,68.88999938964844,66.6449966430664,67.23500061035156,11346000,0.0,0.0,67.23500061035156
2020-03-06,65.25499725341797,66.36499786376953,64.32499694824219,65.94000244140625,14819200,0.0,0.0,65.94000244140625
2020-03-09,60.33000183105469,63.5,60.2400016784668,60.45500183105469,14174400,0.0,0.0,60.45500183105469
2020-03-10,62.76499938964844,64.18000030517578,60.6150016784668,64.18000030517578,12554000,0.0,0.0,64.18000030517578
2020-03-11,62.064998626708984,63.5,60.095001220703125,60.71500015258789,14558200,0.0,0.0,60.71500015258789
2020-03-12,56.470001220703125,58.814998626708984,54.29499816894531,54.30500030517578,13776000,0.0,0.0,54.30500030517578
2020-03-13,57.65999984741211,60.08000183105469,54.54999923706055,59.56999969482422,11600000,0.0,0.0,59.56999969482422
2020-03-16,52.599998474121094,56.220001220703125,50.63999938964844,50.98500061035156,13095800,0.0,0.0,50.98500061035156
2020-03-17,51.8849983215332,55.709999084472656,50.25,55.1150016784668,19195800,0.0,0.0,55.1150016784668
2020-03-18,51.0,53.185001373291016,48.0,50.53499984741211,14520400,0.0,0.0,50.53499984741211
2020-03-19,50.14500045776367,53.07500076293945,48.52000045776367,51.43000030517578,10292200,0.0,0.0,51.43000030517578
2020-03-20,53.57500076293945,54.61000061035156,50.400001525878906,50.529998779296875,13733000,0.0,0.0,50.529998779296875
2020-03-23,51.224998474121094,53.150001525878906,49.959999084472656,52.404998779296875,13153600,0.0,0.0,52.404998779296875
2020-03-24,55.75,58.040000915527344,55.70000076293945,57.814998626708984,15628600,0.0,0.0,57.814998626708984
2020-03-25,58.369998931884766,60.19499969482422,56.35499954223633,57.380001068115234,9801600,0.0,0.0,57.380001068115234
2020-03-26,58.400001525878906,61.0,58.099998474121094,60.86000061035156,9212800,0.0,0.0,60.86000061035156
2020-03-27,58.76499938964844,59.53499984741211,57.474998474121094,57.494998931884766,12571400,0.0,0.0,57.494998931884766
2020-03-30,58.560001373291016,59.95500183105469,57.91999816894531,59.75,9145600,0.0,0.0,59.75
2020-03-31,59.869998931884766,60.66999816894531,58.18000030517578,58.56999969482422,10223600,0.0,0.0,58.56999969482422
2020-04-01,56.720001220703125,58.095001220703125,55.09000015258789,55.665000915527344,12936000,0.0,0.0,55.665000915527344
2020-04-02,55.16999816894531,57.349998474121094,55.119998931884766,57.165000915527344,9846200,0.0,0.0,57.165000915527344
2020-04-03,57.0,57.72999954223633,55.404998779296875,56.02000045776367,7177600,0.0,0.0,56.02000045776367
2020-04-06,58.6150016784668,61.904998779296875,58.61000061035156,61.59000015258789,17371000,0.0,0.0,61.59000015258789
2020-04-07,63.849998474121094,63.939998626708984,61.400001525878906,61.400001525878906,11802800,0.0,0.0,61.400001525878906
2020-04-08,62.494998931884766,63.744998931884766,61.689998626708984,63.435001373291016,9511600,0.0,0.0,63.435001373291016
2020-04-09,64.09500122070312,64.81999969482422,61.44499969482422,61.935001373291016,20814000,0.0,0.0,61.935001373291016
2020-04-13,61.665000915527344,62.845001220703125,61.375,62.744998931884766,10961600,0.0,0.0,62.744998931884766
2020-04-14,64.30999755859375,65.55000305175781,64.08999633789062,65.48999786376953,15345800,0.0,0.0,65.48999786376953
2020-04-15,64.0250015258789,64.06500244140625,62.994998931884766,63.724998474121094,12026800,0.0,0.0,63.724998474121094
2020-04-16,64.82499694824219,65.71499633789062,64.19999694824219,65.41500091552734,9310000,0.0,0.0,65.41500091552734
2020-04-17,66.68000030517578,66.9749984741211,65.43000030517578,66.05500030517578,10195200,0.0,0.0,66.05500030517578
2020-04-20,65.00499725341797,66.05999755859375,64.63500213623047,64.65499877929688,6241200,0.0,0.0,64.65499877929688
2020-04-21,63.55500030517578,63.90999984741211,61.38999938964844,61.7599983215332,12767200,0.0,0.0,61.7599983215332
2020-04-22,63.57500076293945,65.62000274658203,63.525001525878906,65.25,12027600,0.0,0.0,65.25
2020-04-23,65.2300033569336,65.95999908447266,64.5,64.6500015258789,8544400,0.0,0.0,64.6500015258789
2020-04-24,64.6449966430664,66.11499786376953,64.16000366210938,65.95500183105469,7987400,0.0,0.0,65.95500183105469
2020-04-27,66.61000061035156,67.33499908447266,66.25499725341797,66.7699966430664,8903600,0.0,0.0,66.7699966430664
2020-04-28,67.8949966430664,68.2300033569336,66.25,66.32499694824219,9113600,0.0,0.0,66.32499694824219
2020-04-29,67.5199966430664,69.68000030517578,67.26499938964844,69.44000244140625,9771000,0.0,0.0,69.44000244140625
2020-04-30,69.05000305175781,69.05000305175781,66.75,66.86499786376953,13736400,0.0,0.0,66.86499786376953
2020-05-01,65.43000030517578,65.55000305175781,63.46500015258789,63.71500015258789,12030800,0.0,0.0,63.71500015258789
2020-05-04,63.45000076293945,64.5,63.05500030517578,64.41999816894531,7615800,0.0,0.0,64.41999816894531
2020-05-05,65.33499908447266,66.41500091552734,64.88999938964844,65.26000213623047,9668800,0.0,0.0,65.26000213623047
2020-05-06,66.05500030517578,67.0199966430664,65.87000274658203,66.0250015258789,6652600,0.0,0.0,66.0250015258789
2020-05-07,67.25,67.45999908447266,66.3550033569336,66.625,6246200,0.0,0.0,66.625
2020-05-08,67.36000061035156,68.40499877929688,67.08999633789062,68.32499694824219,6032800,0.0,0.0,68.32499694824219
2020-05-11,67.66500091552734,68.8499984741211,67.62000274658203,68.36000061035156,5441000,0.0,0.0,68.36000061035156
2020-05-12,68.80000305175781,68.95500183105469,66.45999908447266,66.4800033569336,7153200,0.0,0.0,66.4800033569336
2020-05-13,66.96499633789062,67.19499969482422,64.38500213623047,65.30000305175781,13727600,0.0,0.0,65.30000305175781
2020-05-14,64.80500030517578,67.19499969482422,63.70500183105469,67.12999725341797,11389600,0.0,0.0,67.12999725341797
2020-05-15,64.875,65.92500305175781,64.43000030517578,65.5999984741211,14959000,0.0,0.0,65.5999984741211
2020-05-18,67.27999877929688,68.78500366210938,67.21499633789062,68.42500305175781,8478200,0.0,0.0,68.42500305175781
2020-05-19,68.3949966430664,69.63500213623047,68.06500244140625,68.16999816894531,7990000,0.0,0.0,68.16999816894531
2020-05-20,69.68000030517578,71.00499725341797,69.66000366210938,70.63999938964844,9048200,0.0,0.0,70.63999938964844
2020-05-21,70.47000122070312,70.6449966430664,68.75,68.8499984741211,8865600,0.0,0.0,68.8499984741211
2020-05-22,68.88500213623047,69.07499694824219,68.04499816894531,68.99500274658203,4969000,0.0,0.0,68.99500274658203
2020-05-26,70.63500213623047,71.06999969482422,69.48500061035156,69.58999633789062,9327200,0.0,0.0,69.58999633789062
2020-05-27,69.61499786376953,70.6500015258789,67.82499694824219,70.63999938964844,13018200,0.0,0.0,70.63999938964844
2020-05-28,70.25,71.00499725341797,68.7750015258789,69.12999725341797,10383400,0.0,0.0,69.12999725341797
2020-05-29,69.38500213623047,70.94499969482422,69.13999938964844,70.51499938964844,12020000,0.0,0.0,70.51499938964844
2020-06-01,70.44999694824219,70.77999877929688,69.88999938964844,70.41000366210938,6332800,0.0,0.0,70.41000366210938
2020-06-02,70.74500274658203,71.86000061035156,70.33499908447266,71.79499816894531,7555800,0.0,0.0,71.79499816894531
2020-06-03,72.88500213623047,74.06999969482422,72.87999725341797,73.7750015258789,8987600,0.0,0.0,73.7750015258789
2020-06-04,73.44499969482422,75.08999633789062,73.3499984741211,74.58999633789062,6281600,0.0,0.0,74.58999633789062
2020-06-05,76.16500091552734,77.38500213623047,76.07499694824219,76.3499984741211,9793600,0.0,0.0,76.3499984741211
2020-06-08,76.69499969482422,76.72000122070312,74.7300033569336,76.12000274658203,5562200,0.0,0.0,76.12000274658203
2020-06-09,75.28500366210938,76.54499816894531,75.03500366210938,76.26000213623047,5726000,0.0,0.0,76.26000213623047
2020-06-10,76.7249984741211,77.36499786376953,76.33000183105469,76.6500015258789,7012600,0.0,0.0,76.6500015258789
2020-06-11,74.73500061035156,75.05000305175781,71.8949966430664,71.94499969482422,9342800,0.0,0.0,71.94499969482422
2020-06-12,74.0,74.375,71.42500305175781,72.95999908447266,9391800,0.0,0.0,72.95999908447266
2020-06-15,71.36000061035156,74.01000213623047,71.16500091552734,73.90499877929688,8518200,0.0,0.0,73.90499877929688
2020-06-16,75.90499877929688,76.30999755859375,73.88999938964844,75.05999755859375,7783600,0.0,0.0,75.05999755859375
2020-06-17,75.76499938964844,76.50499725341797,75.36000061035156,75.8550033569336,9421200,0.0,0.0,75.8550033569336
2020-06-18,75.70999908447266,76.17500305175781,75.36499786376953,75.75,5770000,0.0,0.0,75.75
2020-06-19,76.55000305175781,76.9749984741211,75.20500183105469,75.3949966430664,6698200,0.0,0.0,75.3949966430664
2020-06-22,75.41000366210938,76.1500015258789,74.76000213623047,76.08499908447266,5636000,0.0,0.0,76.08499908447266
2020-06-23,76.5999984741211,77.05000305175781,76.17500305175781,76.33499908447266,4749200,0.0,0.0,76.33499908447266
2020-06-24,75.92500305175781,76.3499984741211,74.16500091552734,74.73500061035156,8941800,0.0,0.0,74.73500061035156
2020-06-25,74.83999633789062,75.38999938964844,73.55000305175781,75.24500274658203,4635400,0.0,0.0,75.24500274658203
2020-06-26,75.24500274658203,75.41000366210938,73.67500305175781,73.83499908447266,7897800,0.0,0.0,73.83499908447266
2020-06-29,74.06999969482422,74.58499908447266,72.92500305175781,74.58499908447266,6789800,0.0,0.0,74.58499908447266
2020-06-30,75.04499816894531,76.68000030517578,74.93499755859375,76.4000015258789,8866200,0.0,0.0,76.4000015258789
2020-07-01,76.44999694824219,76.4800033569336,75.5199966430664,75.5250015258789,6057600,0.0,0.0,75.5250015258789
2020-07-02,76.56500244140625,77.25499725341797,76.30999755859375,76.68000030517578,6947400,0.0,0.0,76.68000030517578
2020-07-06,78.08499908447266,79.05000305175781,77.92500305175781,78.79499816894531,6925800,0.0,0.0,78.79499816894531
2020-07-07,78.57499694824219,79.03500366210938,77.66000366210938,77.81500244140625,5952000,0.0,0.0,77.81500244140625
2020-07-08,78.5199966430664,79.00499725341797,77.875,78.93000030517578,5181600,0.0,0.0,78.93000030517578
2020-07-09,79.25,80.62000274658203,78.44499969482422,80.30000305175781,11834000,0.0,0.0,80.30000305175781
2020-07-10,80.28500366210938,80.51499938964844,79.19499969482422,79.98500061035156,4751800,0.0,0.0,79.98500061035156
2020-07-13,81.19999694824219,82.0250015258789,78.68000030517578,78.83499908447266,9496400,0.0,0.0,78.83499908447266
2020-07-14,78.31500244140625,80.3499984741211,77.40499877929688,80.16000366210938,7806200,0.0,0.0,80.16000366210938
2020-07-15,80.65499877929688,80.68499755859375,78.6449966430664,79.79499816894531,6357000,0.0,0.0,79.79499816894531
2020-07-16,79.04499816894531,79.9749984741211,78.55000305175781,79.73500061035156,6811200,0.0,0.0,79.73500061035156
2020-07-17,80.26000213623047,80.38999938964844,79.70999908447266,80.1050033569336,4978200,0.0,0.0,80.1050033569336
2020-07-20,80.2249984741211,81.91999816894531,79.66000366210938,81.70500183105469,4485600,0.0,0.0,81.70500183105469
2020-07-21,82.54000091552734,82.58499908447266,81.06999969482422,81.29499816894531,6091000,0.0,0.0,81.29499816894531
2020-07-22,81.55999755859375,82.47000122070312,81.23999786376953,81.88999938964844,4728600,0.0,0.0,81.88999938964844
2020-07-23,81.91000366210938,82.5250015258789,79.83499908447266,80.54000091552734,7436000,0.0,0.0,80.54000091552734
2020-07-24,79.2750015258789,80.94000244140625,78.61499786376953,79.7300033569336,6040800,0.0,0.0,79.7300033569336
2020-07-27,81.54000091552734,83.00499725341797,81.41999816894531,82.94499969482422,5584800,0.0,0.0,82.94499969482422
2020-07-28,81.80500030517578,81.91000366210938,80.66500091552734,80.79000091552734,5692600,0.0,0.0,80.79000091552734
2020-07-29,81.51000213623047,83.13500213623047,81.36499786376953,82.82499694824219,6411200,0.0,0.0,82.82499694824219
2020-07-30,82.1050033569336,83.69999694824219,81.93000030517578,83.6050033569336,6549600,0.0,0.0,83.6050033569336
2020-07-31,83.7699966430664,83.7699966430664,81.91500091552734,83.11000061035156,10354800,0.0,0.0,83.11000061035156
2020-08-03,83.66500091552734,84.7249984741211,83.57499694824219,84.58999633789062,4024800,0.0,0.0,84.58999633789062
2020-08-04,84.62999725341797,85.9000015258789,84.55999755859375,85.81999969482422,5997000,0.0,0.0,85.81999969482422
2020-08-05,85.81999969482422,86.54499816894531,85.41999816894531,85.8949966430664,4373800,0.0,0.0,85.8949966430664
2020-08-06,85.86000061035156,85.875,84.87000274658203,85.74500274658203,4438600,0.0,0.0,85.74500274658203
2020-08-07,85.61499786376953,86.01499938964844,83.87000274658203,84.76000213623047,5515200,0.0,0.0,84.76000213623047
2020-08-10,85.03500366210938,85.22000122070312,83.56999969482422,84.81999969482422,4574800,0.0,0.0,84.81999969482422
2020-08-11,84.83499908447266,85.25499725341797,83.37000274658203,83.62000274658203,6514400,0.0,0.0,83.62000274658203
2020-08-12,84.36000061035156,86.5,84.01499938964844,86.25,5739600,0.0,0.0,86.25
2020-08-13,86.20500183105469,86.30000305175781,85.04000091552734,85.43000030517578,4549600,0.0,0.0,85.43000030517578
2020-08-14,85.67500305175781,86.43000030517578,85.13999938964844,85.33999633789062,3263000,0.0,0.0,85.33999633789062
2020-08-17,86.33000183105469,87.05500030517578,86.12000274658203,86.58499908447266,2801800,0.0,0.0,86.58499908447266
2020-08-18,86.94499969482422,87.16500091552734,85.81999969482422,86.05000305175781,3021800,0.0,0.0,86.05000305175781
2020-08-19,86.21499633789062,86.29499816894531,85.31999969482422,85.5250015258789,4716600,0.0,0.0,85.5250015258789
2020-08-20,84.58999633789062,85.11000061035156,84.11499786376953,84.83999633789062,5814800,0.0,0.0,84.83999633789062
2020-08-21,84.80999755859375,85.4749984741211,84.51000213623047,85.45500183105469,4163000,0.0,0.0,85.45500183105469
2020-08-24,86.41000366210938,86.69499969482422,85.6050033569336,86.21499633789062,2595400,0.0,0.0,86.21499633789062
2020-08-25,86.41500091552734,87.2300033569336,86.4000015258789,87.19000244140625,2598800,0.0,0.0,87.19000244140625
2020-08-26,87.41000366210938,87.96499633789062,87.17500305175781,87.67500305175781,2835800,0.0,0.0,87.67500305175781
2020-08-27,87.9749984741211,88.19499969482422,85.91999816894531,86.44499969482422,6242800,0.0,0.0,86.44499969482422
2020-08-28,86.69999694824219,87.9000015258789,86.42500305175781,87.81999969482422,2711600,0.0,0.0,87.81999969482422
2020-08-31,87.55000305175781,88.31999969482422,86.94999694824219,87.68499755859375,3468600,0.0,0.0,87.68499755859375
2020-09-01,88.3499984741211,89.44999694824219,87.94000244140625,89.40499877929688,3668000,0.0,0.0,89.40499877929688
2020-09-02,90.9000015258789,92.30500030517578,89.69000244140625,91.7750015258789,7925000,0.0,0.0,91.7750015258789
2020-09-03,90.41000366210938,90.41000366210938,86.18499755859375,86.9000015258789,13800400,0.0,0.0,86.9000015258789
2020-09-04,86.19499969482422,87.36000061035156,82.75,85.70500183105469,9850800,0.0,0.0,85.70500183105469
2020-09-08,82.4000015258789,84.30999755859375,81.78500366210938,81.90499877929688,7993400,0.0,0.0,81.90499877929688
2020-09-09,83.91500091552734,84.88500213623047,82.99500274658203,84.25,4672200,0.0,0.0,84.25
2020-09-10,85.23999786376953,85.65499877929688,82.69999694824219,83.19000244140625,5837600,0.0,0.0,83.19000244140625
2020-09-11,83.9000015258789,84.68499755859375,82.23500061035156,83.02999877929688,4779200,0.0,0.0,83.02999877929688
2020-09-14,84.9749984741211,85.50499725341797,84.26499938964844,84.9000015258789,4549000,0.0,0.0,84.9000015258789
2020-09-15,86.08999633789062,87.23999786376953,85.88500213623047,86.68499755859375,7696200,0.0,0.0,86.68499755859375
2020-09-16,87.23999786376953,87.37000274658203,85.48500061035156,85.62000274658203,3870000,0.0,0.0,85.62000274658203
2020-09-17,83.26000213623047,85.55999755859375,83.1050033569336,85.42500305175781,4373600,0.0,0.0,85.42500305175781
2020-09-18,85.91999816894531,86.08999633789062,83.12000274658203,84.13500213623047,5509200,0.0,0.0,84.13500213623047
2020-09-21,82.71499633789062,84.18000030517578,82.01499938964844,84.17500305175781,8011400,0.0,0.0,84.17500305175781
2020-09-22,84.67500305175781,85.01499938964844,83.18000030517578,84.86499786376953,3214200,0.0,0.0,84.86499786376953
2020-09-23,84.94999694824219,85.32499694824219,82.625,82.92500305175781,4852200,0.0,0.0,82.92500305175781
2020-09-24,82.1500015258789,84.80500030517578,82.05000305175781,83.6500015258789,6385600,0.0,0.0,83.6500015258789
2020-09-25,83.43000030517578,84.87999725341797,82.45999908447266,84.62000274658203,5076400,0.0,0.0,84.62000274658203
2020-09-28,85.93000030517578,86.83999633789062,85.2300033569336,86.7699966430664,3918000,0.0,0.0,86.7699966430664
2020-09-29,86.56500244140625,87.78500366210938,86.56500244140625,87.2300033569336,6431400,0.0,0.0,87.2300033569336
2020-09-30,87.06500244140625,88.09500122070312,86.7249984741211,87.0999984741211,5782200,0.0,0.0,87.0999984741211
2020-10-01,88.76499938964844,89.54000091552734,88.32499694824219,89.25,4724800,0.0,0.0,89.25
2020-10-02,87.26499938964844,88.4749984741211,86.54000091552734,86.57499694824219,6278600,0.0,0.0,86.57499694824219
2020-10-05,87.3949966430664,89.5250015258789,87.32499694824219,89.5250015258789,3832200,0.0,0.0,89.5250015258789
2020-10-06,89.30999755859375,90.80500030517578,88.38999938964844,88.73999786376953,10500200,0.0,0.0,88.73999786376953
2020-10-07,90.08000183105469,90.88500213623047,90.05999755859375,90.63999938964844,3467600,0.0,0.0,90.63999938964844
2020-10-08,91.62000274658203,91.87000274658203,91.18000030517578,91.75,3773200,0.0,0.0,91.75
2020-10-09,93.13500213623047,93.55000305175781,92.69999694824219,93.32499694824219,5310200,0.0,0.0,93.32499694824219
2020-10-12,94.62000274658203,95.36000061035156,94.05500030517578,94.97000122070312,4606200,0.0,0.0,94.97000122070312
2020-10-13,95.03500366210938,95.4749984741211,94.29000091552734,94.68499755859375,3182800,0.0,0.0,94.68499755859375
2020-10-14,95.08999633789062,95.2699966430664,93.5999984741211,94.18499755859375,4294000,0.0,0.0,94.18499755859375
2020-10-15,92.45500183105469,93.94999694824219,92.19999694824219,93.81999969482422,2655800,0.0,0.0,93.81999969482422
2020-10-16,94.51000213623047,94.51000213623047,93.16000366210938,93.23500061035156,3466600,0.0,0.0,93.23500061035156
2020-10-19,93.92500305175781,94.54499816894531,92.41000366210938,92.7750015258789,4638200,0.0,0.0,92.7750015258789
2020-10-20,93.42500305175781,93.58499908447266,92.54499816894531,92.8499984741211,4994400,0.0,0.0,92.8499984741211
2020-10-21,93.0,93.3550033569336,92.16000366210938,92.25499725341797,4890600,0.0,0.0,92.25499725341797
2020-10-22,92.29499816894531,92.6449966430664,91.16500091552734,92.22000122070312,3146400,0.0,0.0,92.22000122070312
2020-10-23,92.11499786376953,92.11499786376953,91.125,92.0,3331600,0.0,0.0,92.0
2020-10-26,91.28500366210938,91.625,88.93499755859375,90.02999877929688,6464600,0.0,0.0,90.02999877929688
2020-10-27,90.76000213623047,90.97000122070312,89.3499984741211,89.72000122070312,3751600,0.0,0.0,89.72000122070312
2020-10-28,88.18000030517578,88.29499816894531,86.63500213623047,86.82499694824219,9155800,0.0,0.0,86.82499694824219
2020-10-29,86.93499755859375,89.75499725341797,86.68000030517578,88.97000122070312,4593600,0.0,0.0,88.97000122070312
2020-10-30,87.8949966430664,88.5,86.52999877929688,87.4749984741211,4847200,0.0,0.0,87.4749984741211
2020-11-02,88.25499725341797,88.93000030517578,87.30500030517578,88.15499877929688,3878200,0.0,0.0,88.15499877929688
2020-11-03,88.91500091552734,90.63500213623047,88.8550033569336,89.98999786376953,5890000,0.0,0.0,89.98999786376953
2020-11-04,91.94999694824219,93.62000274658203,90.80999755859375,93.29000091552734,7822600,0.0,0.0,93.29000091552734
2020-11-05,95.69999694824219,97.13500213623047,95.50499725341797,96.99500274658203,6044600,0.0,0.0,96.99500274658203
2020-11-06,96.84500122070312,98.79499816894531,96.30000305175781,98.5,6303200,0.0,0.0,98.5
2020-11-09,100.91000366210938,101.44499969482422,97.32499694824219,97.42500305175781,10780400,0.0,0.0,97.42500305175781
2020-11-10,96.8499984741211,96.875,94.18499755859375,94.41000366210938,6903000,0.0,0.0,94.41000366210938
2020-11-11,96.0,97.9749984741211,95.91500091552734,97.7300033569336,5375400,0.0,0.0,97.7300033569336
2020-11-12,97.84500122070312,98.33999633789062,96.23500061035156,96.67500305175781,6405000,0.0,0.0,96.67500305175781
2020-11-13,97.91999816894531,98.86499786376953,97.44000244140625,98.0999984741211,4874800,0.0,0.0,98.0999984741211
2020-11-16,98.87000274658203,101.15499877929688,98.70999908447266,100.86000061035156,4773400,0.0,0.0,100.86000061035156
2020-11-17,100.625,100.625,99.24500274658203,99.69999694824219,3430200,0.0,0.0,99.69999694824219
2020-11-18,100.2300033569336,100.68000030517578,99.16000366210938,99.20500183105469,7664600,0.0,0.0,99.20500183105469
2020-11-19,98.68499755859375,100.59500122070312,98.33499908447266,100.5,4394800,0.0,0.0,100.5
2020-11-20,100.70500183105469,101.31500244140625,99.87999725341797,99.98999786376953,3579200,0.0,0.0,99.98999786376953
2020-11-23,100.75499725341797,101.9749984741211,100.3949966430664,101.52999877929688,5038600,0.0,0.0,101.52999877929688
2020-11-24,102.19499969482422,102.23999786376953,100.38500213623047,101.8499984741211,3909800,0.0,0.0,101.8499984741211
2020-11-25,101.94999694824219,102.5,101.42500305175781,101.84500122070312,3595600,0.0,0.0,101.84500122070312
2020-11-27,102.55000305175781,103.78500366210938,102.55000305175781,103.20999908447266,3684600,0.0,0.0,103.20999908447266
2020-11-30,103.37999725341797,105.2750015258789,101.98999786376953,104.30500030517578,8532400,0.0,0.0,104.30500030517578
2020-12-01,105.31500244140625,107.0,104.875,106.19999694824219,6737000,0.0,0.0,106.19999694824219
2020-12-02,106.16000366210938,106.9749984741211,105.69999694824219,106.625,5309000,0.0,0.0,106.625
2020-12-03,107.30999755859375,107.83000183105469,106.45999908447266,106.58499908447266,4605000,0.0,0.0,106.58499908447266
2020-12-04,107.2300033569336,109.69499969482422,107.03500366210938,109.69499969482422,5367000,0.0,0.0,109.69499969482422
2020-12-07,110.41000366210938,110.44999694824219,109.34500122070312,110.31999969482422,4150600,0.0,0.0,110.31999969482422
2020-12-08,110.26499938964844,110.8949966430664,109.56500244140625,110.46499633789062,3725600,0.0,0.0,110.46499633789062
2020-12-09,109.8949966430664,110.31500244140625,106.33499908447266,107.04499816894531,7174800,0.0,0.0,107.04499816894531
2020-12-10,106.08499908447266,107.84500122070312,105.68000030517578,107.125,4239400,0.0,0.0,107.125
2020-12-11,106.41000366210938,107.09500122070312,105.20500183105469,106.25499725341797,4151400,0.0,0.0,106.25499725341797
2020-12-14,107.19999694824219,107.97000122070312,106.7699966430664,107.33999633789062,4346000,0.0,0.0,107.33999633789062
2020-12-15,108.69499969482422,109.30999755859375,108.19999694824219,109.0250015258789,5027600,0.0,0.0,109.0250015258789
2020-12-16,109.4800033569336,109.4800033569336,108.12999725341797,108.9800033569336,2536200,0.0,0.0,108.9800033569336
2020-12-17,109.66500091552734,109.69999694824219,108.54000091552734,108.95500183105469,2250800,0.0,0.0,108.95500183105469
2020-12-18,109.09500122070312,109.2750015258789,107.88999938964844,108.58000183105469,6820800,0.0,0.0,108.58000183105469
2020-12-21,106.18000030517578,107.34500122070312,105.4000015258789,107.28500366210938,4260200,0.0,0.751,107.28500366210938
2020-12-22,107.45500183105469,107.45999908447266,106.17500305175781,107.09500122070312,3693600,0.0,0.0,107.09500122070312
2020-12-23,107.25,107.61499786376953,106.23500061035156,106.29499816894531,2659600,0.0,0.0,106.29499816894531
2020-12-24,106.5999984741211,107.45500183105469,106.5999984741211,107.43499755859375,1142800,0.0,0.0,107.43499755859375
2020-12-28,108.63999938964844,108.74500274658203,107.12000274658203,107.22000122070312,2445600,0.0,0.0,107.22000122070312
2020-12-29,107.83999633789062,107.8949966430664,105.95999908447266,106.94999694824219,4497600,0.0,0.0,106.94999694824219
2020-12-30,107.57499694824219,109.05000305175781,107.57499694824219,108.92500305175781,2108800,0.0,0.0,108.92500305175781
2020-12-31,108.9800033569336,109.2699966430664,108.13500213623047,109.20999908447266,2863000,0.0,0.0,109.20999908447266
2021-01-04,110.2750015258789,112.5,108.27999877929688,109.43000030517578,9300600,0.0,0.0,109.43000030517578
2021-01-05,109.2249984741211,111.44999694824219,109.2249984741211,111.34500122070312,4639000,0.0,0.0,111.34500122070312
2021-01-06,110.41500091552734,113.1050033569336,109.97000122070312,111.00499725341797,7689000,0.0,0.0,111.00499725341797
2021-01-07,112.9000015258789,115.83000183105469,112.9000015258789,115.58499908447266,5244600,0.0,0.0,115.58499908447266
2021-01-08,117.55999755859375,117.96499633789062,113.93000030517578,115.16999816894531,6728000,0.0,0.0,115.16999816894531
2021-01-11,114.72000122070312,117.67500305175781,114.48999786376953,116.8949966430664,6264400,0.0,0.0,116.8949966430664
2021-01-12,117.91000366210938,118.375,116.2699966430664,117.44000244140625,6375200,0.0,0.0,117.44000244140625
2021-01-13,118.25,118.31500244140625,116.25,116.80500030517578,4427800,0.0,0.0,116.80500030517578
2021-01-14,118.52999877929688,121.43499755859375,118.38999938964844,119.70999908447266,6605600,0.0,0.0,119.70999908447266
2021-01-15,119.4000015258789,119.59500122070312,116.3550033569336,117.37999725341797,7656400,0.0,0.0,117.37999725341797
2021-01-19,119.625,121.5,118.98500061035156,121.41000366210938,6144400,0.0,0.0,121.41000366210938
2021-01-20,123.04000091552734,123.3949966430664,120.6449966430664,120.90499877929688,6309800,0.0,0.0,120.90499877929688
2021-01-21,122.46499633789062,123.06999969482422,120.94000244140625,122.7750015258789,7217600,0.0,0.0,122.7750015258789
2021-01-22,121.5,122.13999938964844,120.3949966430664,120.46499633789062,5508800,0.0,0.0,120.46499633789062
2021-01-25,121.58499908447266,121.84500122070312,118.48500061035156,120.94000244140625,7048400,0.0,0.0,120.94000244140625
2021-01-26,120.7300033569336,120.80000305175781,118.81999969482422,118.8499984741211,5393000,0.0,0.0,118.8499984741211
2021-01-27,116.44000244140625,116.44000244140625,112.46499633789062,113.04499816894531,11583600,0.0,0.0,113.04499816894531
2021-01-28,115.58000183105469,117.18499755859375,114.38999938964844,115.41000366210938,7953000,0.0,0.0,115.41000366210938
2021-01-29,115.5,115.91000366210938,112.78500366210938,113.30500030517578,8083000,0.0,0.0,113.30500030517578
2021-02-01,115.06999969482422,117.91999816894531,114.74500274658203,117.74500274658203,5437800,0.0,0.0,117.74500274658203
2021-02-02,119.58499908447266,119.58499908447266,117.9000015258789,119.3550033569336,8677000,0.0,0.0,119.3550033569336
2021-02-03,119.91000366210938,119.91000366210938,117.00499725341797,117.11000061035156,6479800,0.0,0.0,117.11000061035156
2021-02-04,116.84500122070312,118.46499633789062,116.16999816894531,118.46499633789062,5895800,0.0,0.0,118.46499633789062
2021-02-05,119.22000122070312,119.24500274658203,117.44000244140625,117.6050033569336,4920400,0.0,0.0,117.6050033569336
2021-02-08,118.76000213623047,121.55000305175781,118.59500122070312,121.53500366210938,8969200,0.0,0.0,121.53500366210938
2021-02-09,121.0250015258789,122.11499786376953,120.61499786376953,121.17500305175781,3215600,0.0,0.0,121.17500305175781
2021-02-10,122.25,122.94499969482422,119.99500274658203,121.48500061035156,7481200,0.0,0.0,121.48500061035156
2021-02-11,122.84500122070312,126.0,122.7750015258789,125.98500061035156,10340000,0.0,0.0,125.98500061035156
2021-02-12,125.53500366210938,127.5199966430664,124.7750015258789,127.27999877929688,6800800,0.0,0.0,127.27999877929688
2021-02-16,128.99000549316406,129.2949981689453,127.33000183105469,128.05999755859375,6947800,0.0,0.0,128.05999755859375
2021-02-17,126.73500061035156,127.23999786376953,124.01000213623047,125.58000183105469,7337600,0.0,0.0,125.58000183105469
2021-02-18,124.12000274658203,124.80000305175781,122.6500015258789,124.24500274658203,6060000,0.0,0.0,124.24500274658203
2021-02-19,126.1500015258789,127.90499877929688,125.5999984741211,126.93000030517578,8658800,0.0,0.0,126.93000030517578
2021-02-22,125.26499938964844,125.93000030517578,121.83499908447266,122.29000091552734,6753000,0.0,0.0,122.29000091552734
2021-02-23,119.9749984741211,121.94000244140625,116.44000244140625,121.11499786376953,9492400,0.0,0.0,121.11499786376953
2021-02-24,119.98500061035156,125.0250015258789,119.22000122070312,125.01000213623047,9291000,0.0,0.0,125.01000213623047
2021-02-25,123.5199966430664,124.1449966430664,117.61499786376953,118.04000091552734,12311800,0.0,0.0,118.04000091552734
2021-02-26,120.06500244140625,121.44499969482422,117.45999908447266,120.4749984741211,10312600,0.0,0.0,120.4749984741211
2021-03-01,122.34500122070312,124.125,121.18000030517578,124.0999984741211,7118400,0.0,0.0,124.0999984741211
2021-03-02,124.33999633789062,124.33999633789062,120.18000030517578,120.28500366210938,7697200,0.0,0.0,120.28500366210938
2021-03-03,120.43000030517578,120.7750015258789,116.375,116.49500274658203,9035000,0.0,0.0,116.49500274658203
2021-03-04,115.88500213623047,116.69499969482422,109.18000030517578,110.83999633789062,18054800,0.0,0.0,110.83999633789062
2021-03-05,113.69499969482422,114.625,108.45500183105469,114.3949966430664,14766600,0.0,0.0,114.3949966430664
2021-03-08,113.7699966430664,114.27999877929688,108.06999969482422,108.11000061035156,15614600,0.0,0.0,108.11000061035156
2021-03-09,112.1050033569336,115.26000213623047,111.6500015258789,114.51499938964844,14207200,0.0,0.0,114.51499938964844
2021-03-10,116.2699966430664,116.2699966430664,112.1050033569336,112.19000244140625,12627400,0.0,0.0,112.19000244140625
2021-03-11,115.62999725341797,117.46499633789062,115.03500366210938,116.90499877929688,8957400,0.0,0.0,116.90499877929688
2021-03-12,114.75,115.69999694824219,113.875,115.44499969482422,7449200,0.0,0.0,115.44499969482422
2021-03-15,116.11000061035156,117.93499755859375,115.16500091552734,117.93499755859375,6869200,0.0,0.0,117.93499755859375
2021-03-16,119.11499786376953,120.91000366210938,118.3550033569336,119.2249984741211,9247200,0.0,0.0,119.2249984741211
2021-03-17,117.3550033569336,121.29000091552734,116.51499938964844,120.34500122070312,10292400,0.0,0.0,120.34500122070312
2021-03-18,118.5999984741211,118.77999877929688,115.41500091552734,115.5250015258789,8934200,0.0,0.0,115.5250015258789
2021-03-19,115.69499969482422,117.86000061035156,114.4000015258789,116.83999633789062,14151200,0.0,0.0,116.83999633789062
2021-03-22,118.41500091552734,120.91000366210938,118.07499694824219,119.625,9827400,0.0,0.0,119.625
2021-03-23,119.76499938964844,119.76499938964844,116.11000061035156,116.62999725341797,9038600,0.0,0.0,116.62999725341797
2021-03-24,118.41999816894531,118.66000366210938,114.56999969482422,114.62999725341797,8925000,0.0,0.0,114.62999725341797
2021-03-25,113.11000061035156,115.41000366210938,112.20500183105469,115.05000305175781,13527800,0.0,0.0,115.05000305175781
2021-03-26,115.38500213623047,120.8499984741211,115.07499694824219,120.81999969482422,15262400,0.0,0.0,120.81999969482422
2021-03-29,119.68499755859375,119.94999694824219,117.45500183105469,118.88500213623047,12544200,0.0,0.0,118.88500213623047
2021-03-30,118.33000183105469,118.8550033569336,117.26499938964844,118.375,6675800,0.0,0.0,118.375
2021-03-31,119.38500213623047,122.44000244140625,119.38500213623047,121.7750015258789,10132200,0.0,0.0,121.7750015258789
2021-04-01,124.0199966430664,126.4749984741211,124.01499938964844,126.47000122070312,11310200,0.0,0.0,126.47000122070312
2021-04-05,128.52499389648438,128.77000427246094,126.69000244140625,128.5749969482422,9784600,0.0,0.0,128.5749969482422
2021-04-06,127.7249984741211,128.2449951171875,125.58000183105469,126.81500244140625,11805000,0.0,0.0,126.81500244140625
2021-04-07,126.83999633789062,127.30500030517578,125.75,126.5250015258789,7926000,0.0,0.0,126.5250015258789
2021-04-08,128.2100067138672,128.33999633789062,127.20999908447266,128.33999633789062,6799000,0.0,0.0,128.33999633789062
2021-04-09,127.49500274658203,128.0399932861328,126.86499786376953,128.0399932861328,5391200,0.0,0.0,128.0399932861328
2021-04-12,127.41999816894531,127.41999816894531,125.44499969482422,126.55500030517578,6823000,0.0,0.0,126.55500030517578
2021-04-13,127.56999969482422,127.79000091552734,125.37000274658203,126.30500030517578,7383600,0.0,0.0,126.30500030517578
2021-04-14,126.375,127.1500015258789,124.51000213623047,125.09500122070312,7224200,0.0,0.0,125.09500122070312
2021-04-15,126.47000122070312,126.93499755859375,125.11000061035156,126.69999694824219,8138800,0.0,0.0,126.69999694824219
2021-04-16,126.7750015258789,126.95999908447266,125.8550033569336,126.20500183105469,7215000,0.0,0.0,126.20500183105469
2021-04-19,125.25499725341797,125.71499633789062,121.8949966430664,123.08000183105469,10237600,0.0,0.0,123.08000183105469
2021-04-20,122.6500015258789,123.1050033569336,120.7249984741211,121.3550033569336,9636600,0.0,0.0,121.3550033569336
2021-04-21,121.62000274658203,124.63999938964844,121.05000305175781,124.55500030517578,9880200,0.0,0.0,124.55500030517578
2021-04-22,124.5,124.67500305175781,121.03500366210938,121.80000305175781,8253200,0.0,0.0,121.80000305175781
2021-04-23,122.38500213623047,124.81999969482422,122.2750015258789,124.5999984741211,6414600,0.0,0.0,124.5999984741211
2021-04-26,124.73500061035156,126.76499938964844,124.6050033569336,126.7300033569336,5541600,0.0,0.0,126.7300033569336
2021-04-27,127.05000305175781,127.20500183105469,125.44000244140625,125.98999786376953,6919000,0.0,0.0,125.98999786376953
2021-04-28,125.59500122070312,125.59500122070312,123.81999969482422,123.9749984741211,6782400,0.0,0.0,123.9749984741211
2021-04-29,125.5999984741211,125.68000030517578,123.08999633789062,125.12000274658203,7921000,0.0,0.0,125.12000274658203
2021-04-30,123.02999877929688,123.7300033569336,121.19499969482422,121.5,9111600,0.0,0.0,121.5
2021-05-03,122.29000091552734,122.4000015258789,119.70999908447266,120.08999633789062,9078000,0.0,0.0,120.08999633789062
2021-05-04,118.75499725341797,118.95999908447266,116.4000015258789,118.5999984741211,14625400,0.0,0.0,118.5999984741211
2021-05-05,119.88999938964844,120.6449966430664,118.4749984741211,119.125,9871600,0.0,0.0,119.125
2021-05-06,118.875,120.31500244140625,117.76000213623047,120.1050033569336,12851200,0.0,0.0,120.1050033569336
2021-05-07,121.78500366210938,122.75,120.68499755859375,121.80000305175781,10771600,0.0,0.0,121.80000305175781
2021-05-10,120.55000305175781,120.55000305175781,116.19000244140625,116.4000015258789,10634000,0.0,0.0,116.4000015258789
2021-05-11,112.98500061035156,116.8949966430664,112.63500213623047,116.625,13493000,0.0,0.0,116.625
2021-05-12,114.05999755859375,114.55000305175781,111.41000366210938,111.81500244140625,15262800,0.0,0.0,111.81500244140625
2021-05-13,113.69000244140625,115.0,112.00499725341797,113.08499908447266,17890600,0.0,0.0,113.08499908447266
2021-05-14,114.83000183105469,117.44999694824219,113.69999694824219,116.66999816894531,8363600,0.0,0.0,116.66999816894531
2021-05-17,114.95500183105469,115.41000366210938,113.41999816894531,115.37000274658203,10105000,0.0,0.0,115.37000274658203
2021-05-18,116.45999908447266,116.8499984741211,114.58999633789062,114.73500061035156,7617600,0.0,0.0,114.73500061035156
2021-05-19,112.13999938964844,116.91000366210938,111.97000122070312,116.79000091552734,16200000,0.0,0.0,116.79000091552734
2021-05-20,117.75,120.18499755859375,117.56500244140625,119.69000244140625,11437600,0.0,0.0,119.69000244140625
2021-05-21,120.3949966430664,120.48500061035156,118.75,119.08499908447266,10891000,0.0,0.0,119.08499908447266
2021-05-24,120.1500015258789,122.51499938964844,119.94000244140625,121.69999694824219,7522000,0.0,0.0,121.69999694824219
2021-05-25,122.76000213623047,123.23999786376953,121.66000366210938,122.5,8098200,0.0,0.0,122.5
2021-05-26,122.5,123.19999694824219,121.66500091552734,122.625,6491400,0.0,0.0,122.625
2021-05-27,122.38999938964844,123.70500183105469,122.0999984741211,123.21499633789062,5487800,0.0,0.0,123.21499633789062
2021-05-28,123.58499908447266,125.03500366210938,123.36499786376953,124.59500122070312,6943200,0.0,0.0,124.59500122070312
2021-06-01,125.48500061035156,126.56500244140625,123.66000366210938,124.41000366210938,7920000,0.0,0.0,124.41000366210938
2021-06-02,124.25,125.53500366210938,123.83499908447266,125.13999938964844,6451400,0.0,0.0,125.13999938964844
2021-06-03,123.84500122070312,124.27999877929688,122.4000015258789,123.0,7641000,0.0,0.0,123.0
2021-06-04,124.18000030517578,126.18499755859375,124.16500091552734,125.73999786376953,7182200,0.0,0.0,125.73999786376953
2021-06-07,125.43499755859375,125.45500183105469,124.2699966430664,125.0999984741211,5799200,0.0,0.0,125.0999984741211
2021-06-08,125.95999908447266,125.96499633789062,123.13500213623047,124.06999969482422,6159400,0.0,0.0,124.06999969482422
2021-06-09,124.56999969482422,124.79499816894531,123.6050033569336,123.68499755859375,5712200,0.0,0.0,123.68499755859375
2021-06-10,123.72000122070312,125.55500030517578,123.67500305175781,125.30000305175781,6570000,0.0,0.0,125.30000305175781
2021-06-11,125.74500274658203,125.74500274658203,124.79499816894531,125.73999786376953,4843200,0.0,0.0,125.73999786376953
2021-06-14,126.0,127.44000244140625,125.41999816894531,127.44000244140625,6280000,0.0,0.0,127.44000244140625
2021-06-15,127.05000305175781,127.94499969482422,126.01000213623047,126.33999633789062,6987000,0.0,0.0,126.33999633789062
2021-06-16,126.73500061035156,127.16000366210938,124.22000122070312,125.2750015258789,9597600,0.0,0.0,125.2750015258789
2021-06-17,124.80999755859375,127.69499969482422,124.80999755859375,126.69000244140625,7849400,0.0,0.0,126.69000244140625
2021-06-18,125.6050033569336,125.93499755859375,123.06500244140625,123.46499633789062,10137600,0.0,0.0,123.46499633789062
2021-06-21,123.45999908447266,123.98999786376953,122.4800033569336,123.79000091552734,7902000,0.0,0.0,123.79000091552734
2021-06-22,123.88999938964844,124.6500015258789,123.13500213623047,124.5999984741211,6094800,0.0,0.0,124.5999984741211
2021-06-23,124.96499633789062,125.90499877929688,124.86000061035156,125.2300033569336,4195800,0.0,0.0,125.2300033569336
2021-06-24,126.46499633789062,127.55500030517578,126.33000183105469,127.2750015258789,4043200,0.0,0.0,127.2750015258789
2021-06-25,127.53500366210938,127.86499786376953,126.45500183105469,126.7750015258789,5170600,0.0,0.0,126.7750015258789
2021-06-28,127.76499938964844,130.27000427246094,127.76499938964844,129.85000610351562,6955400,0.0,0.0,129.85000610351562
2021-06-29,129.85000610351562,130.97999572753906,129.19000244140625,130.97999572753906,5117600,0.0,0.0,130.97999572753906
2021-06-30,130.7949981689453,131.2449951171875,130.05499267578125,131.1199951171875,5429600,0.0,0.0,131.1199951171875
2021-07-01,130.78500366210938,130.81500244140625,128.74000549316406,129.18499755859375,4886200,0.0,0.0,129.18499755859375
2021-07-02,130.22500610351562,130.22500610351562,129.10499572753906,129.89999389648438,3515400,0.0,0.0,129.89999389648438
2021-07-06,130.47999572753906,131.0500030517578,128.23500061035156,129.86000061035156,5563200,0.0,0.0,129.86000061035156
2021-07-07,130.61500549316406,130.8249969482422,127.55500030517578,128.05999755859375,5018800,0.0,0.0,128.05999755859375
2021-07-08,125.5,126.97000122070312,124.44499969482422,126.34500122070312,6860000,0.0,0.0,126.34500122070312
2021-07-09,127.02999877929688,128.72999572753906,126.05000305175781,128.5,5521800,0.0,0.0,128.5
2021-07-12,129.10499572753906,130.2899932861328,128.64500427246094,130.18499755859375,4457600,0.0,0.0,130.18499755859375
2021-07-13,129.80999755859375,130.6199951171875,129.11000061035156,129.90499877929688,4907200,0.0,0.0,129.90499877929688
2021-07-14,131.3249969482422,131.92999267578125,129.1999969482422,129.6199951171875,6704200,0.0,0.0,129.6199951171875
2021-07-15,128.7550048828125,128.7550048828125,125.18000030517578,126.06500244140625,12503200,0.0,0.0,126.06500244140625
2021-07-16,126.83000183105469,127.18499755859375,123.11000061035156,123.42500305175781,8994200,0.0,0.0,123.42500305175781
2021-07-19,121.59500122070312,123.5199966430664,121.04499816894531,123.4000015258789,12380400,0.0,0.0,123.4000015258789
2021-07-20,123.8550033569336,125.6500015258789,122.20500183105469,124.91000366210938,7590200,0.0,0.0,124.91000366210938
2021-07-21,125.5,128.53500366210938,125.31999969482422,128.5,6349200,0.0,0.0,128.5
2021-07-22,127.70500183105469,128.47500610351562,126.8550033569336,127.7249984741211,6214400,0.0,0.0,127.7249984741211
2021-07-23,128.30999755859375,128.68499755859375,127.04499816894531,128.65499877929688,4456400,0.0,0.0,128.65499877929688
2021-07-26,128.0500030517578,128.75,127.5999984741211,128.50999450683594,2543800,0.0,0.0,128.50999450683594
2021-07-27,127.65499877929688,127.93499755859375,123.71499633789062,126.23999786376953,6706600,0.0,0.0,126.23999786376953
2021-07-28,126.6500015258789,128.80499267578125,126.00499725341797,128.4949951171875,6731600,0.0,0.0,128.4949951171875
2021-07-29,128.6199951171875,131.0749969482422,128.5800018310547,130.90499877929688,6820600,0.0,0.0,130.90499877929688
2021-07-30,129.56500244140625,131.97999572753906,129.55999755859375,131.57000732421875,6459600,0.0,0.0,131.57000732421875
2021-08-02,132.69500732421875,133.97000122070312,132.13999938964844,132.5,8518600,0.0,0.0,132.5
2021-08-03,132.76499938964844,133.7100067138672,131.4250030517578,133.6999969482422,6436600,0.0,0.0,133.6999969482422
2021-08-04,134.10000610351562,135.66000366210938,133.88499450683594,135.16000366210938,7092600,0.0,0.0,135.16000366210938
2021-08-05,135.58999633789062,135.89500427246094,134.26499938964844,135.00999450683594,5626600,0.0,0.0,135.00999450683594
2021-08-06,134.0050048828125,135.00999450683594,133.9550018310547,134.28500366210938,4119400,0.0,0.0,134.28500366210938
2021-08-09,134.5399932861328,134.89999389648438,133.36500549316406,133.8800048828125,3998000,0.0,0.0,133.8800048828125
2021-08-10,134.30499267578125,134.35499572753906,131.35499572753906,132.1649932861328,6655400,0.0,0.0,132.1649932861328
2021-08-11,132.7100067138672,132.7899932861328,130.30999755859375,131.81500244140625,4258200,0.0,0.0,131.81500244140625
2021-08-12,131.13499450683594,131.14500427246094,129.33999633789062,130.375,9066200,0.0,0.0,130.375
2021-08-13,130.46499633789062,131.27499389648438,129.9499969482422,131.22500610351562,5656400,0.0,0.0,131.22500610351562
2021-08-16,130.69000244140625,131.24000549316406,129.6699981689453,130.66000366210938,4517600,0.0,0.0,130.66000366210938
2021-08-17,129.44500732421875,129.47500610351562,127.09500122070312,128.18499755859375,10177000,0.0,0.0,128.18499755859375
2021-08-18,128.0749969482422,128.99000549316406,126.43000030517578,126.52999877929688,5631800,0.0,0.0,126.52999877929688
2021-08-19,125.5199966430664,128.36000061035156,124.67500305175781,127.63999938964844,8966600,0.0,0.0,127.63999938964844
2021-08-20,127.94000244140625,128.625,126.8550033569336,128.19000244140625,6447400,0.0,0.0,128.19000244140625
2021-08-23,129.6649932861328,132.02000427246094,129.64999389648438,131.875,9150200,0.0,0.0,131.875
2021-08-24,132.19000244140625,132.7100067138672,131.6699981689453,131.96499633789062,4813000,0.0,0.0,131.96499633789062
2021-08-25,132.4199981689453,134.42999267578125,132.4199981689453,133.39999389648438,10724000,0.0,0.0,133.39999389648438
2021-08-26,133.31500244140625,134.1300048828125,132.51499938964844,133.60499572753906,5221600,0.0,0.0,133.60499572753906
2021-08-27,133.7550048828125,136.27999877929688,133.66000366210938,136.02000427246094,6363400,0.0,0.0,136.02000427246094
2021-08-30,136.85000610351562,137.60000610351562,135.9949951171875,136.4499969482422,4993600,0.0,0.0,136.4499969482422
2021-08-31,136.7949981689453,136.7949981689453,134.36500549316406,135.4149932861328,5864400,0.0,0.0,135.4149932861328
2021-09-01,136.06500244140625,136.2449951171875,135.03500366210938,135.2050018310547,5119600,0.0,0.0,135.2050018310547
2021-09-02,135.44000244140625,136.84500122070312,135.00999450683594,135.53500366210938,3220000,0.0,0.0,135.53500366210938
2021-09-03,135.40499877929688,137.1199951171875,135.15499877929688,136.64500427246094,3617600,0.0,0.0,136.64500427246094
2021-09-07,136.84500122070312,136.89999389648438,135.55499267578125,136.36500549316406,3926400,0.0,0.0,136.36500549316406
2021-09-08,135.65499877929688,135.86000061035156,133.51499938964844,134.56500244140625,4984800,0.0,0.0,134.56500244140625
2021-09-09,134.64500427246094,135.84500122070312,134.48500061035156,135.1199951171875,4631400,0.0,0.0,135.1199951171875
2021-09-10,136.2550048828125,138.02000427246094,136.0399932861328,136.13999938964844,7345200,0.0,0.0,136.13999938964844
2021-09-13,137.25,137.4949951171875,135.4149932861328,137.16000366210938,5600800,0.0,0.0,137.16000366210938
2021-09-14,137.625,138.22999572753906,136.55999755859375,137.25,5451600,0.0,0.0,137.25
2021-09-15,137.14999389648438,137.74000549316406,136.05999755859375,137.72999572753906,4266600,0.0,0.0,137.72999572753906
2021-09-16,136.63499450683594,138.34500122070312,136.06500244140625,137.92999267578125,5166200,0.0,0.0,137.92999267578125
2021-09-17,137.5,137.5,134.97999572753906,135.5,7483600,0.0,0.0,135.5
2021-09-20,132.60499572753906,133.10000610351562,130.21499633789062,132.1999969482422,7809200,0.0,0.0,132.1999969482422
2021-09-21,133.0500030517578,133.40499877929688,131.42999267578125,132.47999572753906,4624400,0.0,0.0,132.47999572753906
2021-09-22,133.18499755859375,135.2100067138672,132.73500061035156,134.8699951171875,4947600,0.0,0.0,134.8699951171875
2021-09-23,135.74000549316406,136.9550018310547,135.03500366210938,136.56500244140625,4483800,0.0,0.0,136.56500244140625
2021-09-24,135.4949951171875,136.4199981689453,135.2050018310547,136.19500732421875,2781600,0.0,0.0,136.19500732421875
2021-09-27,134.86000061035156,136.19000244140625,133.85499572753906,135.7100067138672,4060000,0.0,0.0,135.7100067138672
2021-09-28,132.8249969482422,133.77499389648438,130.0800018310547,130.2449951171875,11220600,0.0,0.0,130.2449951171875
2021-09-29,130.3300018310547,130.85000610351562,127.88500213623047,128.27999877929688,9581800,0.0,0.0,128.27999877929688
2021-09-30,129.10000610351562,130.27000427246094,128.11000061035156,128.13499450683594,6558200,0.0,0.0,128.13499450683594
2021-10-01,128.74000549316406,128.8350067138672,126.17500305175781,128.2449951171875,7362200,0.0,0.0,128.2449951171875
2021-10-04,127.27999877929688,127.4800033569336,124.38999938964844,124.90499877929688,9562000,0.0,0.0,124.90499877929688
2021-10-05,125.90499877929688,127.55999755859375,125.30999755859375,126.66000366210938,6784600,0.0,0.0,126.66000366210938
2021-10-06,125.19499969482422,127.19000244140625,124.83499908447266,127.04499816894531,7441800,0.0,0.0,127.04499816894531
2021-10-07,128.83999633789062,130.1300048828125,128.5050048828125,128.625,4943400,0.0,0.0,128.625
2021-10-08,129.1999969482422,129.25,127.16999816894531,127.375,4999600,0.0,0.0,127.375
2021-10-11,126.7249984741211,128.64500427246094,126.58000183105469,126.61499786376953,4422000,0.0,0.0,126.61499786376953
2021-10-12,127.36000061035156,127.63999938964844,124.80500030517578,125.33499908447266,8049400,0.0,0.0,125.33499908447266
2021-10-13,126.45500183105469,127.0199966430664,125.82499694824219,126.40499877929688,5694400,0.0,0.0,126.40499877929688
2021-10-14,129.2550048828125,130.27999877929688,128.51499938964844,130.1999969482422,7073000,0.0,0.0,130.1999969482422
2021-10-15,131.25,131.41000366210938,130.49000549316406,131.2899932861328,5309600,0.0,0.0,131.2899932861328
2021-10-18,130.28500366210938,132.38499450683594,129.81500244140625,132.3249969482422,4042800,0.0,0.0,132.3249969482422
2021-10-19,132.5050048828125,133.83999633789062,132.02000427246094,133.83999633789062,4631800,0.0,0.0,133.83999633789062
2021-10-20,133.49000549316406,133.9550018310547,132.77499389648438,133.25,4457000,0.0,0.0,133.25
2021-10-21,132.35499572753906,134.8350067138672,132.23500061035156,134.77000427246094,3889000,0.0,0.0,134.77000427246094
2021-10-22,134.60000610351562,135.78500366210938,133.35000610351562,133.5800018310547,5939000,0.0,0.0,133.5800018310547
2021-10-25,134.18499755859375,135.0449981689453,133.68499755859375,134.2550048828125,3738600,0.0,0.0,134.2550048828125
2021-10-26,135.77000427246094,136.36500549316406,134.52999877929688,135.02000427246094,4962400,0.0,0.0,135.02000427246094
2021-10-27,134.24000549316406,135.47999572753906,133.64999389648438,133.8800048828125,7880800,0.0,0.0,133.8800048828125
2021-10-28,135.56500244140625,136.47000122070312,135.01499938964844,136.42999267578125,5989400,0.0,0.0,136.42999267578125
2021-10-29,135.3699951171875,136.86500549316406,135.2050018310547,136.82000732421875,4406200,0.0,0.0,136.82000732421875
2021-11-01,136.94500732421875,138.46499633789062,136.4199981689453,138.38999938964844,4430400,0.0,0.0,138.38999938964844
2021-11-02,138.375,140.0,138.3000030517578,139.9149932861328,4611200,0.0,0.0,139.9149932861328
2021-11-03,140.0800018310547,141.38499450683594,139.53500366210938,141.3000030517578,6096800,0.0,0.0,141.3000030517578
2021-11-04,142.64500427246094,148.0500030517578,142.16000366210938,147.14999389648438,15122000,0.0,0.0,147.14999389648438
2021-11-05,148.33999633789062,149.8699951171875,146.98500061035156,148.3000030517578,9548600,0.0,0.0,148.3000030517578
2021-11-08,149.26499938964844,151.92999267578125,148.5850067138672,150.97000122070312,8630000,0.0,0.0,150.97000122070312
2021-11-09,152.5050048828125,152.97500610351562,149.64500427246094,151.1699981689453,11542800,0.0,0.0,151.1699981689453
2021-11-10,148.19000244140625,150.16000366210938,145.77499389648438,146.39999389648438,10611000,0.0,0.0,146.39999389648438
2021-11-11,148.75,149.4499969482422,147.72000122070312,149.03500366210938,5640200,0.0,0.0,149.03500366210938
2021-11-12,149.52000427246094,151.15499877929688,148.61500549316406,150.5500030517578,5272200,0.0,0.0,150.5500030517578
2021-11-15,151.55499267578125,151.55499267578125,148.8350067138672,150.35000610351562,5636800,0.0,0.0,150.35000610351562
2021-11-16,149.94500732421875,152.52999877929688,149.38999938964844,152.3000030517578,4880400,0.0,0.0,152.3000030517578
2021-11-17,152.35000610351562,152.72999572753906,150.8249969482422,151.39500427246094,5819200,0.0,0.0,151.39500427246094
2021-11-18,154.91000366210938,155.82000732421875,153.56500244140625,155.1199951171875,7602600,0.0,0.0,155.1199951171875
2021-11-19,154.81500244140625,157.03500366210938,154.44000244140625,156.10000610351562,6666000,0.0,0.0,156.10000610351562
2021-11-22,156.7949981689453,159.41000366210938,153.63999938964844,153.7449951171875,10939800,0.0,0.0,153.7449951171875
2021-11-23,152.93499755859375,154.32000732421875,149.98500061035156,152.6300048828125,10521800,0.0,0.0,152.6300048828125
2021-11-24,151.1699981689453,154.25,149.73500061035156,154.1699981689453,7165000,0.0,0.0,154.1699981689453
2021-11-26,151.31500244140625,152.71499633789062,148.94500732421875,149.6999969482422,6732600,0.0,0.0,149.6999969482422
2021-11-29,152.2550048828125,155.8699951171875,151.53500366210938,155.7100067138672,9032800,0.0,0.0,155.7100067138672
2021-11-30,155.06500244140625,156.38499450683594,151.30499267578125,152.4499969482422,13931400,0.0,0.0,152.4499969482422
2021-12-01,155.3249969482422,157.78500366210938,151.77999877929688,151.91000366210938,14229200,0.0,0.0,151.91000366210938
2021-12-02,150.25,153.5850067138672,149.57000732421875,152.30499267578125,12560000,0.0,0.0,152.30499267578125
2021-12-03,153.375,154.72000122070312,148.77000427246094,150.5749969482422,13547400,0.0,0.0,150.5749969482422
2021-12-06,149.78500366210938,150.69500732421875,145.2550048828125,150.0,10212000,0.0,0.0,150.0
2021-12-07,153.5,157.7100067138672,153.5,157.27499389648438,11289000,0.0,0.0,157.27499389648438
2021-12-08,156.4149932861328,156.9149932861328,155.0,156.59500122070312,7148400,0.0,0.0,156.59500122070312
2021-12-09,155.5500030517578,157.10499572753906,152.6649932861328,152.80499267578125,6494400,0.0,0.0,152.80499267578125
2021-12-10,155.55999755859375,155.875,152.19500732421875,153.77499389648438,7072600,0.0,0.0,153.77499389648438
2021-12-13,154.31500244140625,154.47000122070312,149.5449981689453,149.78500366210938,7499600,0.0,0.0,149.78500366210938
2021-12-14,147.86500549316406,149.74000549316406,146.81500244140625,148.9199981689453,8491800,0.0,0.0,148.9199981689453
2021-12-15,149.0800018310547,155.19000244140625,147.8000030517578,155.0800018310547,10836800,0.0,0.0,155.0800018310547
2021-12-16,155.83999633789062,156.1750030517578,147.55999755859375,148.33999633789062,14412400,0.0,0.0,148.33999633789062
2021-12-17,147.02999877929688,150.02499389648438,146.66000366210938,147.64500427246094,11277600,0.0,0.0,147.64500427246094
2021-12-20,144.9499969482422,146.7449951171875,144.07000732421875,145.7550048828125,11102000,0.0,0.7865,145.7550048828125
2021-12-21,148.85499572753906,151.16000366210938,146.81500244140625,151.02000427246094,9071000,0.0,0.0,151.02000427246094
2021-12-22,150.02499389648438,152.82000732421875,149.71499633789062,152.81500244140625,5102800,0.0,0.0,152.81500244140625
2021-12-23,153.23500061035156,155.19000244140625,153.06500244140625,154.1300048828125,4795600,0.0,0.0,154.1300048828125
2021-12-27,154.65499877929688,158.33999633789062,154.5399932861328,158.27999877929688,6437400,0.0,0.0,158.27999877929688
2021-12-28,158.9149932861328,158.9600067138672,155.94500732421875,156.72000122070312,5076200,0.0,0.0,156.72000122070312
2021-12-29,156.5449981689453,157.77499389648438,155.74000549316406,156.69500732421875,6252200,0.0,0.0,156.69500732421875
2021-12-30,156.52999877929688,157.0050048828125,154.63499450683594,154.9149932861328,5910600,0.0,0.0,154.9149932861328
2021-12-31,155.00999450683594,156.02000427246094,154.35499572753906,154.39500427246094,2929800,0.0,0.0,154.39500427246094
2022-01-03,155.64999389648438,157.85000610351562,155.22000122070312,157.8000030517578,7155200,0.0,0.0,157.8000030517578
2022-01-04,158.5,159.34500122070312,153.58999633789062,156.97999572753906,11485600,0.0,0.0,156.97999572753906
2022-01-05,155.7550048828125,156.94000244140625,151.5050048828125,151.59500122070312,16288400,0.0,0.0,151.59500122070312
2022-01-06,151.47000122070312,153.75999450683594,149.88499450683594,153.10000610351562,13102400,0.0,0.0,153.10000610351562
2022-01-07,152.80999755859375,153.30499267578125,148.09500122070312,148.44500732421875,13858800,0.0,0.0,148.44500732421875
2022-01-10,146.5,148.875,143.86500549316406,148.63499450683594,14787800,0.0,0.0,148.63499450683594
2022-01-11,148.23500061035156,151.7899932861328,147.0850067138672,151.63499450683594,9939800,0.0,0.0,151.63499450683594
2022-01-12,152.9149932861328,154.19500732421875,151.32000732421875,152.92999267578125,11784600,0.0,0.0,152.92999267578125
2022-01-13,156.0,157.41000366210938,149.84500122070312,150.27000427246094,16958600,0.0,0.0,150.27000427246094
2022-01-14,149.24000549316406,153.69500732421875,148.94000244140625,153.4550018310547,11727200,0.0,0.0,153.4550018310547
2022-01-18,150.85499572753906,150.89999389648438,146.3000030517578,146.58999633789062,12497400,0.0,0.0,146.58999633789062
2022-01-19,147.9499969482422,148.84500122070312,142.44500732421875,142.5399932861328,17539000,0.0,0.0,142.5399932861328
2022-01-20,143.71499633789062,144.78500366210938,138.1649932861328,138.1750030517578,16708800,0.0,0.0,138.1750030517578
2022-01-21,137.5,141.0,135.7550048828125,135.875,26521800,0.0,0.0,135.875
2022-01-24,133.10000610351562,137.69500732421875,128.6199951171875,137.61500549316406,25135200,0.0,0.0,137.61500549316406
2022-01-25,133.72000122070312,135.3699951171875,131.42999267578125,132.1649932861328,16935400,0.0,0.0,132.1649932861328
2022-01-26,136.22500610351562,139.44500732421875,131.9499969482422,134.07000732421875,20527400,0.0,0.0,134.07000732421875
2022-01-27,135.4149932861328,135.69500732421875,127.97000122070312,128.34500122070312,22088600,0.0,0.0,128.34500122070312
2022-01-28,128.2050018310547,131.03500366210938,124.68000030517578,130.84500122070312,21911400,0.0,0.0,130.84500122070312
2022-01-31,131.72999572753906,137.6999969482422,130.97000122070312,137.6999969482422,14468800,0.0,0.0,137.6999969482422
2022-02-01,138.64500427246094,138.75,135.10499572753906,138.2899932861328,11685400,0.0,0.0,138.2899932861328
2022-02-02,141.3300018310547,142.02000427246094,139.0,141.82000732421875,11819400,0.0,0.0,141.82000732421875
2022-02-03,138.32000732421875,140.27499389648438,135.0,135.52999877929688,16690600,0.0,0.0,135.52999877929688
2022-02-04,134.97000122070312,137.42999267578125,133.24000549316406,136.26499938964844,9879200,0.0,0.0,136.26499938964844
2022-02-07,136.88499450683594,138.46499633789062,135.8350067138672,136.47999572753906,10319400,0.0,0.0,136.47999572753906
2022-02-08,135.58999633789062,139.69500732421875,135.27000427246094,139.27499389648438,10124800,0.0,0.0,139.27499389648438
2022-02-09,141.39500427246094,144.15499877929688,139.60499572753906,144.125,20297200,0.0,0.0,144.125
2022-02-10,140.92999267578125,145.1750030517578,139.14999389648438,139.80999755859375,16619600,0.0,0.0,139.80999755859375
2022-02-11,140.0,141.00999450683594,131.7899932861328,132.625,23369800,0.0,0.0,132.625
2022-02-14,133.07000732421875,135.3300018310547,130.8800048828125,132.53500366210938,15577600,0.0,0.0,132.53500366210938
2022-02-15,135.5050048828125,139.90499877929688,135.0850067138672,139.7449951171875,12811800,0.0,0.0,139.7449951171875
2022-02-16,137.98500061035156,140.08999633789062,136.61500549316406,139.71499633789062,10021000,0.0,0.0,139.71499633789062
2022-02-17,137.97999572753906,138.15499877929688,134.0,134.11500549316406,15833000,0.0,0.0,134.11500549316406
2022-02-18,134.56500244140625,134.80499267578125,130.85000610351562,132.625,17236400,0.0,0.0,132.625
2022-02-22,131.14500427246094,134.84500122070312,129.77000427246094,131.71499633789062,17874800,0.0,0.0,131.71499633789062
2022-02-23,133.875,134.88999938964844,128.60000610351562,128.9550018310547,15235800,0.0,0.0,128.9550018310547
2022-02-24,123.96499633789062,133.39999389648438,123.37999725341797,133.3800048828125,21510200,0.0,0.0,133.3800048828125
2022-02-25,133.26499938964844,135.28500366210938,131.41000366210938,135.24000549316406,17731000,0.0,0.0,135.24000549316406
2022-02-28,133.22999572753906,135.42999267578125,131.49000549316406,134.0749969482422,17839800,0.0,0.0,134.0749969482422
2022-03-01,133.61500549316406,134.52999877929688,128.55999755859375,129.84500122070312,16571000,0.0,0.0,129.84500122070312
2022-03-02,130.81500244140625,134.80999755859375,130.49000549316406,134.09500122070312,16573600,0.0,0.0,134.09500122070312
2022-03-03,134.51499938964844,134.56500244140625,130.39500427246094,131.2050018310547,16515200,0.0,0.0,131.2050018310547
2022-03-04,129.77499389648438,130.77999877929688,126.1500015258789,127.67500305175781,16157600,0.0,0.0,127.67500305175781
2022-03-07,127.8550033569336,128.77499389648438,121.25499725341797,121.31999969482422,17728600,0.0,0.0,121.31999969482422
2022-03-08,121.51000213623047,127.58999633789062,119.82499694824219,123.1500015258789,25880800,0.0,0.0,123.1500015258789
2022-03-09,127.44000244140625,129.35000610351562,125.82499694824219,128.5,13344800,0.0,0.0,128.5
2022-03-10,126.11499786376953,126.30000305175781,123.3499984741211,125.72000122070312,14997800,0.0,0.0,125.72000122070312
2022-03-11,127.59500122070312,127.83999633789062,122.77999877929688,122.8949966430664,14765200,0.0,0.0,122.8949966430664
2022-03-14,122.7750015258789,123.41999816894531,118.66000366210938,119.34500122070312,23371400,0.0,0.0,119.34500122070312
2022-03-15,120.45999908447266,124.68000030517578,119.56500244140625,124.34500122070312,20833800,0.0,0.0,124.34500122070312
2022-03-16,126.58999633789062,130.92999267578125,125.43000030517578,130.92999267578125,23147400,0.0,0.0,130.92999267578125
2022-03-17,129.63499450683594,131.75,128.55999755859375,131.75,13429200,0.0,0.0,131.75
2022-03-18,130.63499450683594,135.01499938964844,130.13999938964844,134.59500122070312,16140400,0.0,0.0,134.59500122070312
2022-03-21,134.2100067138672,135.28500366210938,131.9149932861328,134.27999877929688,13897200,0.0,0.0,134.27999877929688
2022-03-22,134.2949981689453,136.69500732421875,133.96499633789062,135.2050018310547,11647200,0.0,0.0,135.2050018310547
2022-03-23,133.89999389648438,135.5800018310547,131.7449951171875,131.8249969482422,15411000,0.0,0.0,131.8249969482422
2022-03-24,133.40499877929688,138.25999450683594,132.60000610351562,138.24000549316406,16911600,0.0,0.0,138.24000549316406
2022-03-25,138.0500030517578,138.25,135.44500732421875,137.6649932861328,11023600,0.0,0.0,137.6649932861328
2022-03-28,136.66000366210938,138.72999572753906,135.03500366210938,138.6649932861328,13225200,0.0,0.0,138.6649932861328
2022-03-29,141.21499633789062,142.2100067138672,139.16000366210938,141.8000030517578,14346000,0.0,0.0,141.8000030517578
2022-03-30,140.97999572753906,141.3300018310547,136.90499877929688,137.68499755859375,14507800,0.0,0.0,137.68499755859375
2022-03-31,137.375,138.375,134.57000732421875,134.89500427246094,15526600,0.0,0.0,134.89500427246094
2022-04-01,135.39500427246094,135.88499450683594,130.7949981689453,132.7100067138672,15470000,0.0,0.0,132.7100067138672
2022-04-04,133.0399932861328,135.0850067138672,132.61500549316406,134.89999389648438,11604400,0.0,0.0,134.89999389648438
2022-04-05,133.96499633789062,134.0449981689453,128.7100067138672,129.0800018310547,22220400,0.0,0.0,129.0800018310547
2022-04-06,126.37999725341797,128.4499969482422,124.9749984741211,126.41000366210938,22542800,0.0,0.0,126.41000366210938
2022-04-07,125.8550033569336,127.61499786376953,124.05500030517578,126.43000030517578,15147000,0.0,0.0,126.43000030517578
2022-04-08,125.72000122070312,125.72000122070312,123.20999908447266,123.42500305175781,13651000,0.0,0.0,123.42500305175781
2022-04-11,121.62999725341797,122.34500122070312,120.47000122070312,120.6500015258789,15627800,0.0,0.0,120.6500015258789
2022-04-12,123.06500244140625,124.05500030517578,119.6050033569336,120.0,21096800,0.0,0.0,120.0
2022-04-13,121.1500015258789,123.8550033569336,120.38999938964844,122.8499984741211,16482800,0.0,0.0,122.8499984741211
2022-04-14,123.48500061035156,123.61000061035156,119.07499694824219,119.11000061035156,15282000,0.0,0.0,119.11000061035156
2022-04-18,118.61000061035156,122.16999816894531,118.54499816894531,121.1500015258789,14243000,0.0,0.0,121.1500015258789
2022-04-19,120.46499633789062,123.88500213623047,119.95999908447266,123.7300033569336,13227800,0.0,0.0,123.7300033569336
2022-04-20,125.78500366210938,126.63500213623047,123.08000183105469,123.50499725341797,13034600,0.0,0.0,123.50499725341797
2022-04-21,125.0199966430664,126.375,119.58999633789062,120.12000274658203,18009000,0.0,0.0,120.12000274658203
2022-04-22,119.9800033569336,120.71499633789062,117.2699966430664,117.36499786376953,14251000,0.0,0.0,117.36499786376953
2022-04-25,116.58000183105469,119.4000015258789,116.19999694824219,119.3949966430664,19083200,0.0,0.0,119.3949966430664
2022-04-26,118.16000366210938,118.29499816894531,114.30500030517578,114.30500030517578,18289000,0.0,0.0,114.30500030517578
2022-04-27,112.9800033569336,116.48500061035156,112.9000015258789,113.75499725341797,14756400,0.0,0.0,113.75499725341797
2022-04-28,116.20500183105469,121.33499908447266,114.83499908447266,120.25,19097000,0.0,0.0,120.25
2022-04-29,117.96499633789062,120.59500122070312,114.71499633789062,114.92500305175781,14487800,0.0,0.0,114.92500305175781
2022-05-02,114.94499969482422,118.3550033569336,113.86499786376953,118.2699966430664,16399200,0.0,0.0,118.2699966430664
2022-05-03,117.86000061035156,120.00499725341797,117.05500030517578,119.23999786376953,10625400,0.0,0.0,119.23999786376953
2022-05-04,119.99500274658203,123.59500122070312,116.2249984741211,123.33000183105469,20898400,0.0,0.0,123.33000183105469
2022-05-05,121.2699966430664,121.3949966430664,115.87999725341797,117.54000091552734,15564200,0.0,0.0,117.54000091552734
2022-05-06,116.54499816894531,118.91500091552734,114.20999908447266,116.33499908447266,19808400,0.0,0.0,116.33499908447266
2022-05-09,113.81500244140625,115.08999633789062,109.94999694824219,110.44499969482422,18250600,0.0,0.0,110.44499969482422
2022-05-10,113.80999755859375,115.12999725341797,110.73500061035156,113.30000305175781,19597800,0.0,0.0,113.30000305175781
2022-05-11,112.19999694824219,114.8499984741211,109.63500213623047,109.82499694824219,18200400,0.0,0.0,109.82499694824219
2022-05-12,108.62999725341797,111.44000244140625,107.61499786376953,110.34500122070312,15976800,0.0,0.0,110.34500122070312
2022-05-13,112.6050033569336,116.8499984741211,111.88999938964844,116.12999725341797,13531000,0.0,0.0,116.12999725341797
2022-05-16,115.0199966430664,116.01499938964844,113.76000213623047,114.25499725341797,10146200,0.0,0.0,114.25499725341797
2022-05-17,117.375,119.9800033569336,116.82499694824219,119.72000122070312,10557000,0.0,0.0,119.72000122070312
2022-05-18,117.75,119.18000030517578,113.4749984741211,114.0,10887600,0.0,0.0,114.0
2022-05-19,113.23500061035156,116.76000213623047,112.93499755859375,114.02999877929688,13706600,0.0,0.0,114.02999877929688
2022-05-20,116.0199966430664,116.26000213623047,109.37999725341797,114.08499908447266,18009800,0.0,0.0,114.08499908447266
2022-05-23,113.6500015258789,115.29499816894531,112.81999969482422,115.0,8603800,0.0,0.0,115.0
2022-05-24,113.11000061035156,113.5,110.91500091552734,111.96499633789062,12751200,0.0,0.0,111.96499633789062
2022-05-25,111.48500061035156,115.11499786376953,111.32499694824219,114.29499816894531,10999400,0.0,0.0,114.29499816894531
2022-05-26,113.19000244140625,118.56500244140625,112.73500061035156,118.11499786376953,8707200,0.0,0.0,118.11499786376953
2022-05-27,120.05000305175781,123.0,119.97000122070312,122.80000305175781,9288400,0.0,0.0,122.80000305175781
2022-05-31,122.55999755859375,123.29499816894531,120.36499786376953,122.29000091552734,10122000,0.0,0.0,122.29000091552734
2022-06-01,122.8550033569336,123.4800033569336,118.80500030517578,120.27999877929688,9778800,0.0,0.0,120.27999877929688
2022-06-02,120.15499877929688,124.55999755859375,119.71499633789062,124.52999877929688,8733200,0.0,0.0,124.52999877929688
2022-06-03,121.81500244140625,122.38500213623047,120.19000244140625,120.86000061035156,7802200,0.0,0.0,120.86000061035156
2022-06-06,122.86000061035156,123.7249984741211,120.26499938964844,120.95999908447266,8430400,0.0,0.0,120.95999908447266
2022-06-07,119.44000244140625,122.18499755859375,118.58000183105469,121.92500305175781,5774400,0.0,0.0,121.92500305175781
2022-06-08,121.36499786376953,121.8499984741211,118.62999725341797,119.38500213623047,8183400,0.0,0.0,119.38500213623047
2022-06-09,118.58000183105469,120.36000061035156,116.13500213623047,116.20999908447266,9876800,0.0,0.0,116.20999908447266
2022-06-10,114.04499816894531,115.0250015258789,111.70999908447266,111.91000366210938,11145400,0.0,0.0,111.91000366210938
2022-06-13,107.87000274658203,109.08499908447266,105.33000183105469,105.69000244140625,13311000,0.0,0.0,105.69000244140625
2022-06-14,106.90499877929688,107.36499786376953,105.16000366210938,106.46499633789062,9095400,0.0,0.0,106.46499633789062
2022-06-15,107.76000213623047,110.22000122070312,105.93000030517578,108.41500091552734,11026600,0.0,0.0,108.41500091552734
2022-06-16,105.08000183105469,105.29499816894531,100.98999786376953,101.98999786376953,16871600,0.0,0.0,101.98999786376953
2022-06-17,102.5,103.5999984741211,100.52999877929688,102.82499694824219,14289000,0.0,0.0,102.82499694824219
2022-06-21,104.87999725341797,107.15499877929688,104.86499786376953,105.73999786376953,10006200,0.0,0.0,105.73999786376953
2022-06-22,103.69999694824219,106.0,103.53500366210938,104.25,7195600,0.0,0.0,104.25
2022-06-23,104.7699966430664,104.88500213623047,102.20999908447266,103.70999908447266,8493200,0.0,0.0,103.70999908447266
2022-06-24,105.43000030517578,108.12999725341797,105.0250015258789,108.08000183105469,12663200,0.0,0.0,108.08000183105469
2022-06-27,109.08999633789062,109.25,106.96499633789062,107.72000122070312,5422600,0.0,0.0,107.72000122070312
2022-06-28,108.19000244140625,109.40499877929688,104.98999786376953,105.00499725341797,8943000,0.0,0.0,105.00499725341797
2022-06-29,104.06500244140625,104.32499694824219,102.0199966430664,103.15499877929688,7706800,0.0,0.0,103.15499877929688
2022-06-30,101.54000091552734,103.5999984741211,100.11000061035156,101.86499786376953,9802200,0.0,0.0,101.86499786376953
2022-07-01,100.0999984741211,100.41500091552734,96.80999755859375,97.99500274658203,12926400,0.0,0.0,97.99500274658203
2022-07-05,95.5,98.5250015258789,94.97000122070312,98.51000213623047,14545000,0.0,0.0,98.51000213623047
2022-07-06,98.48500061035156,100.24500274658203,97.54000091552734,99.18000030517578,6654800,0.0,0.0,99.18000030517578
2022-07-07,101.53500366210938,104.19999694824219,101.51000213623047,103.76000213623047,9013400,0.0,0.0,103.76000213623047
2022-07-08,102.22000122070312,104.94999694824219,102.0,104.31999969482422,5470000,0.0,0.0,104.31999969482422
2022-07-11,102.72000122070312,103.19999694824219,101.23999786376953,101.81999969482422,5457800,0.0,0.0,101.81999969482422
2022-07-12,102.83000183105469,103.43000030517578,101.20500183105469,101.77999877929688,5470400,0.0,0.0,101.77999877929688
2022-07-13,99.84500122070312,103.375,99.69499969482422,102.58499908447266,7035600,0.0,0.0,102.58499908447266
2022-07-14,102.27999877929688,105.18000030517578,100.7750015258789,104.75,6802600,0.0,0.0,104.75
2022-07-15,106.25499725341797,107.43000030517578,104.83999633789062,107.3949966430664,7738200,0.0,0.0,107.3949966430664
2022-07-18,108.95500183105469,109.49500274658203,106.05999755859375,106.5999984741211,8425000,0.0,0.0,106.5999984741211
2022-07-19,108.40499877929688,111.86000061035156,108.19000244140625,111.47000122070312,9005200,0.0,0.0,111.47000122070312
2022-07-20,111.1050033569336,114.48999786376953,110.44999694824219,114.09500122070312,10183400,0.0,0.0,114.09500122070312
2022-07-21,114.58000183105469,116.06999969482422,113.13999938964844,116.01000213623047,8359600,0.0,0.0,116.01000213623047
2022-07-22,115.62000274658203,115.80000305175781,112.55000305175781,113.38500213623047,11209000,0.0,0.0,113.38500213623047
2022-07-25,112.66999816894531,112.94999694824219,111.13500213623047,112.68499755859375,6005200,0.0,0.0,112.68499755859375
2022-07-26,112.3550033569336,112.72000122070312,110.6500015258789,110.98500061035156,4261200,0.0,0.0,110.98500061035156
2022-07-27,112.75,116.93499755859375,112.70999908447266,116.18000030517578,10119600,0.0,0.0,116.18000030517578
2022-07-28,116.41999816894531,117.78500366210938,114.00499725341797,117.5999984741211,6426400,0.0,0.0,117.5999984741211
2022-07-29,116.37000274658203,118.92500305175781,115.76499938964844,118.58000183105469,6415800,0.0,0.0,118.58000183105469
2022-08-01,117.5,119.91000366210938,116.82499694824219,118.81999969482422,6570200,0.0,0.0,118.81999969482422
2022-08-02,117.47000122070312,120.3550033569336,116.98999786376953,118.57499694824219,6815600,0.0,0.0,118.57499694824219
2022-08-03,118.45500183105469,121.77999877929688,118.20999908447266,121.41000366210938,7424400,0.0,0.0,121.41000366210938
2022-08-04,121.29000091552734,122.87000274658203,120.91999816894531,122.6449966430664,5658800,0.0,0.0,122.6449966430664
2022-08-05,120.69999694824219,122.7699966430664,120.05500030517578,121.80999755859375,5279800,0.0,0.0,121.80999755859375
2022-08-08,120.2750015258789,121.32499694824219,118.02999877929688,119.70500183105469,8425800,0.0,0.0,119.70500183105469
2022-08-09,117.12999725341797,117.20500183105469,113.36499786376953,114.69499969482422,13726000,0.0,0.0,114.69499969482422
2022-08-10,117.7300033569336,119.40499877929688,116.25,119.33999633789062,8434600,0.0,0.0,119.33999633789062
2022-08-11,120.17500305175781,122.49500274658203,119.05999755859375,119.31500244140625,8788800,0.0,0.0,119.31500244140625
2022-08-12,119.99500274658203,122.86000061035156,119.5999984741211,122.68499755859375,5825000,0.0,0.0,122.68499755859375
2022-08-15,121.94499969482422,123.52999877929688,121.3949966430664,123.23999786376953,4506200,0.0,0.0,123.23999786376953
2022-08-16,122.5999984741211,122.95500183105469,120.52999877929688,121.8499984741211,4302200,0.0,0.0,121.8499984741211
2022-08-17,120.1449966430664,120.26499938964844,117.69999694824219,119.23500061035156,6676000,0.0,0.0,119.23500061035156
2022-08-18,119.11499786376953,121.69999694824219,118.69999694824219,120.9000015258789,5241400,0.0,0.0,120.9000015258789
2022-08-19,119.36000061035156,119.78500366210938,117.0999984741211,117.49500274658203,6864400,0.0,0.0,117.49500274658203
2022-08-22,115.19999694824219,115.625,112.9800033569336,113.4000015258789,6987400,0.0,0.0,113.4000015258789
2022-08-23,113.4000015258789,115.54000091552734,113.36499786376953,114.13500213623047,4517200,0.0,0.0,114.13500213623047
2022-08-24,113.91000366210938,114.51499938964844,112.8550033569336,114.05999755859375,4493400,0.0,0.0,114.05999755859375
2022-08-25,114.2699966430664,117.9000015258789,114.24500274658203,117.88999938964844,5456800,0.0,0.0,117.88999938964844
2022-08-26,117.63500213623047,117.79499816894531,111.31500244140625,111.33499908447266,9142600,0.0,0.0,111.33499908447266
2022-08-29,110.44999694824219,111.45999908447266,109.16000366210938,109.2699966430664,9062400,0.0,0.0,109.2699966430664
2022-08-30,110.37999725341797,110.5199966430664,106.875,108.0199966430664,8745000,0.0,0.0,108.0199966430664
2022-08-31,108.68000030517578,108.87999725341797,106.37000274658203,107.28500366210938,7843200,0.0,0.0,107.28500366210938
2022-09-01,104.5199966430664,105.09500122070312,102.08000183105469,104.94000244140625,13796400,0.0,0.0,104.94000244140625
2022-09-02,106.2699966430664,107.28500366210938,103.46499633789062,103.91000366210938,6884400,0.0,0.0,103.91000366210938
2022-09-06,103.91999816894531,104.51499938964844,102.08999633789062,102.75,7472000,0.0,0.0,102.75
2022-09-07,102.9800033569336,105.18000030517578,102.24500274658203,104.38999938964844,7927200,0.0,0.0,104.38999938964844
2022-09-08,103.38999938964844,106.21499633789062,102.6500015258789,105.80500030517578,7830200,0.0,0.0,105.80500030517578
2022-09-09,107.33499908447266,108.73999786376953,107.13999938964844,108.43000030517578,8128200,0.0,0.0,108.43000030517578
2022-09-12,108.875,109.41500091552734,107.66000366210938,108.69999694824219,7184800,0.0,0.0,108.69999694824219
2022-09-13,104.91000366210938,105.76499938964844,101.94499969482422,102.2300033569336,9622000,0.0,0.0,102.2300033569336
2022-09-14,103.12999725341797,104.00499725341797,101.98500061035156,103.33999633789062,10439200,0.0,0.0,103.33999633789062
2022-09-15,102.74500274658203,103.66000366210938,100.78500366210938,101.5,9906200,0.0,0.0,101.5
2022-09-16,100.5,102.06500244140625,99.70500183105469,101.95500183105469,8690000,0.0,0.0,101.95500183105469
2022-09-19,100.6500015258789,102.91000366210938,100.55999755859375,102.625,6698000,0.0,0.0,102.625
2022-09-20,101.5999984741211,102.125,100.58000183105469,101.20500183105469,5462400,0.0,0.0,101.20500183105469
2022-09-21,101.46499633789062,104.68499755859375,100.33499908447266,100.36000061035156,11149400,0.0,0.0,100.36000061035156
2022-09-22,99.84500122070312,100.05000305175781,97.24500274658203,97.58000183105469,11633400,0.0,0.0,97.58000183105469
2022-09-23,96.48500061035156,96.83999633789062,94.73500061035156,96.18499755859375,8752000,0.0,0.0,96.18499755859375
2022-09-26,96.19999694824219,97.44499969482422,94.9000015258789,95.06500244140625,5982800,0.0,0.0,95.06500244140625
2022-09-27,96.55000305175781,97.3550033569336,94.44499969482422,95.78500366210938,8243800,0.0,0.0,95.78500366210938
2022-09-28,94.86000061035156,97.43499755859375,94.50499725341797,97.00499725341797,9941400,0.0,0.0,97.00499725341797
2022-09-29,95.19000244140625,95.43499755859375,92.69999694824219,93.94999694824219,10500000,0.0,0.0,93.94999694824219
2022-09-30,92.83000183105469,95.30999755859375,92.55500030517578,92.55999755859375,6782600,0.0,0.0,92.55999755859375
2022-10-03,93.63500213623047,96.83000183105469,93.05500030517578,95.87999725341797,8539000,0.0,0.0,95.87999725341797
2022-10-04,98.81999969482422,100.30500030517578,98.5,99.9800033569336,10874200,0.0,0.0,99.9800033569336
2022-10-05,98.5199966430664,101.7249984741211,97.65499877929688,100.97000122070312,6731000,0.0,0.0,100.97000122070312
2022-10-06,100.66999816894531,102.3550033569336,99.9800033569336,100.27999877929688,8594800,0.0,0.0,100.27999877929688
2022-10-07,97.33000183105469,97.6050033569336,93.90499877929688,94.30000305175781,12253600,0.0,0.0,94.30000305175781
2022-10-10,94.13500213623047,94.19499969482422,90.05000305175781,91.1500015258789,13134600,0.0,0.0,91.1500015258789
2022-10-11,89.44499969482422,90.03500366210938,87.09500122070312,88.2750015258789,16052600,0.0,0.0,88.2750015258789
2022-10-12,88.28500366210938,88.79000091552734,87.3499984741211,87.74500274658203,7606000,0.0,0.0,87.74500274658203
2022-10-13,84.37000274658203,92.09500122070312,83.48500061035156,90.43000030517578,21406400,0.0,0.0,90.43000030517578
2022-10-14,91.29499816894531,91.51499938964844,86.3949966430664,86.57499694824219,9979600,0.0,0.0,86.57499694824219
2022-10-17,88.84500122070312,89.73999786376953,87.91000366210938,88.625,8269600,0.0,0.0,88.625
2022-10-18,91.23500061035156,91.83499908447266,87.2750015258789,88.6449966430664,9798400,0.0,0.0,88.6449966430664
2022-10-19,88.19000244140625,90.16999816894531,87.7750015258789,89.36000061035156,8535800,0.0,0.0,89.36000061035156
2022-10-20,90.09500122070312,92.69999694824219,89.5250015258789,90.06999969482422,10877000,0.0,0.0,90.06999969482422
2022-10-21,89.66999816894531,93.31500244140625,89.2750015258789,93.17500305175781,12884000,0.0,0.0,93.17500305175781
2022-10-24,92.9000015258789,93.8499984741211,91.11499786376953,93.47000122070312,9834600,0.0,0.0,93.47000122070312
2022-10-25,93.58000183105469,95.625,93.53500366210938,94.94999694824219,13488800,0.0,0.0,94.94999694824219
2022-10-26,93.375,96.18000030517578,92.77999877929688,94.0199966430664,9896800,0.0,0.0,94.0199966430664
2022-10-27,95.20500183105469,95.98500061035156,92.7249984741211,92.84500122070312,10174600,0.0,0.0,92.84500122070312
2022-10-28,93.06999969482422,96.53500366210938,92.90499877929688,96.38999938964844,9215000,0.0,0.0,96.38999938964844
2022-10-31,95.5999984741211,95.83499908447266,94.09500122070312,94.61000061035156,5975800,0.0,0.0,94.61000061035156
2022-11-01,96.6500015258789,96.875,94.84500122070312,95.26499938964844,4670000,0.0,0.0,95.26499938964844
2022-11-02,95.99500274658203,97.70999908447266,92.48999786376953,92.53500366210938,11901600,0.0,0.0,92.53500366210938
2022-11-03,91.12999725341797,93.05000305175781,90.19499969482422,91.44999694824219,11461200,0.0,0.0,91.44999694824219
2022-11-04,94.86000061035156,95.77999877929688,93.38500213623047,95.69999694824219,8470600,0.0,0.0,95.69999694824219
2022-11-07,96.26000213623047,97.8550033569336,95.20500183105469,97.58999633789062,10213800,0.0,0.0,97.58999633789062
2022-11-08,99.3949966430664,100.83499908447266,97.80000305175781,99.69499969482422,12147000,0.0,0.0,99.69499969482422
2022-11-09,98.37000274658203,98.69499969482422,96.83000183105469,96.98500061035156,8640000,0.0,0.0,96.98500061035156
2022-11-10,102.63500213623047,107.08499908447266,101.72000122070312,106.8949966430664,17078000,0.0,0.0,106.8949966430664
2022-11-11,107.25499725341797,110.91000366210938,106.44999694824219,110.4000015258789,12646400,0.0,0.0,110.4000015258789
2022-11-14,109.92500305175781,111.30000305175781,109.15499877929688,109.3550033569336,12244800,0.0,0.0,109.3550033569336
2022-11-15,114.26000213623047,114.63999938964844,111.375,112.80000305175781,11456600,0.0,0.0,112.80000305175781
2022-11-16,110.37999725341797,110.63999938964844,108.1050033569336,108.73999786376953,10711000,0.0,0.0,108.73999786376953
2022-11-17,106.6050033569336,110.07499694824219,106.37999725341797,109.55999755859375,9018600,0.0,0.0,109.55999755859375
2022-11-18,111.34500122070312,111.3499984741211,108.42500305175781,109.76000213623047,8025000,0.0,0.0,109.76000213623047
2022-11-21,108.3499984741211,108.66999816894531,107.37999725341797,107.83999633789062,5071600,0.0,0.0,107.83999633789062
2022-11-22,108.73500061035156,110.9749984741211,107.80999755859375,110.9749984741211,8283000,0.0,0.0,110.9749984741211
2022-11-23,110.95500183105469,113.04000091552734,110.79000091552734,111.94000244140625,5780000,0.0,0.0,111.94000244140625
2022-11-25,111.32499694824219,111.76000213623047,110.625,110.625,2207400,0.0,0.0,110.625
2022-11-28,109.24500274658203,110.58000183105469,107.41500091552734,108.01499938964844,7853400,0.0,0.0,108.01499938964844
2022-11-29,108.42500305175781,108.91500091552734,106.95999908447266,107.72000122070312,4908800,0.0,0.0,107.72000122070312
2022-11-30,108.06500244140625,113.87000274658203,107.21499633789062,113.86499786376953,12688200,0.0,0.0,113.86499786376953
2022-12-01,114.58999633789062,114.92500305175781,111.88999938964844,113.5,8752400,0.0,0.0,113.5
2022-12-02,110.69999694824219,112.32499694824219,110.125,111.94000244140625,8204000,0.0,0.0,111.94000244140625
2022-12-05,111.45500183105469,112.16500091552734,109.61000061035156,110.6050033569336,7069000,0.0,0.0,110.6050033569336
2022-12-06,110.51000213623047,110.6050033569336,107.2750015258789,108.18000030517578,6090000,0.0,0.0,108.18000030517578
2022-12-07,107.2249984741211,108.7699966430664,107.12999725341797,108.15499877929688,5651800,0.0,0.0,108.15499877929688
2022-12-08,108.56999969482422,111.16500091552734,107.94000244140625,110.91000366210938,7260000,0.0,0.0,110.91000366210938
2022-12-09,110.59500122070312,112.0199966430664,109.7300033569336,110.0199966430664,4938400,0.0,0.0,110.0199966430664
2022-12-12,109.38500213623047,112.04499816894531,109.05999755859375,111.9800033569336,6827600,0.0,0.0,111.9800033569336
2022-12-13,117.0199966430664,117.29499816894531,112.41999816894531,113.84500122070312,9469600,0.0,0.0,113.84500122070312
2022-12-14,113.5250015258789,114.8550033569336,110.77999877929688,111.88500213623047,7519000,0.0,0.0,111.88500213623047
2022-12-15,109.9800033569336,110.29000091552734,107.29499816894531,107.625,8833800,0.0,0.0,107.625
2022-12-16,107.1500015258789,108.09500122070312,105.83999633789062,106.79000091552734,8276000,0.0,0.0,106.79000091552734
2022-12-19,105.58499908447266,105.7699966430664,103.44000244140625,104.33999633789062,7227000,0.0,1.2005,104.33999633789062
2022-12-20,103.17500305175781,104.66999816894531,103.0,103.83000183105469,4510000,0.0,0.0,103.83000183105469
2022-12-21,104.4800033569336,106.45999908447266,104.20999908447266,106.1500015258789,5675200,0.0,0.0,106.1500015258789
2022-12-22,103.99500274658203,103.99500274658203,99.7249984741211,101.75,9549400,0.0,0.0,101.75
2022-12-23,101.03500366210938,101.8550033569336,99.96499633789062,101.73999786376953,3875800,0.0,0.0,101.73999786376953
2022-12-27,101.03500366210938,101.16999816894531,99.66000366210938,99.91999816894531,4636200,0.0,0.0,99.91999816894531
2022-12-28,99.4749984741211,100.55500030517578,98.2699966430664,98.6500015258789,5064000,0.0,0.0,98.6500015258789
2022-12-29,100.21499633789062,102.19999694824219,99.87000274658203,101.87000274658203,8302000,0.0,0.0,101.87000274658203
2022-12-30,100.3499984741211,101.6050033569336,99.56999969482422,101.47000122070312,4411000,0.0,0.0,101.47000122070312
2023-01-03,103.29000091552734,103.38500213623047,100.05000305175781,100.69000244140625,4472400,0.0,0.0,100.69000244140625
2023-01-04,102.55000305175781,103.80000305175781,101.33499908447266,103.25,10039800,0.0,0.0,103.25
2023-01-05,102.00499725341797,102.86499786376953,101.33999633789062,101.4000015258789,5936200,0.0,0.0,101.4000015258789
2023-01-06,103.07499694824219,106.45500183105469,101.43000030517578,105.83499908447266,7005400,0.0,0.0,105.83499908447266
2023-01-09,107.79000091552734,110.36000061035156,107.2249984741211,108.13999938964844,11422600,0.0,0.0,108.13999938964844
2023-01-10,107.76000213623047,109.55000305175781,107.36499786376953,109.54499816894531,5464000,0.0,0.0,109.54499816894531
2023-01-11,109.42500305175781,110.83000183105469,108.5999984741211,110.83000183105469,5737000,0.0,0.0,110.83000183105469
2023-01-12,111.73999786376953,113.2300033569336,109.44999694824219,112.48999786376953,7704600,0.0,0.0,112.48999786376953
2023-01-13,111.28500366210938,112.95500183105469,110.91000366210938,112.8949966430664,4264400,0.0,0.0,112.8949966430664
2023-01-17,112.61499786376953,114.32499694824219,112.44999694824219,113.56500244140625,5059200,0.0,0.0,113.56500244140625
2023-01-18,114.58000183105469,115.5250015258789,112.80000305175781,112.8550033569336,9374600,0.0,0.0,112.8550033569336
2023-01-19,111.79000091552734,112.13500213623047,109.86000061035156,110.09500122070312,9283000,0.0,0.0,110.09500122070312
2023-01-20,111.125,113.68499755859375,110.38500213623047,113.67500305175781,5709800,0.0,0.0,113.67500305175781
2023-01-23,114.5,119.3499984741211,114.34500122070312,119.03500366210938,12790000,0.0,0.0,119.03500366210938
2023-01-24,117.44999694824219,119.125,117.44999694824219,118.19000244140625,7328600,0.0,0.0,118.19000244140625
2023-01-25,116.16000366210938,118.56999969482422,115.13999938964844,118.30999755859375,6854000,0.0,0.0,118.30999755859375
2023-01-26,119.8499984741211,120.5199966430664,117.95500183105469,120.43000030517578,7196400,0.0,0.0,120.43000030517578
2023-01-27,118.44499969482422,120.59500122070312,117.95500183105469,119.63999938964844,7254600,0.0,0.0,119.63999938964844
2023-01-30,117.88999938964844,118.87000274658203,116.67500305175781,116.7750015258789,8050000,0.0,0.0,116.7750015258789
2023-01-31,116.44999694824219,118.55999755859375,116.09500122070312,118.55000305175781,5484000,0.0,0.0,118.55000305175781
2023-02-01,119.17500305175781,125.30999755859375,118.875,124.13999938964844,15518600,0.0,0.0,124.13999938964844
2023-02-02,125.53500366210938,127.81999969482422,124.80500030517578,126.79499816894531,12985800,0.0,0.0,126.79499816894531
2023-02-03,124.125,127.1500015258789,123.7300033569336,124.46499633789062,7489600,0.0,0.0,124.46499633789062
2023-02-06,122.4749984741211,124.0999984741211,121.87999725341797,122.3949966430664,7811400,0.0,0.0,122.3949966430664
2023-02-07,122.7750015258789,126.63500213623047,122.5,126.06999969482422,10309200,0.0,0.0,126.06999969482422
2023-02-08,125.50499725341797,126.34500122070312,123.30500030517578,123.5999984741211,7844600,0.0,0.0,123.5999984741211
2023-02-09,125.83999633789062,127.30000305175781,123.17500305175781,124.08999633789062,8767200,0.0,0.0,124.08999633789062
2023-02-10,122.68499755859375,123.125,120.7750015258789,122.00499725341797,7529800,0.0,0.0,122.00499725341797
2023-02-13,122.52999877929688,124.16500091552734,121.63500213623047,123.83999633789062,4030400,0.0,0.0,123.83999633789062
2023-02-14,123.0,126.88500213623047,122.29000091552734,126.50499725341797,9482000,0.0,0.0,126.50499725341797
2023-02-15,124.83999633789062,126.56999969482422,123.7750015258789,126.5,7118800,0.0,0.0,126.5
2023-02-16,123.88999938964844,125.02999877929688,122.9000015258789,123.06500244140625,5418000,0.0,0.0,123.06500244140625
2023-02-17,122.19999694824219,122.58000183105469,120.30000305175781,121.38500213623047,7574800,0.0,0.0,121.38500213623047
2023-02-21,119.50499725341797,120.7750015258789,117.56500244140625,117.69499969482422,7695800,0.0,0.0,117.69499969482422
2023-02-22,117.91500091552734,118.8550033569336,116.54499816894531,117.12000274658203,6987600,0.0,0.0,117.12000274658203
2023-02-23,121.12999725341797,121.8550033569336,119.15499877929688,121.2699966430664,11714200,0.0,0.0,121.2699966430664
2023-02-24,118.8499984741211,119.69000244140625,118.21499633789062,119.1050033569336,6208200,0.0,0.0,119.1050033569336
2023-02-27,120.99500274658203,121.16500091552734,119.55500030517578,119.63999938964844,5852000,0.0,0.0,119.63999938964844
2023-02-28,119.30000305175781,121.29499816894531,119.09500122070312,119.69999694824219,4770600,0.0,0.0,119.69999694824219
2023-03-01,120.22000122070312,121.2750015258789,119.32499694824219,119.77999877929688,4725800,0.0,0.0,119.77999877929688
2023-03-02,118.18000030517578,121.36499786376953,117.34500122070312,120.83999633789062,6528800,0.0,0.0,120.83999633789062
2023-03-03,120.8499984741211,122.58999633789062,119.91999816894531,122.4800033569336,5385200,0.0,0.0,122.4800033569336
2023-03-06,122.81999969482422,123.91500091552734,121.13999938964844,121.38999938964844,6485400,0.0,0.0,121.38999938964844
2023-03-07,121.44499969482422,122.0,119.52999877929688,120.03500366210938,6616600,0.0,0.0,120.03500366210938
2023-03-08,120.66000366210938,123.2699966430664,120.41000366210938,123.17500305175781,8112800,0.0,0.0,123.17500305175781
2023-03-09,122.95999908447266,124.77999877929688,120.56999969482422,120.81500244140625,8223000,0.0,0.0,120.81500244140625
2023-03-10,121.23500061035156,121.92500305175781,118.26000213623047,118.86000061035156,13168200,0.0,0.0,118.86000061035156
2023-03-13,117.36000061035156,120.25,116.38999938964844,118.77999877929688,9831400,0.0,0.0,118.77999877929688
2023-03-14,120.69999694824219,122.99500274658203,120.48500061035156,122.33499908447266,11314600,0.0,0.0,122.33499908447266
2023-03-15,120.5,121.25,118.53500366210938,120.95999908447266,12602200,0.0,0.0,120.95999908447266
2023-03-16,120.2699966430664,125.98500061035156,119.88999938964844,125.80000305175781,14744600,0.0,0.0,125.80000305175781
2023-03-17,125.94499969482422,127.08999633789062,124.625,125.16000366210938,9868600,0.0,0.0,125.16000366210938
2023-03-20,125.5,126.79000091552734,124.3499984741211,126.41999816894531,6521400,0.0,0.0,126.41999816894531
2023-03-21,127.44000244140625,128.68499755859375,124.80000305175781,126.81999969482422,11118200,0.0,0.0,126.81999969482422
2023-03-22,127.01000213623047,130.44000244140625,126.00499725341797,126.00499725341797,8938000,0.0,0.0,126.00499725341797
2023-03-23,128.4149932861328,130.9600067138672,127.30999755859375,129.35499572753906,10951000,0.0,0.0,129.35499572753906
2023-03-24,128.59500122070312,128.80999755859375,126.00499725341797,127.30999755859375,11042800,0.0,0.0,127.30999755859375
2023-03-27,127.63999938964844,128.0,125.44000244140625,125.82499694824219,7025600,0.0,0.0,125.82499694824219
2023-03-28,125.33000183105469,125.56500244140625,123.21499633789062,124.94999694824219,7771400,0.0,0.0,124.94999694824219
2023-03-29,126.81999969482422,129.56500244140625,126.81999969482422,128.83999633789062,9979200,0.0,0.0,128.83999633789062
2023-03-30,130.1649932861328,131.52000427246094,129.7899932861328,130.68499755859375,7807000,0.0,0.0,130.68499755859375
2023-03-31,129.69000244140625,131.78500366210938,129.42999267578125,131.59500122070312,7281600,0.0,0.0,131.59500122070312
2023-04-03,130.9250030517578,131.4149932861328,129.30499267578125,130.84500122070312,8036000,0.0,0.0,130.84500122070312
2023-04-04,131.11000061035156,131.26499938964844,128.2050018310547,128.8350067138672,8057400,0.0,0.0,128.8350067138672
2023-04-05,127.51499938964844,127.72000122070312,125.21499633789062,126.58000183105469,10065600,0.0,0.0,126.58000183105469
2023-04-06,125.31999969482422,127.0199966430664,124.63999938964844,126.19999694824219,7448000,0.0,0.0,126.19999694824219
2023-04-10,125.05000305175781,128.17999267578125,124.84500122070312,128.11000061035156,5991200,0.0,0.0,128.11000061035156
2023-04-11,128.5749969482422,128.75999450683594,127.23999786376953,127.43000030517578,6288600,0.0,0.0,127.43000030517578
2023-04-12,128.52999877929688,128.75999450683594,125.06500244140625,125.16500091552734,7749000,0.0,0.0,125.16500091552734
2023-04-13,125.5,126.88999938964844,124.58999633789062,126.17500305175781,5760400,0.0,0.0,126.17500305175781
2023-04-14,126.1050033569336,127.4800033569336,124.66000366210938,126.04000091552734,4901000,0.0,0.0,126.04000091552734
2023-04-17,124.9000015258789,125.98999786376953,124.32499694824219,125.94999694824219,5297000,0.0,0.0,125.94999694824219
2023-04-18,127.09500122070312,127.91000366210938,125.55999755859375,126.51499938964844,5703600,0.0,0.0,126.51499938964844
2023-04-19,124.77999877929688,125.52999877929688,124.5,125.31500244140625,5013000,0.0,0.0,125.31500244140625
2023-04-20,124.5,127.2750015258789,124.40499877929688,125.45500183105469,5879800,0.0,0.0,125.45500183105469
2023-04-21,124.58999633789062,125.31999969482422,123.28500366210938,124.16999816894531,5202200,0.0,0.0,124.16999816894531
2023-04-24,123.9000015258789,124.68000030517578,122.71499633789062,123.50499725341797,4489000,0.0,0.0,123.50499725341797
2023-04-25,122.52999877929688,122.54499816894531,119.53500366210938,119.58999633789062,10464600,0.0,0.0,119.58999633789062
2023-04-26,120.80500030517578,121.61499786376953,119.84500122070312,120.42500305175781,7695400,0.0,0.0,120.42500305175781
2023-04-27,120.55999755859375,121.76000213623047,118.56999969482422,121.58999633789062,6814200,0.0,0.0,121.58999633789062
2023-04-28,122.25,123.625,121.77999877929688,123.625,7553000,0.0,0.0,123.625
2023-05-01,123.98500061035156,124.95999908447266,123.66500091552734,124.56999969482422,5202000,0.0,0.0,124.56999969482422
2023-05-02,124.52999877929688,125.18000030517578,122.5,123.48999786376953,6717600,0.0,0.0,123.48999786376953
2023-05-03,122.8499984741211,124.30000305175781,122.07499694824219,122.21499633789062,8223000,0.0,0.0,122.21499633789062
2023-05-04,121.6449966430664,122.81999969482422,120.93499755859375,121.80500030517578,5889200,0.0,0.0,121.80500030517578
2023-05-05,122.16000366210938,124.97000122070312,121.58999633789062,124.37999725341797,5553000,2.0,0.0,124.37999725341797
2023-05-08,123.9800033569336,125.1500015258789,123.37000274658203,125.06999969482422,3918900,0.0,0.0,125.06999969482422
2023-05-09,123.58999633789062,123.7699966430664,122.73999786376953,123.13999938964844,4951700,0.0,0.0,123.13999938964844
2023-05-10,124.44000244140625,125.04000091552734,122.97000122070312,124.13999938964844,5474900,0.0,0.0,124.13999938964844
2023-05-11,123.79000091552734,124.02999877929688,121.88999938964844,123.04000091552734,5339500,0.0,0.0,123.04000091552734
2023-05-12,123.47000122070312,123.88999938964844,121.80999755859375,122.9000015258789,3364900,0.0,0.0,122.9000015258789
2023-05-15,123.08000183105469,126.12000274658203,122.8499984741211,126.12000274658203,6192800,0.0,0.0,126.12000274658203
2023-05-16,125.70999908447266,127.41999816894531,125.70999908447266,126.08999633789062,5126300,0.0,0.0,126.08999633789062
2023-05-17,127.29000091552734,129.94000244140625,126.80000305175781,129.5,6322800,0.0,0.0,129.5
2023-05-18,130.10000610351562,134.30999755859375,130.10000610351562,134.0399932861328,9632600,0.0,0.0,134.0399932861328
2023-05-19,133.77000427246094,133.92999267578125,132.5800018310547,133.3000030517578,5313000,0.0,0.0,133.3000030517578
2023-05-22,132.14999389648438,133.61000061035156,131.97000122070312,133.19000244140625,4235100,0.0,0.0,133.19000244140625
2023-05-23,132.41000366210938,133.0399932861328,131.0800018310547,131.27000427246094,4853800,0.0,0.0,131.27000427246094
2023-05-24,128.72999572753906,129.64999389648438,127.94999694824219,129.33999633789062,7897100,0.0,0.0,129.33999633789062
2023-05-25,137.92999267578125,141.13999938964844,136.27999877929688,140.4600067138672,16072900,0.0,0.0,140.4600067138672
2023-05-26,141.7899932861328,148.3300018310547,141.77999877929688,147.36000061035156,12978800,0.0,0.0,147.36000061035156
2023-05-30,150.64999389648438,151.7100067138672,147.5,148.07000732421875,13295400,0.0,0.0,148.07000732421875
2023-05-31,145.74000549316406,147.33999633789062,144.0800018310547,144.3300018310547,10728700,0.0,0.0,144.3300018310547
2023-06-01,144.86000061035156,147.7899932861328,143.8000030517578,146.5,7272700,0.0,0.0,146.5
2023-06-02,147.88999938964844,148.17999267578125,145.2899932861328,146.13999938964844,6765000,0.0,0.0,146.13999938964844
2023-06-05,145.27999877929688,145.75,143.60000610351562,144.30999755859375,6727700,0.0,0.0,144.30999755859375
2023-06-06,143.5,146.1699981689453,142.97999572753906,145.3300018310547,5815100,0.0,0.0,145.3300018310547
2023-06-07,146.44000244140625,148.1699981689453,144.16000366210938,144.5,8687500,0.0,0.0,144.5
2023-06-08,144.63999938964844,146.57000732421875,144.3300018310547,146.1699981689453,5376800,0.0,0.0,146.1699981689453
2023-06-09,147.92999267578125,149.13999938964844,146.13999938964844,146.83999633789062,5955300,0.0,0.0,146.83999633789062
2023-06-12,148.50999450683594,151.4499969482422,148.39999389648438,151.17999267578125,7632900,0.0,0.0,151.17999267578125
2023-06-13,153.72999572753906,154.35000610351562,151.39999389648438,153.27000427246094,8274600,0.0,0.0,153.27000427246094
2023-06-14,152.80999755859375,155.74000549316406,152.02999877929688,155.60000610351562,7123400,0.0,0.0,155.60000610351562
2023-06-15,154.02999877929688,155.75,153.32000732421875,154.47999572753906,7588000,0.0,0.0,154.47999572753906
2023-06-16,155.8000030517578,155.94000244140625,153.1699981689453,153.3800048828125,6583200,0.0,0.0,153.3800048828125
2023-06-20,152.75,153.94000244140625,151.1300048828125,152.83999633789062,4597100,0.0,0.0,152.83999633789062
2023-06-21,152.0399932861328,152.47000122070312,148.72999572753906,149.33999633789062,5911700,0.0,0.0,149.33999633789062
2023-06-22,148.14999389648438,150.6699981689453,147.9499969482422,150.0800018310547,5958400,0.0,0.0,150.0800018310547
2023-06-23,147.75,148.4499969482422,146.9600067138672,147.52999877929688,5963500,0.0,0.0,147.52999877929688
2023-06-26,148.27999877929688,150.36000061035156,146.8300018310547,146.85000610351562,7403900,0.0,0.0,146.85000610351562
2023-06-27,147.42999267578125,151.8000030517578,146.9600067138672,151.50999450683594,6459400,0.0,0.0,151.50999450683594
2023-06-28,148.9199981689453,151.5399932861328,148.7899932861328,150.13999938964844,6800200,0.0,0.0,150.13999938964844
2023-06-29,150.82000732421875,150.9600067138672,148.91000366210938,149.9199981689453,4225900,0.0,0.0,149.9199981689453
2023-06-30,151.75,152.9600067138672,151.02000427246094,152.25,5309200,0.0,0.0,152.25
2023-07-03,153.1699981689453,154.07000732421875,152.25,153.60000610351562,2826900,0.0,0.0,153.60000610351562
2023-07-05,152.25,153.16000366210938,150.66000366210938,150.6999969482422,5187200,0.0,0.0,150.6999969482422
2023-07-06,148.33999633789062,149.0800018310547,147.16000366210938,148.91000366210938,4775600,0.0,0.0,148.91000366210938
2023-07-07,149.02999877929688,151.24000549316406,148.64999389648438,149.0500030517578,4351900,0.0,0.0,149.0500030517578
2023-07-10,149.5800018310547,151.41000366210938,149.35000610351562,151.16000366210938,6415500,0.0,0.0,151.16000366210938
2023-07-11,152.17999267578125,152.19000244140625,149.4199981689453,151.32000732421875,5146400,0.0,0.0,151.32000732421875
2023-07-12,153.52999877929688,154.67999267578125,152.89999389648438,154.5,6484100,0.0,0.0,154.5
2023-07-13,156.38999938964844,158.47000122070312,155.85000610351562,158.2100067138672,6395900,0.0,0.0,158.2100067138672
2023-07-14,158.69000244140625,160.6999969482422,156.1999969482422,156.89999389648438,7565600,0.0,0.0,156.89999389648438
2023-07-17,157.22999572753906,160.4499969482422,155.6999969482422,159.82000732421875,7314600,0.0,0.0,159.82000732421875
2023-07-18,159.1199951171875,160.7899932861328,157.6199951171875,160.25999450683594,6272000,0.0,0.0,160.25999450683594
2023-07-19,160.42999267578125,160.50999450683594,158.05999755859375,158.5800018310547,9333700,0.0,0.0,158.5800018310547
2023-07-20,155.63999938964844,156.41000366210938,152.2899932861328,152.97000122070312,14823200,0.0,0.0,152.97000122070312
2023-07-21,154.49000549316406,155.27000427246094,153.00999450683594,153.7899932861328,8246300,0.0,0.0,153.7899932861328
2023-07-24,153.99000549316406,154.5399932861328,152.89999389648438,153.9199981689453,4362500,0.0,0.0,153.9199981689453
2023-07-25,154.4600067138672,157.35000610351562,154.4600067138672,156.38999938964844,5773700,0.0,0.0,156.38999938964844
2023-07-26,155.02000427246094,155.8800048828125,152.9499969482422,154.67999267578125,6110000,0.0,0.0,154.67999267578125
2023-07-27,158.64999389648438,160.9199981689453,156.6699981689453,157.4600067138672,10244000,0.0,0.0,157.4600067138672
2023-07-28,160.16000366210938,161.0399932861328,158.8300018310547,160.5,7319800,0.0,0.0,160.5
2023-07-31,160.6999969482422,161.1699981689453,159.6699981689453,160.6199951171875,3934100,0.0,0.0,160.6199951171875
2023-08-01,159.6699981689453,160.88999938964844,158.9499969482422,160.52999877929688,4595600,0.0,0.0,160.52999877929688
2023-08-02,158.77000427246094,158.7899932861328,153.4600067138672,154.63999938964844,10033900,0.0,0.0,154.63999938964844
2023-08-03,152.47999572753906,155.19000244140625,152.16000366210938,154.19000244140625,6691700,0.0,0.0,154.19000244140625
2023-08-04,154.22000122070312,156.5399932861328,152.75,154.25,6804200,0.0,0.0,154.25
2023-08-07,155.5,156.13999938964844,154.3699951171875,155.91000366210938,5701400,0.0,0.0,155.91000366210938
2023-08-08,153.89999389648438,153.89999389648438,151.52999877929688,153.33999633789062,8446500,0.0,0.0,153.33999633789062
2023-08-09,153.1699981689453,153.32000732421875,149.72999572753906,150.3000030517578,8827100,0.0,0.0,150.3000030517578
2023-08-10,151.13999938964844,153.16000366210938,148.89999389648438,149.97000122070312,8639300,0.0,0.0,149.97000122070312
2023-08-11,148.00999450683594,148.1199951171875,146.0399932861328,146.2100067138672,11182300,0.0,0.0,146.2100067138672
2023-08-14,145.4499969482422,150.72999572753906,145.02000427246094,150.66000366210938,8154200,0.0,0.0,150.66000366210938
2023-08-15,150.5500030517578,151.08999633789062,148.64999389648438,148.85000610351562,7596400,0.0,0.0,148.85000610351562
2023-08-16,148.97000122070312,149.13999938964844,146.41000366210938,146.5,7232100,0.0,0.0,146.5
2023-08-17,147.77000427246094,147.8000030517578,145.02999877929688,145.50999450683594,7397200,0.0,0.0,145.50999450683594
2023-08-18,143.7899932861328,146.66000366210938,143.35000610351562,146.1300048828125,8817900,0.0,0.0,146.1300048828125
2023-08-21,147.17999267578125,151.24000549316406,146.9600067138672,151.0399932861328,8109200,0.0,0.0,151.0399932861328
2023-08-22,153.0500030517578,153.24000549316406,148.88999938964844,149.52999877929688,10827900,0.0,0.0,149.52999877929688
2023-08-23,149.35000610351562,153.22000122070312,148.86000061035156,152.77000427246094,8347700,0.0,0.0,152.77000427246094
2023-08-24,156.4600067138672,156.58999633789062,148.5800018310547,148.82000732421875,13494400,0.0,0.0,148.82000732421875
2023-08-25,148.61000061035156,150.75,146.27000427246094,149.08999633789062,11769100,0.0,0.0,149.08999633789062
2023-08-28,150.36000061035156,151.08999633789062,148.89999389648438,150.92999267578125,6822700,0.0,0.0,150.92999267578125
2023-08-29,150.36000061035156,155.3000030517578,149.92999267578125,154.8000030517578,8770000,0.0,0.0,154.8000030517578
2023-08-30,154.72999572753906,156.22000122070312,153.6699981689453,155.58999633789062,6526100,0.0,0.0,155.58999633789062
2023-08-31,154.85000610351562,157.16000366210938,154.85000610351562,156.22000122070312,5965400,0.0,0.0,156.22000122070312
2023-09-01,157.42999267578125,157.6300048828125,155.25999450683594,156.2100067138672,4495500,0.0,0.0,156.2100067138672
2023-09-05,155.6300048828125,157.6199951171875,155.0800018310547,156.5800018310547,5472700,0.0,0.0,156.5800018310547
2023-09-06,156.00999450683594,156.8000030517578,153.25999450683594,154.75999450683594,6104000,0.0,0.0,154.75999450683594
2023-09-07,151.22999572753906,151.72999572753906,149.4499969482422,151.3300018310547,7813300,0.0,0.0,151.3300018310547
2023-09-08,150.94000244140625,152.1699981689453,149.75,150.3800048828125,5305200,0.0,0.0,150.3800048828125
2023-09-11,152.19000244140625,152.19000244140625,148.5,150.49000549316406,5824100,0.0,0.0,150.49000549316406
2023-09-12,149.41000366210938,151.64999389648438,149.16000366210938,149.36000061035156,6174900,0.0,0.0,149.36000061035156
2023-09-13,149.30999755859375,151.8300018310547,149.0399932861328,150.57000732421875,6192000,0.0,0.0,150.57000732421875
2023-09-14,152.08999633789062,152.16000366210938,150.1699981689453,151.38999938964844,6951400,0.0,0.0,151.38999938964844
2023-09-15,150.22999572753906,150.5399932861328,146.1699981689453,146.80999755859375,10179600,0.0,0.0,146.80999755859375
2023-09-18,145.42999267578125,147.82000732421875,144.97000122070312,147.3000030517578,6786000,0.0,0.0,147.3000030517578
2023-09-19,146.75,146.99000549316406,145.07000732421875,146.02999877929688,5573600,0.0,0.0,146.02999877929688
2023-09-20,146.64999389648438,147.24000549316406,143.5500030517578,143.6300048828125,6977500,0.0,0.0,143.6300048828125
2023-09-21,141.57000732421875,142.57000732421875,140.69000244140625,140.75999450683594,9905100,0.0,0.0,140.75999450683594
2023-09-22,142.1300048828125,143.39999389648438,141.5500030517578,141.9600067138672,7331900,0.0,0.0,141.9600067138672
2023-09-25,141.30999755859375,143.11000061035156,140.66000366210938,142.9600067138672,7861300,0.0,0.0,142.9600067138672
2023-09-26,141.63999938964844,142.38999938964844,140.10000610351562,140.6999969482422,6702100,0.0,0.0,140.6999969482422
2023-09-27,141.85000610351562,142.9199981689453,139.75999450683594,141.99000549316406,8814500,0.0,0.0,141.99000549316406
2023-09-28,141.72999572753906,145.64999389648438,141.0800018310547,144.2899932861328,10791700,0.0,0.0,144.2899932861328
2023-09-29,146.52999877929688,146.92999267578125,144.4600067138672,144.97999572753906,7985100,0.0,0.0,144.97999572753906
2023-10-02,145.27000427246094,147.27000427246094,144.58999633789062,146.22999572753906,8600200,0.0,0.0,146.22999572753906
2023-10-03,145.2899932861328,146.86000061035156,142.16000366210938,142.97999572753906,9456600,0.0,0.0,142.97999572753906
2023-10-04,143.85000610351562,145.47999572753906,142.9600067138672,145.2100067138672,11083000,0.0,0.0,145.2100067138672
2023-10-05,145.2899932861328,145.89999389648438,143.6699981689453,145.2100067138672,6093900,0.0,0.0,145.2100067138672
2023-10-06,144.63999938964844,148.9499969482422,143.52999877929688,148.35000610351562,9946000,0.0,0.0,148.35000610351562
2023-10-09,146.7899932861328,148.4600067138672,145.63999938964844,147.97000122070312,6840500,0.0,0.0,147.97000122070312
2023-10-10,148.5,150.97999572753906,147.8300018310547,149.8000030517578,6790600,0.0,0.0,149.8000030517578
2023-10-11,150.63999938964844,151.44000244140625,149.49000549316406,151.4199981689453,8921700,0.0,0.0,151.4199981689453
2023-10-12,151.83999633789062,154.05999755859375,150.72000122070312,152.19000244140625,8554900,0.0,0.0,152.19000244140625
2023-10-13,152.4199981689453,152.6300048828125,148.0500030517578,148.3800048828125,9133900,0.0,0.0,148.3800048828125
2023-10-16,148.5500030517578,150.69000244140625,148.4199981689453,150.08999633789062,9461800,0.0,0.0,150.08999633789062
2023-10-17,146.58999633789062,149.47000122070312,144.47000122070312,148.32000732421875,12857900,0.0,0.0,148.32000732421875
2023-10-18,145.42999267578125,146.7100067138672,144.6300048828125,145.35000610351562,12530900,0.0,0.0,145.35000610351562
2023-10-19,147.25,147.6699981689453,143.8800048828125,144.36000061035156,15718200,0.0,0.0,144.36000061035156
2023-10-20,144.22000122070312,145.38999938964844,141.92999267578125,142.10000610351562,8128800,0.0,0.0,142.10000610351562
2023-10-23,141.13999938964844,144.5399932861328,139.9600067138672,142.60000610351562,9910500,0.0,0.0,142.60000610351562
2023-10-24,143.0,144.5,142.52999877929688,144.27000427246094,7822700,0.0,0.0,144.27000427246094
2023-10-25,142.8000030517578,143.14999389648438,138.02999877929688,138.67999267578125,12447800,0.0,0.0,138.67999267578125
2023-10-26,139.10000610351562,140.64999389648438,136.6300048828125,137.4600067138672,15094800,0.0,0.0,137.4600067138672
2023-10-27,139.0399932861328,139.72999572753906,137.6699981689453,138.30999755859375,11346300,0.0,0.0,138.30999755859375
2023-10-30,138.41000366210938,139.63999938964844,136.50999450683594,137.9600067138672,8836000,0.0,0.0,137.9600067138672
2023-10-31,137.9600067138672,139.27999877929688,136.10000610351562,138.9499969482422,7900300,0.0,0.0,138.9499969482422
2023-11-01,139.1999969482422,142.5800018310547,139.05999755859375,142.41000366210938,11750500,0.0,0.0,142.41000366210938
2023-11-02,145.6199951171875,147.0399932861328,144.2899932861328,146.10000610351562,11736200,0.0,0.0,146.10000610351562
2023-11-03,147.58999633789062,150.5399932861328,147.17999267578125,149.50999450683594,8177200,0.0,0.0,149.50999450683594
2023-11-06,149.75,150.44000244140625,148.2899932861328,149.9499969482422,5423600,0.0,0.0,149.9499969482422
2023-11-07,149.66000366210938,151.52000427246094,149.30999755859375,150.88999938964844,4600400,0.0,0.0,150.88999938964844
2023-11-08,151.3699951171875,152.11000061035156,150.44000244140625,151.42999267578125,6165000,0.0,0.0,151.42999267578125
2023-11-09,152.9600067138672,154.50999450683594,151.0,151.16000366210938,10529700,0.0,0.0,151.16000366210938
2023-11-10,153.25,157.6699981689453,152.69000244140625,157.27999877929688,11426800,0.0,0.0,157.27999877929688
2023-11-13,156.3000030517578,157.02000427246094,155.19000244140625,156.32000732421875,7058900,0.0,0.0,156.32000732421875
2023-11-14,159.88999938964844,161.5399932861328,159.52000427246094,161.08999633789062,9744900,0.0,0.0,161.08999633789062
2023-11-15,162.22999572753906,162.22999572753906,160.08999633789062,161.2100067138672,9002900,0.0,0.0,161.2100067138672
2023-11-16,160.63999938964844,162.1699981689453,160.24000549316406,161.80999755859375,7281100,0.0,0.0,161.80999755859375
2023-11-17,161.17999267578125,162.9600067138672,160.8800048828125,162.57000732421875,5167100,0.0,0.0,162.57000732421875
2023-11-20,162.7899932861328,165.44000244140625,162.52000427246094,164.89999389648438,7132700,0.0,0.0,164.89999389648438
2023-11-21,163.69000244140625,163.97999572753906,161.6999969482422,162.47000122070312,9001100,0.0,0.0,162.47000122070312
2023-11-22,163.25999450683594,164.92999267578125,161.3300018310547,162.1199951171875,9139600,0.0,0.0,162.1199951171875
2023-11-24,162.24000549316406,162.4499969482422,161.33999633789062,161.75999450683594,2943500,0.0,0.0,161.75999450683594
2023-11-27,161.22000122070312,162.88999938964844,160.72999572753906,161.66000366210938,6034500,0.0,0.0,161.66000366210938
2023-11-28,160.86000061035156,161.5,159.6199951171875,160.72999572753906,6165200,0.0,0.0,160.72999572753906
2023-11-29,162.8000030517578,164.3300018310547,162.00999450683594,162.2100067138672,7642800,0.0,0.0,162.2100067138672
2023-11-30,162.83999633789062,162.83999633789062,159.25,160.47999572753906,9300900,0.0,0.0,160.47999572753906
2023-12-01,160.0,161.72000122070312,158.86000061035156,161.1300048828125,6115400,0.0,0.0,161.1300048828125
2023-12-04,159.25,159.5,156.55999755859375,158.77999877929688,8137000,0.0,0.0,158.77999877929688
2023-12-05,157.52000427246094,158.9499969482422,157.07000732421875,158.77999877929688,4845900,0.0,0.0,158.77999877929688
2023-12-06,160.6699981689453,160.97000122070312,157.2899932861328,157.5,6457400,0.0,0.0,157.5
2023-12-07,158.8699951171875,161.44000244140625,158.22000122070312,161.10000610351562,8790700,0.0,0.0,161.10000610351562
2023-12-08,160.83999633789062,162.94000244140625,160.66000366210938,162.47999572753906,5683500,0.0,0.0,162.47999572753906
2023-12-11,163.52999877929688,166.99000549316406,163.2899932861328,166.3800048828125,9671600,0.0,0.0,166.3800048828125
2023-12-12,165.5800018310547,168.1999969482422,165.3300018310547,168.13999938964844,6985400,0.0,0.0,168.13999938964844
2023-12-13,168.30999755859375,171.10000610351562,167.75999450683594,170.1199951171875,8037600,0.0,0.0,170.1199951171875
2023-12-14,171.6199951171875,173.86000061035156,171.4199981689453,173.25999450683594,9446800,0.0,0.0,173.25999450683594
2023-12-15,173.88999938964844,175.86000061035156,173.6999969482422,174.0800018310547,6902000,0.0,0.0,174.0800018310547
2023-12-18,173.55999755859375,173.8699951171875,171.97000122070312,173.33999633789062,5157100,0.0,1.043,173.33999633789062
2023-12-19,173.1999969482422,174.0500030517578,172.91000366210938,173.9199981689453,5031000,0.0,0.0,173.9199981689453
2023-12-20,172.85000610351562,173.69000244140625,169.00999450683594,169.0800018310547,8557400,0.0,0.0,169.0800018310547
2023-12-21,172.35000610351562,173.5500030517578,171.52000427246094,173.25999450683594,8184500,0.0,0.0,173.25999450683594
2023-12-22,174.10000610351562,174.41000366210938,172.41000366210938,173.27999877929688,4089200,0.0,0.0,173.27999877929688
2023-12-26,173.77999877929688,176.30999755859375,173.77999877929688,175.6699981689453,4829200,0.0,0.0,175.6699981689453
2023-12-27,176.35000610351562,176.75,175.1999969482422,175.86000061035156,5113400,0.0,0.0,175.86000061035156
2023-12-28,176.6199951171875,176.72999572753906,175.7100067138672,175.82000732421875,4033500,0.0,0.0,175.82000732421875
2023-12-29,176.02000427246094,176.3800048828125,173.6699981689453,174.8699951171875,5391600,0.0,0.0,174.8699951171875
2024-01-02,172.35000610351562,172.35000610351562,167.61000061035156,168.97000122070312,8989000,0.0,0.0,168.97000122070312
2024-01-03,166.35000610351562,167.47999572753906,165.3699951171875,165.97000122070312,9303600,0.0,0.0,165.97000122070312
2024-01-04,164.27999877929688,166.64999389648438,163.97000122070312,164.99000549316406,7095800,0.0,0.0,164.99000549316406
2024-01-05,165.47999572753906,167.57000732421875,165.10000610351562,166.0800018310547,6869600,0.0,0.0,166.0800018310547
2024-01-08,167.39999389648438,172.0800018310547,167.27999877929688,171.9600067138672,10514800,0.0,0.0,171.9600067138672
2024-01-09,170.52999877929688,173.72999572753906,169.92999267578125,172.4199981689453,6974300,0.0,0.0,172.4199981689453
2024-01-10,173.0500030517578,173.10000610351562,170.6300048828125,172.5800018310547,6330000,0.0,0.0,172.5800018310547
2024-01-11,173.27000427246094,174.52999877929688,170.19000244140625,173.55999755859375,7993700,0.0,0.0,173.55999755859375
2024-01-12,173.75,174.1699981689453,172.05999755859375,172.9499969482422,4561000,0.0,0.0,172.9499969482422
2024-01-16,173.2899932861328,176.86000061035156,172.74000549316406,175.6999969482422,7678000,0.0,0.0,175.6999969482422
2024-01-17,174.47999572753906,174.92999267578125,171.49000549316406,174.63999938964844,6751200,0.0,0.0,174.63999938964844
2024-01-18,179.6699981689453,180.5500030517578,177.41000366210938,180.30999755859375,11983800,0.0,0.0,180.30999755859375
2024-01-19,182.38999938964844,187.30999755859375,181.4199981689453,187.17999267578125,12742400,0.0,0.0,187.17999267578125
2024-01-22,188.80999755859375,189.97999572753906,186.47000122070312,188.0500030517578,8308900,0.0,0.0,188.0500030517578
2024-01-23,188.02000427246094,189.1699981689453,186.08999633789062,189.00999450683594,6031200,0.0,0.0,189.00999450683594
2024-01-24,191.2100067138672,195.3000030517578,190.02000427246094,192.3699951171875,14706600,0.0,0.0,192.3699951171875
2024-01-25,195.8000030517578,195.89999389648438,191.25,192.3699951171875,11109400,0.0,0.0,192.3699951171875
2024-01-26,189.16000366210938,190.47000122070312,187.6999969482422,188.27000427246094,9921900,0.0,0.0,188.27000427246094
2024-01-29,188.72000122070312,190.50999450683594,187.82000732421875,190.47999572753906,8035500,0.0,0.0,190.47999572753906
2024-01-30,190.11000061035156,190.89999389648438,187.67999267578125,188.58999633789062,6340100,0.0,0.0,188.58999633789062
2024-01-31,185.72999572753906,188.7100067138672,184.14999389648438,185.8699951171875,10827100,0.0,0.0,185.8699951171875
2024-02-01,186.72999572753906,188.10000610351562,185.0500030517578,187.57000732421875,6322500,0.0,0.0,187.57000732421875
2024-02-02,188.22000122070312,191.72999572753906,187.86000061035156,191.22000122070312,7865400,0.0,0.0,191.22000122070312
2024-02-05,193.5399932861328,195.72000122070312,191.44000244140625,194.9499969482422,8600500,0.0,0.0,194.9499969482422
2024-02-06,195.85000610351562,195.88999938964844,190.1199951171875,192.74000549316406,8505100,0.0,0.0,192.74000549316406
2024-02-07,193.6999969482422,196.7899932861328,192.41000366210938,196.6300048828125,7138800,0.0,0.0,196.6300048828125
2024-02-08,197.57000732421875,200.86000061035156,196.82000732421875,199.42999267578125,8963800,0.0,0.0,199.42999267578125
2024-02-09,201.14999389648438,204.1999969482422,199.77000427246094,203.85000610351562,7642200,0.0,0.0,203.85000610351562
2024-02-12,204.1999969482422,207.1199951171875,201.97000122070312,203.05999755859375,9718900,0.0,0.0,203.05999755859375
2024-02-13,197.1699981689453,201.55999755859375,196.2899932861328,199.3000030517578,11269600,0.0,0.0,199.3000030517578
2024-02-14,202.0,203.91000366210938,200.41000366210938,203.3000030517578,7932500,0.0,0.0,203.3000030517578
2024-02-15,204.60000610351562,204.74000549316406,202.00999450683594,202.6199951171875,7103400,0.0,0.0,202.6199951171875
2024-02-16,204.3300018310547,206.0800018310547,201.2100067138672,201.75,6273100,0.0,0.0,201.75
2024-02-20,200.27000427246094,200.75999450683594,194.64999389648438,197.77999877929688,11318400,0.0,0.0,197.77999877929688
2024-02-21,195.63999938964844,196.5399932861328,193.72000122070312,196.50999450683594,8624800,0.0,0.0,196.50999450683594
2024-02-22,207.17999267578125,210.6999969482422,206.3300018310547,209.92999267578125,12445700,0.0,0.0,209.92999267578125
2024-02-23,212.02999877929688,213.36000061035156,206.97000122070312,208.6199951171875,8526200,0.0,0.0,208.6199951171875
2024-02-26,210.60000610351562,211.6199951171875,208.8300018310547,210.35000610351562,7552200,0.0,0.0,210.35000610351562
2024-02-27,211.00999450683594,211.75999450683594,208.83999633789062,209.74000549316406,4969700,0.0,0.0,209.74000549316406
2024-02-28,207.61000061035156,208.75,206.42999267578125,207.41000366210938,4505800,0.0,0.0,207.41000366210938
2024-02-29,209.8000030517578,212.55999755859375,208.7899932861328,211.9499969482422,6450600,0.0,0.0,211.9499969482422
2024-03-01,214.1199951171875,221.32000732421875,213.97999572753906,220.5399932861328,10273300,0.0,0.0,220.5399932861328
2024-03-04,224.0,227.1300048828125,222.6699981689453,224.08999633789062,10905100,0.0,0.0,224.08999633789062
2024-03-05,222.36000061035156,223.22999572753906,218.2899932861328,220.66000366210938,10421000,0.0,0.0,220.66000366210938
2024-03-06,225.1300048828125,228.75999450683594,223.67999267578125,226.35000610351562,11245400,0.0,0.0,226.35000610351562
2024-03-07,229.72999572753906,234.91000366210938,229.4600067138672,234.1699981689453,13524400,0.0,0.0,234.1699981689453
2024-03-08,236.92999267578125,239.13999938964844,224.44000244140625,224.99000549316406,22519200,0.0,0.0,224.99000549316406
2024-03-11,222.13999938964844,223.8800048828125,219.02000427246094,220.97999572753906,12843800,0.0,0.0,220.97999572753906
2024-03-12,224.5500030517578,228.02000427246094,220.55999755859375,227.97000122070312,10410300,0.0,0.0,227.97000122070312
2024-03-13,225.8699951171875,225.8699951171875,221.14999389648438,223.4600067138672,9835800,0.0,0.0,223.4600067138672
2024-03-14,222.77999877929688,223.99000549316406,217.41000366210938,219.4600067138672,11440100,0.0,0.0,219.4600067138672
2024-03-15,216.94000244140625,220.3000030517578,215.92999267578125,217.83999633789062,11402000,0.0,0.0,217.83999633789062
2024-03-18,222.1699981689453,223.16000366210938,217.82000732421875,218.27999877929688,8671700,0.0,0.0,218.27999877929688
2024-03-19,215.72000122070312,218.85000610351562,212.82000732421875,217.8000030517578,10606900,0.0,0.0,217.8000030517578
2024-03-20,218.85000610351562,221.6199951171875,216.8300018310547,221.2899932861328,9158100,0.0,0.0,221.2899932861328
2024-03-21,228.5800018310547,230.0500030517578,225.80999755859375,226.30999755859375,11728000,0.0,0.0,226.30999755859375
2024-03-22,225.60000610351562,229.25,225.22000122070312,227.63999938964844,5350200,0.0,0.0,227.63999938964844
2024-03-25,225.22000122070312,229.24000549316406,224.86000061035156,227.0800018310547,4938900,0.0,0.0,227.0800018310547
2024-03-26,228.8000030517578,229.4600067138672,224.75999450683594,224.97000122070312,6402500,0.0,0.0,224.97000122070312
2024-03-27,226.58999633789062,226.83999633789062,221.49000549316406,224.88999938964844,7614700,0.0,0.0,224.88999938964844
2024-03-28,224.30999755859375,225.94000244140625,223.74000549316406,224.99000549316406,3763300,0.0,0.0,224.99000549316406
2024-04-01,225.5,230.9499969482422,225.5,227.94000244140625,7896800,0.0,0.0,227.94000244140625
2024-04-02,224.25,225.42999267578125,222.3800048828125,225.00999450683594,5995000,0.0,0.0,225.00999450683594
2024-04-03,222.72999572753906,227.52000427246094,222.67999267578125,225.91000366210938,5914900,0.0,0.0,225.91000366210938
2024-04-04,229.10000610351562,229.80999755859375,219.63999938964844,219.88999938964844,9294000,0.0,0.0,219.88999938964844
2024-04-05,221.22000122070312,224.07000732421875,219.61000061035156,222.63999938964844,8104000,0.0,0.0,222.63999938964844
2024-04-08,224.88999938964844,225.27999877929688,222.1699981689453,223.05999755859375,4215300,0.0,0.0,223.05999755859375
2024-04-09,225.36000061035156,225.9499969482422,220.0399932861328,224.10000610351562,5372300,0.0,0.0,224.10000610351562
2024-04-10,221.0,224.3800048828125,220.5,222.14999389648438,8164900,0.0,0.0,222.14999389648438
2024-04-11,223.47999572753906,227.57000732421875,221.67999267578125,227.30999755859375,7200600,0.0,0.0,227.30999755859375
2024-04-12,223.5,223.82000732421875,219.97000122070312,220.67999267578125,8741500,0.0,0.0,220.67999267578125
2024-04-15,223.75,224.97999572753906,216.61000061035156,217.36000061035156,6750400,0.0,0.0,217.36000061035156
2024-04-16,217.3300018310547,220.36000061035156,216.47000122070312,219.16000366210938,6754900,0.0,0.0,219.16000366210938
2024-04-17,219.50999450683594,220.1199951171875,212.07000732421875,212.39999389648438,11726400,0.0,0.0,212.39999389648438
2024-04-18,210.97000122070312,212.25,207.36000061035156,208.6300048828125,10350600,0.0,0.0,208.6300048828125
2024-04-19,206.72000122070312,208.0,198.44000244140625,199.2100067138672,13584600,0.0,0.0,199.2100067138672
2024-04-22,200.97000122070312,204.3800048828125,199.14999389648438,203.02000427246094,9801700,0.0,0.0,203.02000427246094
2024-04-23,204.49000549316406,208.5800018310547,203.92999267578125,207.8000030517578,7300600,0.0,0.0,207.8000030517578
2024-04-24,212.63999938964844,213.13999938964844,206.9499969482422,208.0399932861328,6564900,0.0,0.0,208.0399932861328
2024-04-25,207.08999633789062,213.67999267578125,205.75,212.1999969482422,8682200,0.0,0.0,212.1999969482422
2024-04-26,212.52999877929688,218.67999267578125,211.94000244140625,217.63999938964844,6365400,0.0,0.0,217.63999938964844
2024-04-29,217.47999572753906,218.61000061035156,214.89999389648438,218.3800048828125,4818000,0.0,0.0,218.3800048828125
2024-04-30,217.33999633789062,219.6199951171875,214.08999633789062,214.08999633789062,4944800,0.0,0.0,214.08999633789062
2024-05-01,211.13999938964844,214.5399932861328,206.11000061035156,207.85000610351562,12945800,0.0,0.0,207.85000610351562
2024-05-02,211.3699951171875,212.74000549316406,207.30999755859375,212.02999877929688,6382500,0.0,0.0,212.02999877929688
2024-05-03,215.9199981689453,218.36000061035156,215.14999389648438,217.72999572753906,6379100,0.0,0.0,217.72999572753906
2024-05-06,219.3699951171875,222.67999267578125,218.22000122070312,222.6699981689453,5343100,0.0,0.0,222.6699981689453
2024-05-07,222.5500030517578,223.17999267578125,220.63999938964844,220.72999572753906,5067000,0.0,0.0,220.72999572753906
2024-05-08,218.9499969482422,221.86000061035156,218.6999969482422,221.39999389648438,5404300,0.0,0.0,221.39999389648438
2024-05-09,221.49000549316406,221.77000427246094,218.88999938964844,219.97999572753906,4023300,0.0,0.0,219.97999572753906
2024-05-10,222.9600067138672,225.44000244140625,222.42999267578125,223.3000030517578,6126600,0.0,0.0,223.3000030517578
2024-05-13,224.0,224.5500030517578,222.32000732421875,223.25999450683594,3972400,0.0,0.0,223.25999450683594
2024-05-14,222.94000244140625,227.3300018310547,222.24000549316406,227.0800018310547,5050500,0.0,0.0,227.0800018310547
2024-05-15,229.27000427246094,234.0,228.52999877929688,233.89999389648438,8212800,0.0,0.0,233.89999389648438
2024-05-16,233.85000610351562,235.11000061035156,232.08999633789062,232.1999969482422,6209600,0.0,0.0,232.1999969482422
2024-05-17,233.58999633789062,233.82000732421875,228.6199951171875,230.25,5241300,0.0,0.0,230.25
2024-05-20,231.47000122070312,236.0399932861328,230.88999938964844,235.0,4986400,0.0,0.0,235.0
2024-05-21,232.9600067138672,234.9199981689453,231.8699951171875,234.6699981689453,4396200,0.0,0.0,234.6699981689453
2024-05-22,236.91000366210938,237.22000122070312,233.99000549316406,236.58999633789062,8112700,0.0,0.0,236.58999633789062
2024-05-23,244.14999389648438,244.55999755859375,237.7899932861328,239.82000732421875,12401000,0.0,0.0,239.82000732421875
2024-05-24,241.52999877929688,244.44000244140625,240.2899932861328,244.25999450683594,4644700,0.0,0.0,244.25999450683594
2024-05-28,247.69000244140625,250.85000610351562,245.4600067138672,249.8300018310547,7703000,0.0,0.0,249.8300018310547
2024-05-29,246.10000610351562,246.97999572753906,244.07000732421875,245.64999389648438,7581300,0.0,0.0,245.64999389648438
2024-05-30,245.49000549316406,246.1300048828125,241.0800018310547,242.27000427246094,7087000,0.0,0.0,242.27000427246094
2024-05-31,243.3699951171875,244.02000427246094,234.25999450683594,240.47999572753906,12722800,0.0,0.0,240.47999572753906
2024-06-03,245.10000610351562,245.44000244140625,239.02000427246094,243.47999572753906,6312800,0.0,0.0,243.47999572753906
2024-06-04,243.3000030517578,243.6999969482422,240.10000610351562,242.60000610351562,5797000,0.0,0.0,242.60000610351562
2024-06-05,247.52999877929688,254.52999877929688,246.7100067138672,254.41000366210938,10950400,0.0,0.0,254.41000366210938
2024-06-06,255.52000427246094,255.9199981689453,250.25,252.41000366210938,9828200,0.0,0.0,252.41000366210938
2024-06-07,252.24000549316406,254.05999755859375,250.49000549316406,252.2100067138672,5470300,0.0,0.0,252.2100067138672
2024-06-10,251.10000610351562,256.7200012207031,250.0500030517578,255.86000061035156,6418000,0.0,0.0,255.86000061035156
2024-06-11,255.0,255.88999938964844,251.85000610351562,255.47999572753906,6117800,0.0,0.0,255.47999572753906
2024-06-12,260.57000732421875,264.54998779296875,259.760009765625,263.0899963378906,8051500,0.0,0.0,263.0899963378906
2024-06-13,266.7900085449219,268.1400146484375,263.9599914550781,267.2099914550781,7647200,0.0,0.0,267.2099914550781
2024-06-14,265.3999938964844,268.5899963378906,264.6199951171875,267.8900146484375,6257000,0.0,0.0,267.8900146484375
2024-06-17,270.7099914550781,273.2099914550781,266.9200134277344,272.4800109863281,7502000,0.0,0.0,272.4800109863281
2024-06-18,273.5199890136719,278.2699890136719,273.0199890136719,276.760009765625,8241600,0.0,0.0,276.760009765625
2024-06-20,279.2200012207031,279.57000732421875,267.0799865722656,268.9200134277344,14053800,0.0,0.0,268.9200134277344
2024-06-21,265.57000732421875,268.92999267578125,262.0199890136719,264.8900146484375,11653900,0.0,0.0,264.8900146484375
2024-06-24,261.5,263.0799865722656,255.72999572753906,255.77999877929688,10154100,0.0,0.0,255.77999877929688
2024-06-25,258.5199890136719,261.9100036621094,255.80999755859375,261.7699890136719,6592200,0.0,0.0,261.7699890136719
2024-06-26,261.6099853515625,263.07000732421875,257.75,260.9100036621094,5950300,0.0,0.0,260.9100036621094
2024-06-27,260.3999938964844,262.42999267578125,257.6400146484375,258.8599853515625,5738700,0.0,0.0,258.8599853515625
2024-06-28,260.4800109863281,266.3999938964844,258.9800109863281,260.70001220703125,7743300,0.0,0.0,260.70001220703125
2024-07-01,261.0,261.3500061035156,255.66000366210938,261.010009765625,6186000,0.0,0.0,261.010009765625
2024-07-02,258.989990234375,263.6600036621094,258.7099914550781,263.6300048828125,4117100,0.0,0.0,263.6300048828125
2024-07-03,264.0899963378906,270.3999938964844,263.2799987792969,269.6199951171875,4633000,0.0,0.0,269.6199951171875
2024-07-05,271.2200012207031,272.04998779296875,268.04998779296875,269.7200012207031,6415200,0.0,0.0,269.7200012207031
2024-07-08,272.8399963378906,275.70001220703125,272.54998779296875,274.2099914550781,5832700,0.0,0.0,274.2099914550781
2024-07-09,276.2900085449219,277.6099853515625,272.1600036621094,274.80999755859375,5912800,0.0,0.0,274.80999755859375
2024-07-10,278.1300048828125,281.7300109863281,276.2900085449219,281.2699890136719,6181000,0.0,0.0,281.2699890136719
2024-07-11,283.0,283.07000732421875,270.0,271.0199890136719,12282300,0.0,0.0,271.0199890136719
2024-07-12,271.79998779296875,278.94000244140625,271.05999755859375,274.45001220703125,8392800,0.0,0.0,274.45001220703125
2024-07-15,276.4100036621094,277.4700012207031,272.0199890136719,273.8299865722656,7814800,0.0,0.0,273.8299865722656
2024-07-16,275.30999755859375,275.6300048828125,270.5400085449219,273.7099914550781,5638600,0.0,0.0,273.7099914550781
2024-07-17,263.7900085449219,264.0,253.85000610351562,254.22000122070312,15181900,0.0,0.0,254.22000122070312
2024-07-18,259.1300048828125,260.0,250.00999450683594,255.5399932861328,12807600,0.0,0.0,255.5399932861328
2024-07-19,254.86000061035156,255.2100067138672,247.7899932861328,248.13999938964844,8589500,0.0,0.0,248.13999938964844
2024-07-22,253.0,257.8999938964844,251.61000061035156,257.7200012207031,10757900,0.0,0.0,257.7200012207031
2024-07-23,254.97999572753906,257.3699951171875,254.33999633789062,254.86000061035156,5869900,0.0,0.0,254.86000061035156
2024-07-24,250.58999633789062,251.32000732421875,240.33999633789062,240.97999572753906,11295000,0.0,0.0,240.97999572753906
2024-07-25,239.0,243.63999938964844,230.82000732421875,236.55999755859375,18765100,0.0,0.0,236.55999755859375
2024-07-26,242.22000122070312,242.32000732421875,238.17999267578125,240.30999755859375,7325600,0.0,0.0,240.30999755859375
2024-07-29,242.44000244140625,245.22999572753906,237.77000427246094,238.60000610351562,6745300,0.0,0.0,238.60000610351562
2024-07-30,240.22000122070312,240.7100067138672,228.3300018310547,229.47000122070312,12932100,0.0,0.0,229.47000122070312
2024-07-31,242.5,247.69000244140625,240.50999450683594,246.99000549316406,18412100,0.0,0.0,246.99000549316406
2024-08-01,244.0399932861328,246.8000030517578,227.89999389648438,231.00999450683594,17111600,0.0,0.0,231.00999450683594
2024-08-02,219.9199981689453,222.33999633789062,214.17999267578125,218.42999267578125,20261300,0.0,0.0,218.42999267578125
2024-08-05,200.97999572753906,218.5,200.49000549316406,213.30999755859375,18420800,0.0,0.0,213.30999755859375
2024-08-06,216.5399932861328,222.8000030517578,212.63999938964844,217.4600067138672,15388800,0.0,0.0,217.4600067138672
2024-08-07,224.69000244140625,226.10000610351562,211.00999450683594,211.47000122070312,13066500,0.0,0.0,211.47000122070312
2024-08-08,217.60000610351562,225.27000427246094,212.6999969482422,224.91000366210938,11407900,0.0,0.0,224.91000366210938
2024-08-09,224.6999969482422,226.49000549316406,221.38999938964844,224.85000610351562,7241700,0.0,0.0,224.85000610351562
2024-08-12,225.19000244140625,229.5500030517578,224.0500030517578,226.9600067138672,6751200,0.0,0.0,226.9600067138672
2024-08-13,230.5500030517578,236.3000030517578,228.8699951171875,236.19000244140625,7647400,0.0,0.0,236.19000244140625
2024-08-14,238.7100067138672,239.17999267578125,232.16000366210938,236.38999938964844,7187100,0.0,0.0,236.38999938964844
2024-08-15,240.8000030517578,247.33999633789062,239.52999877929688,246.3699951171875,8376800,0.0,0.0,246.3699951171875
2024-08-16,244.2100067138672,247.39999389648438,243.0,246.7100067138672,5194600,0.0,0.0,246.7100067138672
2024-08-19,245.7899932861328,251.39999389648438,243.2899932861328,251.33999633789062,5564300,0.0,0.0,251.33999633789062
2024-08-20,250.14999389648438,251.52999877929688,245.8699951171875,248.05999755859375,6578600,0.0,0.0,248.05999755859375
2024-08-21,248.60000610351562,251.8699951171875,247.8699951171875,250.6300048828125,4813700,0.0,0.0,250.6300048828125
2024-08-22,252.52000427246094,253.32000732421875,241.5399932861328,242.4199981689453,8007400,0.0,0.0,242.4199981689453
2024-08-23,245.85000610351562,250.3300018310547,244.6999969482422,248.38999938964844,6933400,0.0,0.0,248.38999938964844
2024-08-26,247.49000549316406,248.5500030517578,241.1300048828125,242.57000732421875,6925200,0.0,0.0,242.57000732421875
2024-08-27,240.6699981689453,245.75,238.57000732421875,245.00999450683594,5534400,0.0,0.0,245.00999450683594
2024-08-28,244.5,245.67999267578125,237.82000732421875,240.88999938964844,8114000,0.0,0.0,240.88999938964844
2024-08-29,240.47000122070312,244.50999450683594,236.77999877929688,237.91000366210938,9256500,0.0,0.0,237.91000366210938
2024-08-30,242.4499969482422,244.60000610351562,239.3800048828125,243.4600067138672,8623800,0.0,0.0,243.4600067138672
2024-09-03,238.8699951171875,238.8699951171875,223.80999755859375,225.19000244140625,14466300,0.0,0.0,225.19000244140625
2024-09-04,221.8300018310547,228.5800018310547,221.4600067138672,224.64999389648438,8646300,0.0,0.0,224.64999389648438
2024-09-05,222.05999755859375,227.77000427246094,221.72999572753906,224.25999450683594,6535400,0.0,0.0,224.25999450683594
2024-09-06,223.35000610351562,223.6699981689453,213.57000732421875,215.0,12019300,0.0,0.0,215.0
2024-09-09,218.4600067138672,220.30999755859375,215.7899932861328,219.86000061035156,7933400,0.0,0.0,219.86000061035156
2024-09-10,220.6199951171875,222.13999938964844,216.4600067138672,221.94000244140625,7651600,0.0,0.0,221.94000244140625
2024-09-11,223.7899932861328,233.6999969482422,219.39999389648438,233.39999389648438,11148300,0.0,0.0,233.39999389648438
2024-09-12,232.9199981689453,235.9600067138672,229.9600067138672,233.89999389648438,8209500,0.0,0.0,233.89999389648438
2024-09-13,235.0,237.5500030517578,234.22000122070312,236.91000366210938,6405800,0.0,0.0,236.91000366210938
2024-09-16,233.38999938964844,235.0,230.8699951171875,233.8000030517578,5505200,0.0,0.0,233.8000030517578
2024-09-17,236.61000061035156,237.1300048828125,231.83999633789062,233.72000122070312,4722800,0.0,0.0,233.72000122070312
2024-09-18,234.88999938964844,237.83999633789062,230.7899932861328,231.05999755859375,7299800,0.0,0.0,231.05999755859375
2024-09-19,239.97000122070312,243.85000610351562,238.30999755859375,241.08999633789062,11254200,0.0,0.0,241.08999633789062
2024-09-20,238.8000030517578,239.64999389648438,234.9600067138672,237.89999389648438,8183300,0.0,0.0,237.89999389648438
2024-09-23,238.80999755859375,239.82000732421875,237.1199951171875,238.9499969482422,3781400,0.0,0.0,238.9499969482422
2024-09-24,241.0800018310547,244.3800048828125,238.27999877929688,243.39999389648438,5435900,0.0,0.0,243.39999389648438
2024-09-25,243.22999572753906,247.0800018310547,242.8000030517578,245.5399932861328,4978300,0.0,0.0,245.5399932861328
2024-09-26,255.5,255.99000549316406,247.3699951171875,252.6199951171875,10082100,0.0,0.0,252.6199951171875
2024-09-27,253.19000244140625,253.2100067138672,246.1199951171875,247.74000549316406,7128600,0.0,0.0,247.74000549316406
2024-09-30,244.14999389648438,247.00999450683594,241.8699951171875,245.4499969482422,6252500,0.0,0.0,245.4499969482422
2024-10-01,245.6300048828125,246.5800018310547,237.0,238.8800048828125,7751800,0.0,0.0,238.8800048828125
2024-10-02,239.1699981689453,244.4499969482422,237.58999633789062,242.32000732421875,5842600,0.0,0.0,242.32000732421875
2024-10-03,241.5500030517578,247.14999389648438,241.33999633789062,244.5500030517578,5926900,0.0,0.0,244.5500030517578
2024-10-04,249.2100067138672,249.2100067138672,244.3300018310547,247.82000732421875,5771300,0.0,0.0,247.82000732421875
2024-10-07,246.52999877929688,250.60000610351562,246.30999755859375,248.22000122070312,4958800,0.0,0.0,248.22000122070312
2024-10-08,249.16000366210938,253.1699981689453,247.8800048828125,252.52000427246094,4435300,0.0,0.0,252.52000427246094
2024-10-09,252.99000549316406,255.41000366210938,250.2100067138672,255.14999389648438,4063400,0.0,0.0,255.14999389648438
2024-10-10,252.50999450683594,255.8699951171875,251.0,254.64999389648438,4044600,0.0,0.0,254.64999389648438
2024-10-11,253.61000061035156,257.29998779296875,253.60000610351562,256.69000244140625,4202900,0.0,0.0,256.69000244140625
2024-10-14,258.5199890136719,262.260009765625,258.4200134277344,261.2799987792969,4608600,0.0,0.0,261.2799987792969
2024-10-15,261.0,262.1099853515625,245.5800018310547,247.16000366210938,14128900,0.0,0.0,247.16000366210938
2024-10-16,249.8300018310547,249.8300018310547,245.5,247.32000732421875,5692300,0.0,0.0,247.32000732421875
2024-10-17,255.17999267578125,256.1700134277344,251.5,251.5800018310547,6745000,0.0,0.0,251.5800018310547
2024-10-18,253.5,253.52000427246094,250.86000061035156,251.50999450683594,3720700,0.0,0.0,251.50999450683594
2024-10-21,251.0,253.0500030517578,249.49000549316406,252.83999633789062,3923400,0.0,0.0,252.83999633789062
2024-10-22,251.3300018310547,252.49000549316406,249.6699981689453,251.69000244140625,3629100,0.0,0.0,251.69000244140625
2024-10-23,250.4499969482422,251.6699981689453,245.83999633789062,249.00999450683594,4971600,0.0,0.0,249.00999450683594
2024-10-24,250.8699951171875,251.1999969482422,248.1999969482422,250.05999755859375,2595500,0.0,0.0,250.05999755859375
2024-10-25,252.49000549316406,256.54998779296875,252.3000030517578,252.9600067138672,6835900,0.0,0.0,252.9600067138672
2024-10-28,252.77000427246094,253.0500030517578,251.0,251.2100067138672,3557300,0.0,0.0,251.2100067138672
2024-10-29,251.89999389648438,258.3299865722656,250.86000061035156,256.9200134277344,5392800,0.0,0.0,256.9200134277344
2024-10-30,251.74000549316406,253.0,249.4499969482422,250.67999267578125,5348400,0.0,0.0,250.67999267578125
2024-10-31,248.27000427246094,248.27000427246094,240.27999877929688,241.67999267578125,9464700,0.0,0.0,241.67999267578125
2024-11-01,244.19000244140625,247.2899932861328,243.35000610351562,244.75,5521000,0.0,0.0,244.75
2024-11-04,245.30999755859375,247.50999450683594,243.41000366210938,244.27000427246094,5199200,0.0,0.0,244.27000427246094
2024-11-05,245.25,249.0399932861328,245.0800018310547,248.30999755859375,4344200,0.0,0.0,248.30999755859375
2024-11-06,252.2899932861328,255.69000244140625,250.2100067138672,254.80999755859375,7284400,0.0,0.0,254.80999755859375
2024-11-07,258.3900146484375,261.1499938964844,258.1400146484375,261.0199890136719,5370200,0.0,0.0,261.0199890136719
2024-11-08,260.760009765625,261.8800048828125,257.9200134277344,259.3399963378906,3915600,0.0,0.0,259.3399963378906
2024-11-11,257.9200134277344,258.04998779296875,250.99000549316406,253.52999877929688,7667300,0.0,0.0,253.52999877929688
2024-11-12,253.10000610351562,253.57000732421875,248.86000061035156,251.86000061035156,6574000,0.0,0.0,251.86000061035156
2024-11-13,250.64999389648438,251.17999267578125,247.22000122070312,247.6300048828125,5537900,0.0,0.0,247.6300048828125
2024-11-14,249.55999755859375,250.9600067138672,247.3800048828125,248.17999267578125,4607600,0.0,0.0,248.17999267578125
2024-11-15,244.1699981689453,244.57000732421875,238.8000030517578,239.9499969482422,9499700,0.0,0.0,239.9499969482422
2024-11-18,239.02999877929688,242.1699981689453,237.38999938964844,241.5399932861328,7696500,0.0,0.0,241.5399932861328
2024-11-19,241.10000610351562,244.27000427246094,240.60000610351562,244.17999267578125,4505200,0.0,0.0,244.17999267578125
2024-11-20,243.3300018310547,243.75,238.64999389648438,242.5399932861328,7585600,0.0,0.0,242.5399932861328
2024-11-21,245.52000427246094,248.19000244140625,239.60000610351562,246.10000610351562,8825400,0.0,0.0,246.10000610351562
2024-11-22,245.97000122070312,246.63999938964844,243.30999755859375,244.6199951171875,4746300,0.0,0.0,244.6199951171875
2024-11-25,246.35000610351562,246.35000610351562,242.27999877929688,243.66000366210938,4562700,0.0,0.0,243.66000366210938
2024-11-26,245.82000732421875,246.1199951171875,239.88999938964844,241.4199981689453,4996500,0.0,0.0,241.4199981689453
2024-11-27,239.66000366210938,239.8000030517578,234.1699981689453,238.25,6911600,0.0,0.0,238.25
2024-11-29,240.0,244.49000549316406,239.58999633789062,242.1300048828125,5607400,0.0,0.0,242.1300048828125
2024-12-02,243.35000610351562,249.14999389648438,243.35000610351562,247.8699951171875,8070300,0.0,0.0,247.8699951171875
2024-12-03,246.92999267578125,248.67999267578125,245.92999267578125,248.4199981689453,3227300,0.0,0.0,248.4199981689453
2024-12-04,252.22999572753906,253.07000732421875,249.32000732421875,252.6300048828125,5457400,0.0,0.0,252.6300048828125
2024-12-05,251.88999938964844,252.16000366210938,247.5800018310547,248.3000030517578,3872100,0.0,0.0,248.3000030517578
2024-12-06,247.8800048828125,249.4199981689453,247.2100067138672,248.61000061035156,3885300,0.0,0.0,248.61000061035156
2024-12-09,246.22000122070312,248.9600067138672,244.92999267578125,246.07000732421875,4532600,0.0,0.0,246.07000732421875
2024-12-10,246.42999267578125,247.14999389648438,238.3699951171875,239.8800048828125,6402400,0.0,0.0,239.8800048828125
2024-12-11,243.64999389648438,247.0399932861328,241.72999572753906,245.75,5588400,0.0,0.0,245.75
2024-12-12,244.00999450683594,244.63999938964844,241.92999267578125,243.3699951171875,3979300,0.0,0.0,243.3699951171875
2024-12-13,249.52000427246094,251.6300048828125,246.0500030517578,249.49000549316406,8628300,0.0,0.0,249.49000549316406
2024-12-16,250.5,254.36000061035156,248.9199981689453,253.25,4893000,0.0,0.0,253.25
2024-12-17,250.47999572753906,251.1699981689453,248.02999877929688,249.9600067138672,4027800,0.0,0.0,249.9600067138672
2024-12-18,252.16000366210938,254.47000122070312,240.4499969482422,241.99000549316406,8125800,0.0,0.0,241.99000549316406
2024-12-19,243.0,243.25,238.35000610351562,238.8699951171875,6893100,0.0,0.0,238.8699951171875
2024-12-20,237.39999389648438,245.25999450683594,236.5399932861328,242.7100067138672,6909300,0.0,0.0,242.7100067138672
2024-12-23,243.52999877929688,249.58999633789062,243.52999877929688,249.22000122070312,6650100,0.0,1.071,249.22000122070312
2024-12-24,250.44000244140625,251.3699951171875,249.3800048828125,251.3699951171875,2097400,0.0,0.0,251.3699951171875
2024-12-26,250.4199981689453,252.38999938964844,248.8800048828125,250.92999267578125,2169300,0.0,0.0,250.92999267578125
2024-12-27,249.27999877929688,250.07000732421875,245.16000366210938,248.39999389648438,3812300,0.0,0.0,248.39999389648438
2024-12-30,244.6199951171875,247.35000610351562,242.72999572753906,244.66000366210938,3532100,0.0,0.0,244.66000366210938
2024-12-31,245.50999450683594,246.0500030517578,241.39999389648438,242.1699981689453,3071800,0.0,0.0,242.1699981689453
2025-01-02,244.52000427246094,247.75,242.25,244.7899932861328,4464000,0.0,0.0,244.7899932861328
2025-01-03,247.0,252.3300018310547,246.67999267578125,251.8800048828125,4994400,0.0,0.0,251.8800048828125
2025-01-06,258.6700134277344,263.2900085449219,258.5,260.2300109863281,10533200,0.0,0.0,260.2300109863281
2025-01-07,263.4200134277344,263.5799865722656,253.0500030517578,254.0399932861328,7661100,0.0,0.0,254.0399932861328
2025-01-08,253.55999755859375,254.3300018310547,249.50999450683594,252.22999572753906,5189500,0.0,0.0,252.22999572753906
2025-01-10,249.41000366210938,249.58999633789062,244.9199981689453,247.17999267578125,6901500,0.0,0.0,247.17999267578125
2025-01-13,241.07000732421875,244.92999267578125,240.6199951171875,244.63999938964844,6007500,0.0,0.0,244.63999938964844
2025-01-14,247.72999572753906,248.3800048828125,242.38999938964844,245.44000244140625,3791500,0.0,0.0,245.44000244140625
2025-01-15,249.25,252.07000732421875,247.6999969482422,251.2100067138672,5316800,0.0,0.0,251.2100067138672
2025-01-16,257.1099853515625,257.20001220703125,252.14999389648438,252.2899932861328,5696100,0.0,0.0,252.2899932861328
2025-01-17,257.9800109863281,258.67999267578125,255.61000061035156,258.25,5387300,0.0,0.0,258.25
2025-01-21,260.79998779296875,264.32000732421875,258.45001220703125,262.3900146484375,4923000,0.0,0.0,262.3900146484375
2025-01-22,266.0,269.6600036621094,265.1400146484375,267.1700134277344,6616500,0.0,0.0,267.1700134277344
2025-01-23,263.0199890136719,266.8599853515625,261.8999938964844,266.8500061035156,4704900,0.0,0.0,266.8500061035156
2025-01-24,267.3999938964844,267.42999267578125,260.6199951171875,261.5299987792969,5119900,0.0,0.0,261.5299987792969
2025-01-27,242.47999572753906,245.0800018310547,232.24000549316406,235.80999755859375,21944900,0.0,0.0,235.80999755859375
2025-01-28,237.88999938964844,241.02999877929688,232.25999450683594,240.4499969482422,11707300,0.0,0.0,240.4499969482422
2025-01-29,242.41000366210938,242.4499969482422,236.63999938964844,239.52999877929688,8366000,0.0,0.0,239.52999877929688
2025-01-30,243.4199981689453,245.85000610351562,240.6699981689453,245.1699981689453,7676300,0.0,0.0,245.1699981689453
2025-01-31,246.1699981689453,251.4600067138672,242.9199981689453,243.6199951171875,8009900,0.0,0.0,243.6199951171875
2025-02-03,235.97000122070312,241.63999938964844,235.1199951171875,238.77999877929688,7479600,0.0,0.0,238.77999877929688
2025-02-04,238.80999755859375,242.6199951171875,238.5800018310547,241.47000122070312,4579000,0.0,0.0,241.47000122070312
2025-02-05,242.1199951171875,247.5,240.39999389648438,247.13999938964844,4811100,0.0,0.0,247.13999938964844
2025-02-06,247.17999267578125,248.42999267578125,245.61000061035156,248.35000610351562,4877200,0.0,0.0,248.35000610351562
2025-02-07,249.55999755859375,250.64999389648438,243.47999572753906,245.0,7258900,0.0,0.0,245.0
2025-02-10,247.0,250.2899932861328,247.0,249.6199951171875,4231300,0.0,0.0,249.6199951171875
2025-02-11,247.6999969482422,251.0399932861328,247.41000366210938,249.8699951171875,3134900,0.0,0.0,249.8699951171875
2025-02-12,245.6999969482422,248.74000549316406,244.5399932861328,248.50999450683594,4212800,0.0,0.0,248.50999450683594
2025-02-13,248.0,252.08999633789062,247.7899932861328,251.9199981689453,4486100,0.0,0.0,251.9199981689453
2025-02-14,252.0,253.22000122070312,250.6300048828125,252.5800018310547,4279500,0.0,0.0,252.5800018310547
2025-02-18,254.72000122070312,257.20001220703125,253.33999633789062,256.2200012207031,6361400,0.0,0.0,256.2200012207031
2025-02-19,255.97999572753906,258.3800048828125,253.8800048828125,257.3399963378906,3025400,0.0,0.0,257.3399963378906
2025-02-20,258.07000732421875,259.6300048828125,254.9199981689453,257.79998779296875,4401700,0.0,0.0,257.79998779296875
2025-02-21,258.3500061035156,258.70001220703125,249.19000244140625,249.99000549316406,7578500,0.0,0.0,249.99000549316406
2025-02-24,251.3000030517578,252.05999755859375,243.27999877929688,243.4199981689453,7518000,0.0,0.0,243.4199981689453
2025-02-25,242.7100067138672,243.77999877929688,237.33999633789062,238.25,7658600,0.0,0.0,238.25
2025-02-26,241.60000610351562,246.1199951171875,240.89999389648438,243.82000732421875,6675900,0.0,0.0,243.82000732421875
2025-02-27,246.07000732421875,246.3800048828125,228.6999969482422,228.7899932861328,10520600,0.0,0.0,228.7899932861328
2025-02-28,228.3699951171875,233.77999877929688,225.6300048828125,232.77000427246094,8654700,0.0,0.0,232.77000427246094
2025-03-03,235.3699951171875,235.3699951171875,220.9499969482422,223.00999450683594,10001200,0.0,0.0,223.00999450683594
2025-03-04,222.4600067138672,230.8000030517578,218.0500030517578,225.22999572753906,12563100,0.0,0.0,225.22999572753906
2025-03-05,227.82000732421875,230.2100067138672,223.47000122070312,229.39999389648438,6799400,0.0,0.0,229.39999389648438
2025-03-06,221.97999572753906,226.16000366210938,219.07000732421875,219.77999877929688,9155200,0.0,0.0,219.77999877929688
2025-03-07,220.60000610351562,225.75,217.07000732421875,225.08999633789062,9426800,0.0,0.0,225.08999633789062
2025-03-10,219.57000732421875,221.2899932861328,211.50999450683594,214.52999877929688,9616500,0.0,0.0,214.52999877929688
2025-03-11,215.2100067138672,219.02000427246094,210.4600067138672,214.22000122070312,7381300,0.0,0.0,214.22000122070312
2025-03-12,220.32000732421875,222.9499969482422,218.17999267578125,220.52000427246094,8710800,0.0,0.0,220.52000427246094
2025-03-13,220.77999877929688,223.8800048828125,217.80999755859375,219.5500030517578,5126800,0.0,0.0,219.5500030517578
2025-03-14,223.35000610351562,226.9600067138672,223.27999877929688,226.57000732421875,5100700,0.0,0.0,226.57000732421875
2025-03-17,226.22999572753906,231.0399932861328,226.02000427246094,228.9600067138672,5192200,0.0,0.0,228.9600067138672
2025-03-18,226.6300048828125,227.77000427246094,223.8800048828125,225.4199981689453,5196700,0.0,0.0,225.4199981689453
2025-03-19,225.4199981689453,231.02000427246094,223.77999877929688,227.41000366210938,4932500,0.0,0.0,227.41000366210938
2025-03-20,225.13999938964844,229.00999450683594,224.88999938964844,227.0500030517578,3654700,0.0,0.0,227.0500030517578
2025-03-21,222.77000427246094,225.61000061035156,221.41000366210938,224.77000427246094,6319300,0.0,0.0,224.77000427246094
2025-03-24,229.1999969482422,232.4199981689453,229.10000610351562,230.6300048828125,6503200,0.0,0.0,230.6300048828125
2025-03-25,230.4499969482422,230.66000366210938,228.85000610351562,229.64999389648438,3451800,0.0,0.0,229.64999389648438
2025-03-26,228.39999389648438,228.8000030517578,220.0500030517578,222.00999450683594,9591100,0.0,0.0,222.00999450683594
2025-03-27,219.0500030517578,220.6999969482422,216.57000732421875,217.75,9072500,0.0,0.0,217.75
2025-03-28,216.8000030517578,218.0399932861328,211.0500030517578,212.1699981689453,8722100,0.0,0.0,212.1699981689453
2025-03-31,207.3300018310547,211.69000244140625,204.50999450683594,211.47000122070312,9477200,0.0,0.0,211.47000122070312
2025-04-01,210.9600067138672,212.5399932861328,207.25999450683594,212.49000549316406,6151300,0.0,0.0,212.49000549316406
2025-04-02,208.9600067138672,216.61000061035156,208.47000122070312,214.08999633789062,7096200,0.0,0.0,214.08999633789062
2025-04-03,202.69000244140625,204.49000549316406,195.33999633789062,195.57000732421875,14299000,0.0,0.0,195.57000732421875
2025-04-04,188.6999969482422,190.2899932861328,178.22999572753906,180.8000030517578,22160100,0.0,0.0,180.8000030517578
2025-04-07,173.49000549316406,194.8300018310547,170.11000061035156,184.89999389648438,25600300,0.0,0.0,184.89999389648438
2025-04-08,192.99000549316406,195.72000122070312,176.0500030517578,179.9499969482422,19097600,0.0,0.0,179.9499969482422
2025-04-09,181.75999450683594,212.80999755859375,180.27000427246094,210.8300018310547,22178500,0.0,0.0,210.8300018310547
2025-04-10,201.3800048828125,202.5,189.0399932861328,196.2100067138672,18282500,0.0,0.0,196.2100067138672
2025-04-11,195.6999969482422,201.94000244140625,193.6999969482422,201.30999755859375,10156300,0.0,0.0,201.30999755859375
2025-04-14,206.6199951171875,206.77999877929688,198.77000427246094,201.61000061035156,9843300,0.0,0.0,201.61000061035156
2025-04-15,202.6699981689453,205.13999938964844,201.94000244140625,202.9199981689453,5097800,0.0,0.0,202.9199981689453
2025-04-16,193.16000366210938,196.75999450683594,188.52999877929688,194.35000610351562,13067200,0.0,0.0,194.35000610351562
2025-04-17,195.82000732421875,196.0,191.0,192.52999877929688,7067400,0.0,0.0,192.52999877929688
2025-04-21,188.89999389648438,189.38999938964844,184.39999389648438,187.8300018310547,9572700,0.0,0.0,187.8300018310547
2025-04-22,190.35000610351562,193.3000030517578,188.9600067138672,191.89999389648438,7242700,0.0,0.0,191.89999389648438
2025-04-23,201.5800018310547,203.0800018310547,198.0800018310547,198.91000366210938,11495800,0.0,0.0,198.91000366210938
2025-04-24,203.22000122070312,209.27999877929688,202.17999267578125,208.97000122070312,9696200,0.0,0.0,208.97000122070312
2025-04-25,207.17999267578125,213.2899932861328,206.5,211.97000122070312,7487400,0.0,0.0,211.97000122070312
2025-04-28,210.88999938964844,212.2100067138672,206.39999389648438,210.64999389648438,5804900,0.0,0.0,210.64999389648438
2025-04-29,209.3300018310547,212.25,208.52000427246094,210.2899932861328,4506200,0.0,0.0,210.2899932861328
2025-04-30,205.02000427246094,211.74000549316406,203.88999938964844,211.27999877929688,5974400,0.0,0.0,211.27999877929688
2025-05-01,214.92999267578125,216.52999877929688,212.11000061035156,212.3000030517578,6878200,0.0,0.0,212.3000030517578
2025-05-02,217.99000549316406,220.9199981689453,217.24000549316406,219.02999877929688,6522200,0.0,0.0,219.02999877929688
2025-05-05,217.02999877929688,219.60000610351562,216.89999389648438,217.61000061035156,4536000,0.0,0.0,217.61000061035156
2025-05-06,213.64999389648438,217.44000244140625,212.83999633789062,215.58999633789062,5019400,0.0,0.0,215.58999633789062
2025-05-07,215.72000122070312,220.9199981689453,214.19000244140625,220.02000427246094,9068800,0.0,0.0,220.02000427246094
2025-05-08,222.85000610351562,224.83999633789062,220.10000610351562,221.9499969482422,5919200,0.0,0.0,221.9499969482422
2025-05-09,224.52999877929688,225.36000061035156,221.99000549316406,223.39999389648438,3495500,0.0,0.0,223.39999389648438
2025-05-12,236.72000122070312,238.6699981689453,234.0500030517578,237.41000366210938,9246900,0.0,0.0,237.41000366210938
2025-05-13,239.0500030517578,246.69000244140625,238.60000610351562,245.55999755859375,8665600,0.0,0.0,245.55999755859375
2025-05-14,247.64999389648438,249.44000244140625,245.60000610351562,247.99000549316406,7439600,0.0,0.0,247.99000549316406
2025-05-15,245.75,249.0,244.0800018310547,247.1300048828125,6446300,0.0,0.0,247.1300048828125
2025-05-16,247.5399932861328,247.61000061035156,244.1199951171875,246.4199981689453,3800100,0.0,0.0,246.4199981689453
2025-05-19,241.39999389648438,246.5,241.2899932861328,246.00999450683594,4196100,0.0,0.0,246.00999450683594
2025-05-20,243.8699951171875,245.61000061035156,242.8800048828125,245.5399932861328,3115200,0.0,0.0,245.5399932861328
2025-05-21,243.3300018310547,248.5800018310547,240.02000427246094,241.47000122070312,6392500,0.0,0.0,241.47000122070312
2025-05-22,241.02999877929688,243.61000061035156,240.32000732421875,240.80999755859375,5185500,0.0,0.0,240.80999755859375
2025-05-23,235.22999572753906,238.86000061035156,234.58999633789062,237.44000244140625,6577200,0.0,0.0,237.44000244140625
2025-05-27,242.49000549316406,245.69000244140625,240.66000366210938,244.97000122070312,8858900,0.0,0.0,244.97000122070312
2025-05-28,245.2899932861328,246.2100067138672,241.91000366210938,242.36000061035156,10739500,0.0,0.0,242.36000061035156
2025-05-29,249.0,249.2100067138672,242.6999969482422,244.0800018310547,9120100,0.0,0.0,244.0800018310547
2025-05-30,243.22999572753906,243.22999572753906,235.3699951171875,239.75,11064700,0.0,0.0,239.75
2025-06-02,239.17999267578125,244.02999877929688,238.9600067138672,243.3000030517578,4719900,0.0,0.0,243.3000030517578
2025-06-03,243.47999572753906,249.1699981689453,242.35000610351562,248.7899932861328,7518700,0.0,0.0,248.7899932861328
2025-06-04,250.57000732421875,252.61000061035156,248.36000061035156,251.75,7258700,0.0,0.0,251.75
2025-06-05,253.74000549316406,256.05999755859375,249.75999450683594,251.3000030517578,8054100,0.0,0.0,251.3000030517578
2025-06-06,253.5399932861328,255.58999633789062,252.63999938964844,252.72999572753906,5589700,0.0,0.0,252.72999572753906
2025-06-09,255.0,259.8699951171875,255.0,256.9599914550781,10841400,0.0,0.0,256.9599914550781
2025-06-10,258.3599853515625,262.67999267578125,257.4599914550781,262.07000732421875,9763000,0.0,0.0,262.07000732421875
2025-06-11,263.6000061035156,264.9100036621094,259.69000244140625,261.8800048828125,12286000,0.0,0.0,261.8800048828125
2025-06-12,260.05999755859375,264.0,260.05999755859375,263.1499938964844,6781900,0.0,0.0,263.1499938964844
2025-06-13,257.54998779296875,260.6000061035156,256.04998779296875,256.989990234375,11950200,0.0,0.0,256.989990234375
2025-06-16,259.9599914550781,265.04998779296875,259.7799987792969,263.3800048828125,7497700,0.0,0.0,263.3800048828125
2025-06-17,262.44000244140625,265.5299987792969,261.3599853515625,261.5899963378906,7284700,0.0,0.0,261.5899963378906
2025-06-18,262.7799987792969,264.9100036621094,260.989990234375,262.5899963378906,7367400,0.0,0.0,262.5899963378906
2025-06-20,264.8500061035156,265.0199890136719,257.2200012207031,260.2699890136719,11439900,0.0,0.0,260.2699890136719
2025-06-23,259.8500061035156,262.6600036621094,257.1199951171875,261.9200134277344,10420100,0.0,0.0,261.9200134277344
2025-06-24,265.92999267578125,271.6199951171875,265.739990234375,271.5400085449219,9035500,0.0,0.0,271.5400085449219
2025-06-25,273.2200012207031,275.2699890136719,272.45001220703125,275.20001220703125,8480000,0.0,0.0,275.20001220703125
2025-06-26,277.0799865722656,277.95001220703125,274.95001220703125,277.20001220703125,6789000,0.0,0.0,277.20001220703125
2025-06-27,278.17999267578125,280.5,275.6400146484375,278.4200134277344,8170900,0.0,0.0,278.4200134277344
2025-06-30,279.70001220703125,279.9599914550781,277.1000061035156,278.8800048828125,6375800,0.0,0.0,278.8800048828125
2025-07-01,276.79998779296875,278.05999755859375,272.1600036621094,275.8399963378906,8931300,0.0,0.0,275.8399963378906
2025-07-02,274.82000732421875,281.9200134277344,274.6600036621094,281.25,8713800,0.0,0.0,281.25
2025-07-03,282.82000732421875,285.19000244140625,282.30999755859375,283.6199951171875,4443000,0.0,0.0,283.6199951171875
2025-07-07,281.760009765625,282.6400146484375,278.54998779296875,279.760009765625,8616400,0.0,0.0,279.760009765625
2025-07-08,281.6099853515625,284.7300109863281,280.70001220703125,283.4800109863281,8186500,0.0,0.0,283.4800109863281
2025-07-09,284.7300109863281,287.8399963378906,283.57000732421875,285.4200134277344,6810700,0.0,0.0,285.4200134277344
2025-07-10,287.8900146484375,288.19000244140625,284.55999755859375,287.5199890136719,5635200,0.0,0.0,287.5199890136719
2025-07-11,286.4700012207031,288.94000244140625,285.54998779296875,287.489990234375,5677000,0.0,0.0,287.489990234375
2025-07-14,286.29998779296875,286.5199890136719,281.739990234375,285.32000732421875,7455800,0.0,0.0,285.32000732421875
2025-07-15,291.6700134277344,293.20001220703125,290.0799865722656,290.79998779296875,9892500,0.0,0.0,290.79998779296875
2025-07-16,288.5,289.57000732421875,283.1300048828125,289.2799987792969,10065900,0.0,0.0,289.2799987792969
2025-07-17,290.04998779296875,292.55999755859375,287.9800109863281,291.7099914550781,6998300,0.0,0.0,291.7099914550781
2025-07-18,292.9100036621094,293.3299865722656,289.3299865722656,290.30999755859375,5522100,0.0,0.0,290.30999755859375
2025-07-21,290.6700134277344,293.5299987792969,290.3999938964844,290.510009765625,5910900,0.0,0.0,290.510009765625
2025-07-22,289.739990234375,289.8399963378906,282.1199951171875,285.3699951171875,11537500,0.0,0.0,285.3699951171875
2025-07-23,285.29998779296875,286.6700134277344,282.989990234375,286.6099853515625,8194600,0.0,0.0,286.6099853515625
2025-07-24,287.19000244140625,288.2699890136719,284.9200134277344,287.79998779296875,5902600,0.0,0.0,287.79998779296875
2025-07-25,286.2300109863281,288.0400085449219,285.05999755859375,287.489990234375,4014900,0.0,0.0,287.489990234375
2025-07-28,289.7799987792969,291.57000732421875,289.2900085449219,291.4100036621094,5671900,0.0,0.0,291.4100036621094
2025-07-29,293.55999755859375,296.7300109863281,291.4800109863281,292.8999938964844,6968700,0.0,0.0,292.8999938964844
2025-07-30,294.760009765625,297.3800048828125,293.5899963378906,296.260009765625,7930300,0.0,0.0,296.260009765625
2025-07-31,294.70001220703125,294.9200134277344,286.04998779296875,288.7799987792969,9928100,0.0,0.0,288.7799987792969
2025-08-01,282.9100036621094,286.94000244140625,279.19000244140625,283.95001220703125,14032200,0.0,0.0,283.95001220703125
2025-08-04,286.2900085449219,290.30999755859375,285.2099914550781,290.19000244140625,5323200,0.0,0.0,290.19000244140625
2025-08-05,290.739990234375,291.3299865722656,284.2099914550781,287.1000061035156,6918300,0.0,0.0,287.1000061035156
2025-08-06,284.8299865722656,287.2300109863281,282.7699890136719,286.6199951171875,6124300,0.0,0.0,286.6199951171875
2025-08-07,292.8299865722656,294.7099914550781,288.6199951171875,291.1199951171875,8069400,0.0,0.0,291.1199951171875
2025-08-08,291.92999267578125,293.9200134277344,290.6499938964844,293.5299987792969,5121600,0.0,0.0,293.5299987792969
2025-08-11,294.510009765625,297.0899963378906,292.7300109863281,293.3999938964844,5799700,0.0,0.0,293.3999938964844
2025-08-12,295.2900085449219,300.239990234375,293.1499938964844,300.1000061035156,7592800,0.0,0.0,300.1000061035156
2025-08-13,301.8399963378906,302.9800109863281,298.57000732421875,301.2799987792969,8959700,0.0,0.0,301.2799987792969
2025-08-14,298.0,302.79998779296875,297.2799987792969,301.9200134277344,5827000,0.0,0.0,301.9200134277344
2025-08-15,299.3599853515625,299.3599853515625,293.94000244140625,295.6499938964844,9026300,0.0,0.0,295.6499938964844
2025-08-18,294.9200134277344,297.19000244140625,294.7799987792969,296.8599853515625,5577500,0.0,0.0,296.8599853515625
2025-08-19,296.8599853515625,297.1199951171875,290.6300048828125,290.8699951171875,8191900,0.0,0.0,290.8699951171875
2025-08-20,290.0,290.0,281.1499938964844,288.9599914550781,10091000,0.0,0.0,288.9599914550781
2025-08-21,287.7799987792969,289.8699951171875,285.8800048828125,287.4599914550781,6067700,0.0,0.0,287.4599914550781
2025-08-22,287.6300048828125,296.3599853515625,286.5400085449219,293.6400146484375,5810400,0.0,0.0,293.6400146484375
2025-08-25,293.75,295.7900085449219,292.1199951171875,293.9200134277344,4965000,0.0,0.0,293.9200134277344
2025-08-26,294.82000732421875,297.239990234375,294.6700134277344,296.75,4967100,0.0,0.0,296.75
2025-08-27,295.8500061035156,298.1000061035156,294.3800048828125,297.6600036621094,5646200,0.0,0.0,297.6600036621094
2025-08-28,298.1000061035156,300.7799987792969,295.9800109863281,298.8800048828125,7194000,0.0,0.0,298.8800048828125
2025-08-29,295.55999755859375,295.55999755859375,289.1000061035156,290.2900085449219,13420900,0.0,0.0,290.2900085449219
2025-09-02,283.0899963378906,286.6700134277344,281.739990234375,286.4800109863281,11543700,0.0,0.0,286.4800109863281
2025-09-03,287.3599853515625,287.92999267578125,283.7799987792969,286.42999267578125,7249600,0.0,0.0,286.42999267578125
2025-09-04,285.239990234375,290.2099914550781,284.29998779296875,289.8599853515625,8079300,0.0,0.0,289.8599853515625
2025-09-05,295.07000732421875,295.1499938964844,289.25,293.2799987792969,9809600,0.0,0.0,293.2799987792969
2025-09-08,295.1400146484375,297.82000732421875,294.79998779296875,296.5199890136719,7223200,0.0,0.0,296.5199890136719
2025-09-09,297.2200012207031,297.989990234375,295.1099853515625,297.80999755859375,6797000,0.0,0.0,297.80999755859375
2025-09-10,300.5899963378906,302.3800048828125,298.7699890136719,300.8299865722656,10221400,0.0,0.0,300.8299865722656
2025-09-11,303.5400085449219,305.55999755859375,303.1700134277344,303.92999267578125,7312400,0.0,0.0,303.92999267578125
2025-09-12,305.05999755859375,305.5899963378906,303.1000061035156,304.32000732421875,5231900,0.0,0.0,304.32000732421875
2025-09-15,303.82000732421875,307.2300109863281,303.010009765625,307.1700134277344,5390200,0.0,0.0,307.1700134277344
2025-09-16,308.42999267578125,308.6700134277344,305.57000732421875,307.2099914550781,4227600,0.0,0.0,307.2099914550781
2025-09-17,306.5,307.1499938964844,301.3699951171875,305.25,9647700,0.0,0.0,305.25
2025-09-18,313.54998779296875,318.6199951171875,312.6000061035156,316.9700012207031,16335600,0.0,0.0,316.9700012207031
2025-09-19,316.3999938964844,316.510009765625,313.42999267578125,315.7099914550781,8381600,0.0,0.0,315.7099914550781
2025-09-22,316.2699890136719,323.1400146484375,316.0,322.1700134277344,11618100,0.0,0.0,322.1700134277344
2025-09-23,323.1600036621094,325.3599853515625,320.0199890136719,321.70001220703125,9159000,0.0,0.0,321.70001220703125
2025-09-24,321.3999938964844,321.9599914550781,317.4700012207031,321.1099853515625,8632200,0.0,0.0,321.1099853515625
2025-09-25,316.2900085449219,322.0299987792969,313.6000061035156,321.05999755859375,9592900,0.0,0.0,321.05999755859375
2025-09-26,321.6400146484375,322.4200134277344,318.1400146484375,321.82000732421875,6886100,0.0,0.0,321.82000732421875
2025-09-29,324.6499938964844,326.8299865722656,322.4700012207031,322.6600036621094,5833600,0.0,0.0,322.6600036621094
2025-09-30,322.75,326.7200012207031,322.42999267578125,326.3599853515625,7459900,0.0,0.0,326.3599853515625
2025-10-01,324.2799987792969,334.1099853515625,324.1099853515625,333.69000244140625,9911800,0.0,0.0,333.69000244140625
2025-10-02,339.6600036621094,340.0,336.55999755859375,338.239990234375,8092600,0.0,0.0,338.239990234375
2025-10-03,339.4100036621094,340.7799987792969,335.17999267578125,336.67999267578125,7770000,0.0,0.0,336.67999267578125
2025-10-06,345.4599914550781,348.5299987792969,343.3800048828125,343.3800048828125,10263200,0.0,0.0,343.3800048828125
2025-10-07,346.2900085449219,346.6700134277344,336.55999755859375,337.04998779296875,9365700,0.0,0.0,337.04998779296875
2025-10-08,336.7300109863281,346.4599914550781,336.4200134277344,346.07000732421875,7841500,0.0,0.0,346.07000732421875
2025-10-09,346.0400085449219,347.1000061035156,342.3999938964844,345.2099914550781,5565500,0.0,0.0,345.2099914550781
2025-10-10,345.9700012207031,346.489990234375,324.8299865722656,325.3399963378906,18804500,0.0,0.0,325.3399963378906
2025-10-13,337.4800109863281,341.0899963378906,335.0,339.75,11760200,0.0,0.0,339.75
2025-10-14,333.05999755859375,339.05999755859375,330.25,333.5,7296700,0.0,0.0,333.5
2025-10-15,342.1000061035156,343.0799865722656,335.510009765625,341.7799987792969,8283800,0.0,0.0,341.7799987792969
2025-10-16,346.1700134277344,347.0899963378906,339.80999755859375,343.29998779296875,9047500,0.0,0.0,343.29998779296875
2025-10-17,341.2200012207031,344.92999267578125,338.1400146484375,342.8299865722656,8396300,0.0,0.0,342.8299865722656
2025-10-20,346.0,350.04998779296875,345.6600036621094,347.2200012207031,6436900,0.0,0.0,347.2200012207031
2025-10-21,347.05999755859375,347.1000061035156,343.1600036621094,345.29998779296875,4391800,0.0,0.0,345.29998779296875
2025-10-22,342.8599853515625,344.8599853515625,332.3999938964844,338.6000061035156,8014200,0.0,0.0,338.6000061035156
2025-10-23,337.04998779296875,345.9100036621094,336.7300109863281,344.79998779296875,6422600,0.0,0.0,344.79998779296875
2025-10-24,350.5799865722656,352.94000244140625,349.82000732421875,351.1400146484375,5649300,0.0,0.0,351.1400146484375
2025-10-27,357.6700134277344,360.6000061035156,356.2099914550781,359.94000244140625,6663400,0.0,0.0,359.94000244140625
2025-10-28,359.6099853515625,364.6700134277344,358.4599914550781,363.1099853515625,5086000,0.0,0.0,363.1099853515625
2025-10-29,369.0799865722656,372.7799987792969,365.82000732421875,368.6099853515625,8102600,0.0,0.0,368.6099853515625
2025-10-30,367.42999267578125,369.8599853515625,363.54998779296875,363.7300109863281,6932700,0.0,0.0,363.7300109863281
2025-10-31,366.8800048828125,368.42999267578125,360.5,363.0199890136719,4917900,0.0,0.0,363.0199890136719
2025-11-03,367.69000244140625,369.4700012207031,364.69000244140625,366.1000061035156,4470500,0.0,0.0,366.1000061035156
2025-11-04,357.9800109863281,361.7900085449219,351.79998779296875,352.760009765625,8269000,0.0,0.0,352.760009765625
2025-11-05,353.1000061035156,364.2799987792969,352.7200012207031,359.5,8605400,0.0,0.0,359.5
2025-11-06,359.5899963378906,360.1499938964844,348.7099914550781,351.0899963378906,9600500,0.0,0.0,351.0899963378906
2025-11-07,346.5400085449219,348.17999267578125,336.67999267578125,348.1199951171875,14723200,0.0,0.0,348.1199951171875
2025-11-10,357.54998779296875,360.0,353.95001220703125,358.7900085449219,9180700,0.0,0.0,358.7900085449219
2025-11-11,355.25,356.0400085449219,349.739990234375,351.04998779296875,7661200,0.0,0.0,351.04998779296875
2025-11-12,356.20001220703125,357.4800109863281,352.94000244140625,355.5299987792969,5870700,0.0,0.0,355.5299987792969
2025-11-13,351.6300048828125,352.8800048828125,341.25,344.82000732421875,10654800,0.0,0.0,344.82000732421875
2025-11-14,335.239990234375,348.9100036621094,333.75,344.9800109863281,12271200,0.0,0.0,344.9800109863281
2025-11-17,341.94000244140625,348.3399963378906,337.04998779296875,340.29998779296875,6921300,0.0,0.0,340.29998779296875
2025-11-18,335.75,337.7900085449219,329.1199951171875,333.2900085449219,12933100,0.0,0.0,333.2900085449219
2025-11-19,334.80999755859375,343.05999755859375,333.4599914550781,339.44000244140625,9842300,0.0,0.0,339.44000244140625
2025-11-20,348.8599853515625,349.7799987792969,323.69000244140625,325.1000061035156,14686700,0.0,0.0,325.1000061035156
2025-11-21,325.0,331.6199951171875,315.04998779296875,326.1300048828125,17298700,0.0,0.0,326.1300048828125
2025-11-24,329.0,340.57000732421875,328.8299865722656,339.1199951171875,10650900,0.0,0.0,339.1199951171875
2025-11-25,334.7300109863281,340.7200012207031,327.3500061035156,340.010009765625,12052700,0.0,0.0,340.010009765625
2025-11-26,344.25,350.29998779296875,343.42999267578125,347.7099914550781,5533300,0.0,0.0,347.7099914550781
2025-11-28,349.1700134277344,352.57000732421875,347.7099914550781,352.2799987792969,3352700,0.0,0.0,352.2799987792969
2025-12-01,348.8500061035156,355.010009765625,348.05999755859375,352.9599914550781,3902000,0.0,0.0,352.9599914550781
2025-12-02,355.8500061035156,360.7900085449219,354.1499938964844,359.42999267578125,6657900,0.0,0.0,359.42999267578125
2025-12-03,359.70001220703125,364.5799865722656,356.2300109863281,364.3699951171875,4642700,0.0,0.0,364.3699951171875
2025-12-04,363.260009765625,364.3699951171875,359.6000061035156,361.6000061035156,3971800,0.0,0.0,361.6000061035156
2025-12-05,364.4599914550781,368.5799865722656,363.5400085449219,364.4200134277344,3619200,0.0,0.0,364.4200134277344
2025-12-08,368.1000061035156,370.7200012207031,365.739990234375,368.54998779296875,4334300,0.0,0.0,368.54998779296875
2025-12-09,367.0400085449219,369.55999755859375,365.3500061035156,369.0,3173300,0.0,0.0,369.0
2025-12-10,368.9100036621094,375.5899963378906,366.92999267578125,374.1000061035156,5653300,0.0,0.0,374.1000061035156
2025-12-11,369.7799987792969,371.2200012207031,361.67999267578125,370.8900146484375,7499900,0.0,0.0,370.8900146484375
2025-12-12,366.989990234375,367.55999755859375,352.8800048828125,354.1199951171875,12705900,0.0,0.0,354.1199951171875
2025-12-15,358.1300048828125,359.20001220703125,352.19000244140625,352.8999938964844,5605800,0.0,0.0,352.8999938964844
2025-12-16,351.57000732421875,354.3900146484375,348.30999755859375,351.94000244140625,5849200,0.0,0.0,351.94000244140625
2025-12-17,352.8900146484375,352.8900146484375,338.05999755859375,339.239990234375,10780400,0.0,0.0,339.239990234375
2025-12-18,350.8399963378906,352.0899963378906,345.8299865722656,347.25,8260200,0.0,0.0,347.25
2025-12-19,350.30999755859375,358.5299987792969,350.30999755859375,356.2300109863281,8838700,0.0,0.0,356.2300109863281
2025-12-22,362.4100036621094,362.4800109863281,357.7699890136719,359.70001220703125,4799500,0.0,1.105,359.70001220703125
2025-12-23,358.6000061035156,363.29998779296875,358.05999755859375,363.1600036621094,3542100,0.0,0.0,363.1600036621094
2025-12-24,362.70001220703125,364.5400085449219,362.1499938964844,364.1700134277344,1640500,0.0,0.0,364.1700134277344
2025-12-26,366.07000732421875,367.3500061035156,364.489990234375,365.8599853515625,2921300,0.0,0.0,365.8599853515625
2025-12-29,362.6600036621094,365.82000732421875,360.82000732421875,364.2099914550781,4874400,0.0,0.0,364.2099914550781
2025-12-30,365.1600036621094,366.239990234375,363.07000732421875,363.30999755859375,2927000,0.0,0.0,363.30999755859375
2025-12-31,364.8299865722656,365.57000732421875,360.07000732421875,360.1300048828125,2687300,0.0,0.0,360.1300048828125
2026-01-02,368.95001220703125,376.3399963378906,368.8399963378906,373.29998779296875,8972400,0.0,0.0,373.29998779296875
2026-01-05,381.7200012207031,383.989990234375,376.94000244140625,377.5899963378906,9071300,0.0,0.0,377.5899963378906
2026-01-06,382.3999938964844,389.3699951171875,382.1400146484375,387.6199951171875,10201200,0.0,0.0,387.6199951171875
2026-01-07,385.20001220703125,387.80999755859375,383.5899963378906,385.0199890136719,6058900,0.0,0.0,385.0199890136719
2026-01-08,384.55999755859375,384.739990234375,375.8599853515625,378.9800109863281,5724000,0.0,0.0,378.9800109863281
2026-01-09,382.2799987792969,390.8800048828125,380.0799865722656,389.2200012207031,6490800,0.0,0.0,389.2200012207031
2026-01-12,385.6700134277344,391.9800109863281,385.6700134277344,390.6600036621094,5532000,0.0,0.0,390.6600036621094
2026-01-13,392.2699890136719,396.1000061035156,390.3800048828125,391.5299987792969,5281600,0.0,0.0,391.5299987792969
2026-01-14,388.9599914550781,389.3399963378906,383.80999755859375,388.3500061035156,6696500,0.0,0.0,388.3500061035156
2026-01-15,401.07000732421875,403.6199951171875,396.1199951171875,396.4100036621094,9948100,0.0,0.0,396.4100036621094
2026-01-16,402.8500061035156,405.30999755859375,398.4200134277344,400.3900146484375,5485900,0.0,0.0,400.3900146484375
2026-01-20,393.1600036621094,397.1600036621094,389.42999267578125,390.3900146484375,7158500,0.0,0.0,390.3900146484375
2026-01-21,394.75,405.8800048828125,393.3699951171875,401.92999267578125,8754600,0.0,0.0,401.92999267578125
2026-01-22,408.17999267578125,408.7300109863281,401.57000732421875,402.82000732421875,5462600,0.0,0.0,402.82000732421875
2026-01-23,400.5,403.0899963378906,397.5299987792969,400.0899963378906,5869500,0.0,0.0,400.0899963378906
2026-01-26,398.3999938964844,400.739990234375,396.2200012207031,398.82000732421875,4326900,0.0,0.0,398.82000732421875
2026-01-27,403.8999938964844,409.3900146484375,402.2099914550781,407.25,6145600,0.0,0.0,407.25
2026-01-28,415.3399963378906,418.489990234375,413.1300048828125,416.6300048828125,7641900,0.0,0.0,416.6300048828125
2026-01-29,417.44000244140625,420.6000061035156,403.1700134277344,417.5199890136719,9352500,0.0,0.0,417.5199890136719
2026-01-30,411.2799987792969,416.6400146484375,400.5799865722656,403.4599914550781,9029000,0.0,0.0,403.4599914550781
2026-02-02,398.8599853515625,412.0400085449219,398.42999267578125,407.9700012207031,5946300,0.0,0.0,407.9700012207031
2026-02-03,411.0299987792969,412.5799865722656,390.5199890136719,397.67999267578125,12188600,0.0,0.0,397.67999267578125
2026-02-04,394.6700134277344,396.7099914550781,374.239990234375,382.0199890136719,16908500,0.0,0.0,382.0199890136719
2026-02-05,379.1400146484375,388.0799865722656,375.55999755859375,381.07000732421875,12007800,0.0,0.0,381.07000732421875
2026-02-06,389.20001220703125,403.0799865722656,387.19000244140625,401.6499938964844,13460300,0.0,0.0,401.6499938964844
2026-02-09,398.9100036621094,409.69000244140625,397.0,406.6499938964844,5915200,0.0,0.0,406.6499938964844
2026-02-10,408.17999267578125,408.79998779296875,401.8299865722656,404.760009765625,5645300,0.0,0.0,404.760009765625
2026-02-11,413.8399963378906,418.0799865722656,406.3599853515625,414.7799987792969,6211200,0.0,0.0,414.7799987792969
2026-02-12,418.3299865722656,420.0400085449219,405.2799987792969,406.1099853515625,7379100,0.0,0.0,406.1099853515625
2026-02-13,408.1499938964844,412.07000732421875,402.489990234375,407.7200012207031,6481600,0.0,0.0,407.7200012207031
2026-02-17,402.7099914550781,410.8699951171875,397.7699890136719,407.510009765625,7312700,0.0,0.0,407.510009765625
2026-02-18,411.44000244140625,417.0400085449219,408.7200012207031,412.54998779296875,5839900,0.0,0.0,412.54998779296875
2026-02-19,408.7099914550781,411.0,405.55999755859375,410.20001220703125,4056400,0.0,0.0,410.20001220703125
2026-02-20,407.6600036621094,416.8299865722656,407.17999267578125,415.0299987792969,5715800,0.0,0.0,415.0299987792969
2026-02-23,413.57000732421875,417.70001220703125,409.2799987792969,412.8800048828125,5842800,0.0,0.0,412.8800048828125
2026-02-24,417.2200012207031,421.6700134277344,411.6700134277344,419.1600036621094,7828900,0.0,0.0,419.1600036621094
2026-02-25,424.3500061035156,427.94000244140625,423.67999267578125,426.1600036621094,7714500,0.0,0.0,426.1600036621094
2026-02-26,423.7200012207031,423.7200012207031,405.55999755859375,412.010009765625,14811300,0.0,0.0,412.010009765625
2026-02-27,403.260009765625,409.239990234375,401.8800048828125,406.3699951171875,9049100,0.0,0.0,406.3699951171875
2026-03-02,397.25,407.3599853515625,396.9200134277344,406.3900146484375,11490200,0.0,0.0,406.3900146484375
2026-03-03,391.3599853515625,394.5400085449219,385.92999267578125,391.05999755859375,13768900,0.0,0.0,391.05999755859375
2026-03-04,396.25,401.2300109863281,393.1000061035156,399.1000061035156,8767200,0.0,0.0,399.1000061035156
2026-03-05,396.05999755859375,401.1099853515625,386.75,395.3500061035156,11793700,0.0,0.0,395.3500061035156
2026-03-06,384.9700012207031,392.6700134277344,378.5299987792969,380.55999755859375,12423200,0.0,0.0,380.55999755859375
2026-03-09,375.760009765625,395.3599853515625,374.1600036621094,394.3699951171875,16338100,0.0,0.0,394.3699951171875
2026-03-10,394.0,403.8800048828125,394.0,397.3299865722656,13687700,0.0,0.0,397.3299865722656
2026-03-11,400.010009765625,404.3900146484375,398.69000244140625,401.0299987792969,6024900,0.0,0.0,401.0299987792969
2026-03-12,395.4599914550781,396.05999755859375,386.739990234375,388.1300048828125,9845200,0.0,0.0,388.1300048828125
2026-03-13,392.32000732421875,396.3299865722656,386.07000732421875,387.3299865722656,7636100,0.0,0.0,387.3299865722656
